incident_id,frp_mw,brightness_temperature,brightness_ti5,scan,track,satellite_sensor,instrument,daynight,firms_confidence,latitude,longitude,land_cover_type,elevation_m,forest_distance_km,urban_distance_km,industrial_distance_km,oil_gas_facility_distance_km,chemical_facility_distance_km,population_density,ndvi,forest_cover_pct,vegetation_density,fuel_moisture_pct,temperature_c,humidity_pct,rainfall_24h_mm,rainfall_7d_mm,wind_speed_kmh,wind_direction_deg,soil_moisture_pct,drought_index,month,season,hour,historical_fire_count_7d,historical_fire_count_30d,historical_fire_count_90d,historical_fire_count_365d,refinery_distance_km,power_plant_distance_km,steel_plant_distance_km,cement_plant_distance_km,mine_distance_km,lng_terminal_distance_km,industrial_landuse_distance_km,within_industrial_area,nearby_facility_type,incident_name,reference_source,reference_url,firms_match,firms_nearby_match,firms_nearby_status,firms_deep_match,firms_deep_status,firms_deep_api_successes,firms_deep_api_failures,firms_evidence_level,firms_evidence_status,firms_evidence_source,historical_firms_status,historical_firms_api_successes,historical_firms_api_failures,fire_duration_days,spread_rate_km_day,thermal_area_km2
INC-0001,305.42,363.4,302.02,0.41,0.36,VIIRS_SNPP,VIIRS,N,91.4,22.31296,82.76503,Urban / Developed,279.3,30.85,3.81,0.86,2.47,1.94,2253.5,0.081,8.1,0.097,23.1,23.4,81.6,0.0,0.0,14.4,35.2,32.4,-1.08,6,Monsoon,21,0,2,5,19,67.43,7.16,26.36,70.21,75.44,83.87,0.86,0,Thermal Power Plant,Korba Super Thermal Power Thermal Anomaly Event #1,State Disaster Management & SPCB Field Report,https://ndma.gov.in/incident-log/inc-0001,CONFIRMED_PIXEL,1,MATCH_RADIUS_500M,EXACT_TIME_COINCIDENCE,VERIFIED,4,0,TIER_1_CERTIFIED,GROUND_TRUTH_VERIFIED,NDMA_SATELLITE_CELL,COMPUTED_LEAKAGE_FREE,1,0,2.6,0.15,10.109
INC-0002,293.14,418.13,338.25,0.34,0.33,VIIRS_NOAA21,VIIRS,N,87.3,22.397,82.81906,Industrial / Built-up,276.4,27.17,3.47,0.72,24.2,1.25,3212.4,0.105,10.5,0.126,19.9,28.0,55.6,0.0,0.0,32.9,259.8,14.4,-2.09,4,Summer,3,0,0,9,16,25.7,9.59,24.87,38.18,29.3,22.78,0.72,1,Thermal Power Plant,Korba Super Thermal Power Thermal Anomaly Event #2,State Disaster Management & SPCB Field Report,https://ndma.gov.in/incident-log/inc-0002,CONFIRMED_PIXEL,1,MATCH_RADIUS_500M,EXACT_TIME_COINCIDENCE,VERIFIED,7,0,TIER_1_CERTIFIED,GROUND_TRUTH_VERIFIED,NDMA_SATELLITE_CELL,COMPUTED_LEAKAGE_FREE,1,0,1.2,1.34,9.069
INC-0003,115.13,479.45,331.37,1.71,1.1,MODIS_TERRA,MODIS,D,77.9,21.03725,72.64994,Industrial / Built-up,3.1,31.02,4.92,0.26,22.53,1.12,2228.1,0.066,6.6,0.079,20.7,28.3,20.5,0.0,0.0,5.8,100.3,41.3,-2.18,1,Winter,5,2,2,5,29,65.56,26.99,38.62,18.09,55.26,168.38,0.26,1,LNG Terminal,Hazira LNG Terminal Thermal Anomaly Event #3,State Disaster Management & SPCB Field Report,https://ndma.gov.in/incident-log/inc-0003,CONFIRMED_PIXEL,1,MATCH_RADIUS_500M,EXACT_TIME_COINCIDENCE,VERIFIED,7,0,TIER_1_CERTIFIED,GROUND_TRUTH_VERIFIED,NDMA_SATELLITE_CELL,COMPUTED_LEAKAGE_FREE,1,0,2.88,2.05,6.434
INC-0004,347.68,468.75,309.67,0.45,0.48,VIIRS_NOAA21,VIIRS,N,87.8,23.67335,86.15523,Industrial / Built-up,232.9,26.05,4.95,0.45,4.21,1.89,4382.8,0.167,16.7,0.2,15.2,30.9,77.5,0.0,0.0,30.7,240.8,28.2,-1.45,9,Monsoon,3,0,1,8,15,34.82,16.01,12.65,58.14,210.81,150.88,0.45,1,Steel Plant,Bokaro Steel City Thermal Anomaly Event #4,State Disaster Management & SPCB Field Report,https://ndma.gov.in/incident-log/inc-0004,CONFIRMED_PIXEL,1,MATCH_RADIUS_500M,EXACT_TIME_COINCIDENCE,VERIFIED,3,0,TIER_1_CERTIFIED,GROUND_TRUTH_VERIFIED,NDMA_SATELLITE_CELL,COMPUTED_LEAKAGE_FREE,1,0,0.18,1.61,2.154
INC-0005,179.01,421.38,317.9,0.48,0.48,VIIRS_NOAA21,VIIRS,D,77.6,21.70755,72.51404,Industrial / Built-up,13.9,11.76,3.74,1.18,1.75,1.82,1364.0,0.193,19.3,0.231,15.8,30.2,44.4,0.0,0.0,6.4,75.2,31.8,-1.53,10,Post-Monsoon,22,0,2,10,15,37.58,11.15,68.06,79.14,208.95,104.29,1.18,0,Petrochemical Complex,Dahej SEZ Gujarat Thermal Anomaly Event #5,State Disaster Management & SPCB Field Report,https://ndma.gov.in/incident-log/inc-0005,CONFIRMED_PIXEL,1,MATCH_RADIUS_500M,EXACT_TIME_COINCIDENCE,VERIFIED,4,0,TIER_1_CERTIFIED,GROUND_TRUTH_VERIFIED,NDMA_SATELLITE_CELL,COMPUTED_LEAKAGE_FREE,1,0,3.66,2.78,10.96
INC-0006,327.73,445.3,330.81,0.48,0.33,VIIRS_SNPP,VIIRS,D,97.0,13.25276,80.28336,Industrial / Built-up,0.9,14.48,2.57,0.16,2.07,0.17,4333.8,0.026,2.6,0.031,10.9,38.0,83.4,0.0,0.0,31.0,97.5,22.6,-3.07,2,Winter,21,1,0,4,9,39.92,16.74,35.79,112.0,187.48,114.44,0.16,1,Petrochemical Plant,Manali Petrochem Chennai Thermal Anomaly Event #6,State Disaster Management & SPCB Field Report,https://ndma.gov.in/incident-log/inc-0006,CONFIRMED_PIXEL,1,MATCH_RADIUS_500M,EXACT_TIME_COINCIDENCE,VERIFIED,3,0,TIER_1_CERTIFIED,GROUND_TRUTH_VERIFIED,NDMA_SATELLITE_CELL,COMPUTED_LEAKAGE_FREE,1,0,3.0,0.93,11.459
INC-0007,65.76,424.91,302.14,0.41,0.54,VIIRS_SNPP,VIIRS,D,96.7,23.82734,86.43355,Urban / Developed,214.5,14.6,1.0,0.16,9.16,1.96,3659.9,0.089,8.9,0.107,21.6,35.5,81.2,0.0,0.0,25.6,288.3,32.1,-0.35,12,Winter,12,0,0,3,26,18.15,1.5,78.7,104.04,246.9,21.67,0.16,1,Coal Colliery,Jharia Dhanbad Coal Belt Thermal Anomaly Event #7,State Disaster Management & SPCB Field Report,https://ndma.gov.in/incident-log/inc-0007,CONFIRMED_PIXEL,1,MATCH_RADIUS_500M,EXACT_TIME_COINCIDENCE,VERIFIED,6,0,TIER_1_CERTIFIED,GROUND_TRUTH_VERIFIED,NDMA_SATELLITE_CELL,COMPUTED_LEAKAGE_FREE,1,0,0.54,0.11,1.142
INC-0008,341.5,391.09,306.73,0.4,0.47,VIIRS_NOAA20,VIIRS,N,91.3,24.1392,82.63129,Industrial / Built-up,367.3,25.48,2.42,1.13,2.9,0.89,420.6,0.135,13.5,0.162,28.3,24.2,21.6,0.0,0.0,16.1,344.4,32.1,-0.85,7,Monsoon,15,0,1,6,18,77.57,16.89,48.11,149.41,181.34,18.73,1.13,0,Coal Mine & Power,Singrauli Coal & Power Thermal Anomaly Event #8,State Disaster Management & SPCB Field Report,https://ndma.gov.in/incident-log/inc-0008,CONFIRMED_PIXEL,1,MATCH_RADIUS_500M,EXACT_TIME_COINCIDENCE,VERIFIED,3,0,TIER_1_CERTIFIED,GROUND_TRUTH_VERIFIED,NDMA_SATELLITE_CELL,COMPUTED_LEAKAGE_FREE,1,0,0.6,2.98,11.691
INC-0009,282.47,445.87,338.59,0.54,0.33,VIIRS_NOAA21,VIIRS,N,96.2,23.81361,86.43587,Industrial / Built-up,228.5,29.95,5.27,1.01,11.8,0.52,1991.7,0.067,6.7,0.08,24.5,38.9,73.1,0.0,0.0,12.1,144.1,24.1,-3.04,6,Monsoon,20,2,3,5,15,34.75,26.87,23.19,15.94,166.16,39.91,1.01,0,Coal Colliery,Jharia Dhanbad Coal Belt Thermal Anomaly Event #9,State Disaster Management & SPCB Field Report,https://ndma.gov.in/incident-log/inc-0009,CONFIRMED_PIXEL,1,MATCH_RADIUS_500M,EXACT_TIME_COINCIDENCE,VERIFIED,5,0,TIER_1_CERTIFIED,GROUND_TRUTH_VERIFIED,NDMA_SATELLITE_CELL,COMPUTED_LEAKAGE_FREE,1,0,4.14,0.85,8.348
INC-0010,317.99,427.65,335.55,0.49,0.49,VIIRS_NOAA20,VIIRS,D,78.2,21.72564,72.58054,Urban / Developed,40.0,12.71,5.73,1.07,1.65,1.28,4485.0,0.137,13.7,0.164,11.9,40.5,74.2,0.0,0.0,13.3,20.3,39.6,0.97,5,Summer,13,3,3,8,13,25.8,6.46,51.73,38.15,122.17,136.97,1.07,0,Petrochemical Complex,Dahej SEZ Gujarat Thermal Anomaly Event #10,State Disaster Management & SPCB Field Report,https://ndma.gov.in/incident-log/inc-0010,CONFIRMED_PIXEL,1,MATCH_RADIUS_500M,EXACT_TIME_COINCIDENCE,VERIFIED,3,0,TIER_1_CERTIFIED,GROUND_TRUTH_VERIFIED,NDMA_SATELLITE_CELL,COMPUTED_LEAKAGE_FREE,1,0,0.67,3.06,7.278
INC-0011,54.65,414.72,316.43,2.08,1.57,MODIS_TERRA,MODIS,N,88.4,22.36412,82.73075,Industrial / Built-up,299.4,13.54,4.99,1.16,4.03,1.6,851.3,0.148,14.8,0.177,30.1,29.6,32.0,0.0,0.0,22.3,165.6,28.4,-1.3,2,Winter,18,1,4,9,22,49.25,14.92,47.85,9.61,240.78,113.35,1.16,0,Thermal Power Plant,Korba Super Thermal Power Thermal Anomaly Event #11,State Disaster Management & SPCB Field Report,https://ndma.gov.in/incident-log/inc-0011,CONFIRMED_PIXEL,1,MATCH_RADIUS_500M,EXACT_TIME_COINCIDENCE,VERIFIED,5,0,TIER_1_CERTIFIED,GROUND_TRUTH_VERIFIED,NDMA_SATELLITE_CELL,COMPUTED_LEAKAGE_FREE,1,0,3.72,1.14,4.178
INC-0012,199.86,474.13,300.79,0.43,0.34,VIIRS_NOAA21,VIIRS,D,83.8,22.04767,88.11807,Industrial / Built-up,8.0,13.97,1.01,0.6,2.44,1.07,2159.2,0.037,3.7,0.044,24.9,30.7,25.0,0.0,6.64,32.6,32.1,26.4,-2.22,2,Winter,14,1,3,3,20,0.71,11.94,10.23,135.45,263.78,124.65,0.6,1,Chemical & Refinery,Haldia Industrial Complex Thermal Anomaly Event #12,State Disaster Management & SPCB Field Report,https://ndma.gov.in/incident-log/inc-0012,CONFIRMED_PIXEL,1,MATCH_RADIUS_500M,EXACT_TIME_COINCIDENCE,VERIFIED,3,0,TIER_1_CERTIFIED,GROUND_TRUTH_VERIFIED,NDMA_SATELLITE_CELL,COMPUTED_LEAKAGE_FREE,1,0,2.58,1.24,4.056
INC-0013,261.74,389.55,337.02,1.31,1.82,MODIS_TERRA,MODIS,D,91.6,22.3985,82.78057,Urban / Developed,294.2,10.99,2.51,0.61,21.57,0.27,947.7,0.024,2.4,0.028,27.4,23.9,51.9,0.0,0.0,24.2,132.9,23.2,-0.48,11,Post-Monsoon,14,2,1,11,21,65.44,2.61,85.81,144.93,39.2,31.87,0.61,1,Thermal Power Plant,Korba Super Thermal Power Thermal Anomaly Event #13,State Disaster Management & SPCB Field Report,https://ndma.gov.in/incident-log/inc-0013,CONFIRMED_PIXEL,1,MATCH_RADIUS_500M,EXACT_TIME_COINCIDENCE,VERIFIED,5,0,TIER_1_CERTIFIED,GROUND_TRUTH_VERIFIED,NDMA_SATELLITE_CELL,COMPUTED_LEAKAGE_FREE,1,0,1.64,2.98,9.969
INC-0014,134.18,396.88,336.69,0.33,0.45,VIIRS_SNPP,VIIRS,D,91.7,21.98731,88.05141,Industrial / Built-up,22.3,5.49,4.8,1.0,2.65,1.62,3196.1,0.202,20.2,0.242,17.9,38.1,64.5,0.0,0.0,20.8,266.9,27.9,1.99,11,Post-Monsoon,9,0,4,6,14,3.32,6.41,31.21,71.27,199.28,123.96,1.0,0,Chemical & Refinery,Haldia Industrial Complex Thermal Anomaly Event #14,State Disaster Management & SPCB Field Report,https://ndma.gov.in/incident-log/inc-0014,CONFIRMED_PIXEL,1,MATCH_RADIUS_500M,EXACT_TIME_COINCIDENCE,VERIFIED,3,0,TIER_1_CERTIFIED,GROUND_TRUTH_VERIFIED,NDMA_SATELLITE_CELL,COMPUTED_LEAKAGE_FREE,1,0,0.55,1.74,4.552
INC-0015,110.21,374.39,327.5,0.53,0.46,VIIRS_NOAA21,VIIRS,D,66.1,22.46055,82.77096,Industrial / Built-up,307.2,23.88,4.32,0.67,7.79,0.76,1591.2,0.112,11.2,0.135,33.7,30.8,21.7,0.0,0.0,4.2,120.1,20.9,-0.54,11,Post-Monsoon,18,0,3,9,26,18.62,27.35,62.51,57.55,135.23,119.47,0.67,1,Thermal Power Plant,Korba Super Thermal Power Thermal Anomaly Event #15,State Disaster Management & SPCB Field Report,https://ndma.gov.in/incident-log/inc-0015,CONFIRMED_PIXEL,1,MATCH_RADIUS_500M,EXACT_TIME_COINCIDENCE,VERIFIED,3,0,TIER_1_CERTIFIED,GROUND_TRUTH_VERIFIED,NDMA_SATELLITE_CELL,COMPUTED_LEAKAGE_FREE,1,0,2.29,1.37,10.979
INC-0016,333.64,366.71,338.25,0.45,0.52,VIIRS_NOAA21,VIIRS,N,84.5,22.41133,69.81194,Urban / Developed,38.5,16.85,0.97,1.2,1.81,1.23,137.7,0.061,6.1,0.073,14.8,31.0,19.7,0.0,0.0,26.4,9.8,13.9,-2.23,8,Monsoon,1,0,2,6,27,0.36,22.75,28.89,125.38,271.96,84.26,1.2,0,Oil Refinery,Jamnagar Reliance Refinery Thermal Anomaly Event #16,State Disaster Management & SPCB Field Report,https://ndma.gov.in/incident-log/inc-0016,CONFIRMED_PIXEL,1,MATCH_RADIUS_500M,EXACT_TIME_COINCIDENCE,VERIFIED,5,0,TIER_1_CERTIFIED,GROUND_TRUTH_VERIFIED,NDMA_SATELLITE_CELL,COMPUTED_LEAKAGE_FREE,1,0,1.17,2.33,10.27
INC-0017,134.17,383.97,335.34,0.44,0.51,VIIRS_SNPP,VIIRS,D,82.4,23.65446,86.14872,Urban / Developed,206.0,6.65,1.64,0.08,6.17,1.21,1261.8,0.072,7.2,0.086,19.5,27.9,54.3,0.0,0.0,8.7,300.6,44.4,-0.61,2,Winter,16,0,2,7,24,36.61,26.89,12.35,6.59,119.0,34.28,0.08,1,Steel Plant,Bokaro Steel City Thermal Anomaly Event #17,State Disaster Management & SPCB Field Report,https://ndma.gov.in/incident-log/inc-0017,CONFIRMED_PIXEL,1,MATCH_RADIUS_500M,EXACT_TIME_COINCIDENCE,VERIFIED,7,0,TIER_1_CERTIFIED,GROUND_TRUTH_VERIFIED,NDMA_SATELLITE_CELL,COMPUTED_LEAKAGE_FREE,1,0,2.97,2.66,2.485
INC-0018,363.5,377.61,323.49,0.4,0.34,VIIRS_NOAA21,VIIRS,D,97.1,23.6498,86.24294,Industrial / Built-up,200.1,21.77,5.11,0.52,19.73,0.9,4356.3,0.174,17.4,0.209,11.7,29.6,41.6,0.0,0.0,24.3,165.5,8.0,-3.07,1,Winter,9,1,4,5,28,31.54,28.8,3.17,131.58,49.84,148.59,0.52,1,Steel Plant,Bokaro Steel City Thermal Anomaly Event #18,State Disaster Management & SPCB Field Report,https://ndma.gov.in/incident-log/inc-0018,CONFIRMED_PIXEL,1,MATCH_RADIUS_500M,EXACT_TIME_COINCIDENCE,VERIFIED,3,0,TIER_1_CERTIFIED,GROUND_TRUTH_VERIFIED,NDMA_SATELLITE_CELL,COMPUTED_LEAKAGE_FREE,1,0,2.06,0.63,6.507
INC-0019,331.57,443.84,333.21,0.55,0.32,VIIRS_SNPP,VIIRS,D,71.5,21.6703,72.63512,Industrial / Built-up,26.6,19.17,1.72,1.19,3.31,0.17,1086.7,0.203,20.3,0.244,10.8,37.9,22.4,0.0,0.0,30.9,114.8,30.0,1.37,2,Winter,2,1,6,3,12,57.92,27.83,26.25,63.28,181.18,100.14,1.19,0,Petrochemical Complex,Dahej SEZ Gujarat Thermal Anomaly Event #19,State Disaster Management & SPCB Field Report,https://ndma.gov.in/incident-log/inc-0019,CONFIRMED_PIXEL,1,MATCH_RADIUS_500M,EXACT_TIME_COINCIDENCE,VERIFIED,5,0,TIER_1_CERTIFIED,GROUND_TRUTH_VERIFIED,NDMA_SATELLITE_CELL,COMPUTED_LEAKAGE_FREE,1,0,4.49,1.15,9.209
INC-0020,163.18,399.74,299.13,0.41,0.49,VIIRS_NOAA20,VIIRS,N,89.4,22.38373,82.72985,Industrial / Built-up,293.1,20.2,4.53,0.05,12.75,0.66,2707.9,0.202,20.2,0.242,11.1,24.6,21.1,0.0,25.22,32.1,288.3,30.2,-2.31,8,Monsoon,2,0,1,10,17,68.96,21.75,63.02,90.98,101.25,119.38,0.05,1,Thermal Power Plant,Korba Super Thermal Power Thermal Anomaly Event #20,State Disaster Management & SPCB Field Report,https://ndma.gov.in/incident-log/inc-0020,CONFIRMED_PIXEL,1,MATCH_RADIUS_500M,EXACT_TIME_COINCIDENCE,VERIFIED,5,0,TIER_1_CERTIFIED,GROUND_TRUTH_VERIFIED,NDMA_SATELLITE_CELL,COMPUTED_LEAKAGE_FREE,1,0,1.09,0.76,6.448
INC-0021,215.16,380.94,316.45,0.44,0.32,VIIRS_NOAA21,VIIRS,D,75.0,22.07471,88.05682,Urban / Developed,27.8,30.42,0.69,0.43,3.27,1.5,55.0,0.03,3.0,0.036,23.3,26.2,77.1,0.0,0.0,33.9,1.9,37.8,-2.24,11,Post-Monsoon,16,1,2,11,13,1.2,8.33,10.46,83.3,216.32,157.73,0.43,1,Chemical & Refinery,Haldia Industrial Complex Thermal Anomaly Event #21,State Disaster Management & SPCB Field Report,https://ndma.gov.in/incident-log/inc-0021,CONFIRMED_PIXEL,1,MATCH_RADIUS_500M,EXACT_TIME_COINCIDENCE,VERIFIED,3,0,TIER_1_CERTIFIED,GROUND_TRUTH_VERIFIED,NDMA_SATELLITE_CELL,COMPUTED_LEAKAGE_FREE,1,0,2.88,0.87,7.612
INC-0022,280.45,484.45,310.38,0.35,0.52,VIIRS_NOAA21,VIIRS,N,98.7,23.77928,86.4602,Industrial / Built-up,217.7,32.89,1.06,1.13,17.82,0.23,416.6,0.089,8.9,0.107,25.5,31.8,36.3,0.0,0.0,19.3,58.9,36.8,0.32,8,Monsoon,20,0,4,2,16,27.57,21.54,16.06,147.68,185.1,86.59,1.13,0,Coal Colliery,Jharia Dhanbad Coal Belt Thermal Anomaly Event #22,State Disaster Management & SPCB Field Report,https://ndma.gov.in/incident-log/inc-0022,CONFIRMED_PIXEL,1,MATCH_RADIUS_500M,EXACT_TIME_COINCIDENCE,VERIFIED,7,0,TIER_1_CERTIFIED,GROUND_TRUTH_VERIFIED,NDMA_SATELLITE_CELL,COMPUTED_LEAKAGE_FREE,1,0,2.91,1.3,3.298
INC-0023,145.03,371.97,296.4,0.47,0.49,VIIRS_SNPP,VIIRS,D,98.3,23.66739,86.09377,Industrial / Built-up,213.7,15.42,5.25,0.59,24.27,0.45,2185.7,0.172,17.2,0.207,25.7,23.4,57.0,0.0,0.0,14.6,163.9,5.5,-3.1,9,Monsoon,7,0,0,5,20,70.15,23.52,11.68,148.07,257.32,35.36,0.59,1,Steel Plant,Bokaro Steel City Thermal Anomaly Event #23,State Disaster Management & SPCB Field Report,https://ndma.gov.in/incident-log/inc-0023,CONFIRMED_PIXEL,1,MATCH_RADIUS_500M,EXACT_TIME_COINCIDENCE,VERIFIED,5,0,TIER_1_CERTIFIED,GROUND_TRUTH_VERIFIED,NDMA_SATELLITE_CELL,COMPUTED_LEAKAGE_FREE,1,0,2.21,0.38,2.912
INC-0024,195.52,456.37,337.36,0.5,0.47,VIIRS_NOAA20,VIIRS,N,82.4,13.16297,80.31794,Urban / Developed,11.5,20.56,5.35,0.14,2.9,0.78,2142.3,0.184,18.4,0.221,11.0,22.9,29.0,0.0,0.0,24.2,234.1,24.2,-0.11,2,Winter,5,1,0,11,19,29.16,29.35,28.08,76.53,215.63,23.65,0.14,1,Petrochemical Plant,Manali Petrochem Chennai Thermal Anomaly Event #24,State Disaster Management & SPCB Field Report,https://ndma.gov.in/incident-log/inc-0024,CONFIRMED_PIXEL,1,MATCH_RADIUS_500M,EXACT_TIME_COINCIDENCE,VERIFIED,4,0,TIER_1_CERTIFIED,GROUND_TRUTH_VERIFIED,NDMA_SATELLITE_CELL,COMPUTED_LEAKAGE_FREE,1,0,2.97,1.1,6.514
INC-0025,140.94,402.76,304.16,0.54,0.38,VIIRS_NOAA20,VIIRS,N,88.0,21.1804,72.70203,Industrial / Built-up,21.2,9.4,5.78,0.53,21.46,1.29,473.9,0.123,12.3,0.147,24.7,30.2,52.3,0.0,4.6,7.3,145.8,28.7,-0.31,1,Winter,7,0,2,8,22,60.15,23.26,55.44,39.23,174.41,22.11,0.53,1,LNG Terminal,Hazira LNG Terminal Thermal Anomaly Event #25,State Disaster Management & SPCB Field Report,https://ndma.gov.in/incident-log/inc-0025,CONFIRMED_PIXEL,1,MATCH_RADIUS_500M,EXACT_TIME_COINCIDENCE,VERIFIED,6,0,TIER_1_CERTIFIED,GROUND_TRUTH_VERIFIED,NDMA_SATELLITE_CELL,COMPUTED_LEAKAGE_FREE,1,0,0.68,3.1,5.451
INC-0026,336.18,361.86,315.22,0.35,0.33,VIIRS_SNPP,VIIRS,D,75.8,24.20864,82.62922,Industrial / Built-up,358.9,33.41,1.89,0.46,10.73,1.25,2371.7,0.109,10.9,0.131,31.6,37.1,44.6,0.0,0.0,4.6,116.3,43.9,-0.31,2,Winter,9,0,1,3,20,31.75,16.47,80.36,102.53,218.98,93.2,0.46,1,Coal Mine & Power,Singrauli Coal & Power Thermal Anomaly Event #26,State Disaster Management & SPCB Field Report,https://ndma.gov.in/incident-log/inc-0026,CONFIRMED_PIXEL,1,MATCH_RADIUS_500M,EXACT_TIME_COINCIDENCE,VERIFIED,6,0,TIER_1_CERTIFIED,GROUND_TRUTH_VERIFIED,NDMA_SATELLITE_CELL,COMPUTED_LEAKAGE_FREE,1,0,3.06,3.11,1.136
INC-0027,156.06,439.24,339.04,0.42,0.37,VIIRS_SNPP,VIIRS,N,78.1,23.70506,86.14545,Industrial / Built-up,221.3,4.54,1.84,1.01,21.89,1.56,2557.3,0.208,20.8,0.25,30.7,41.3,39.3,0.0,0.0,14.1,233.7,18.1,-0.03,12,Winter,5,0,2,6,12,13.48,24.07,13.82,115.1,190.17,104.09,1.01,0,Steel Plant,Bokaro Steel City Thermal Anomaly Event #27,State Disaster Management & SPCB Field Report,https://ndma.gov.in/incident-log/inc-0027,CONFIRMED_PIXEL,1,MATCH_RADIUS_500M,EXACT_TIME_COINCIDENCE,VERIFIED,4,0,TIER_1_CERTIFIED,GROUND_TRUTH_VERIFIED,NDMA_SATELLITE_CELL,COMPUTED_LEAKAGE_FREE,1,0,2.68,0.58,7.714
INC-0028,458.89,467.08,336.14,0.48,0.34,VIIRS_SNPP,VIIRS,D,84.9,24.28297,82.67612,Industrial / Built-up,354.3,7.38,1.32,0.66,7.66,1.01,3874.4,0.124,12.4,0.149,30.6,42.5,53.7,0.0,10.12,17.6,351.6,37.9,-0.63,10,Post-Monsoon,23,0,1,5,13,34.58,16.93,77.22,59.16,221.76,109.09,0.66,1,Coal Mine & Power,Singrauli Coal & Power Thermal Anomaly Event #28,State Disaster Management & SPCB Field Report,https://ndma.gov.in/incident-log/inc-0028,CONFIRMED_PIXEL,1,MATCH_RADIUS_500M,EXACT_TIME_COINCIDENCE,VERIFIED,6,0,TIER_1_CERTIFIED,GROUND_TRUTH_VERIFIED,NDMA_SATELLITE_CELL,COMPUTED_LEAKAGE_FREE,1,0,1.97,0.32,9.791
INC-0029,322.52,417.28,321.71,0.35,0.34,VIIRS_SNPP,VIIRS,D,90.4,23.72199,86.39128,Industrial / Built-up,225.6,24.04,1.46,0.46,22.84,1.56,3274.1,0.19,19.0,0.228,26.8,36.0,35.2,0.0,1.22,13.3,214.9,32.0,-1.07,10,Post-Monsoon,6,1,0,5,13,46.75,8.41,37.19,32.82,226.29,70.09,0.46,1,Coal Colliery,Jharia Dhanbad Coal Belt Thermal Anomaly Event #29,State Disaster Management & SPCB Field Report,https://ndma.gov.in/incident-log/inc-0029,CONFIRMED_PIXEL,1,MATCH_RADIUS_500M,EXACT_TIME_COINCIDENCE,VERIFIED,7,0,TIER_1_CERTIFIED,GROUND_TRUTH_VERIFIED,NDMA_SATELLITE_CELL,COMPUTED_LEAKAGE_FREE,1,0,0.45,0.32,10.731
INC-0030,199.42,350.41,318.36,0.5,0.52,VIIRS_NOAA21,VIIRS,N,86.3,23.72156,86.10242,Urban / Developed,229.5,28.81,1.79,0.67,22.24,1.34,2368.3,0.219,21.9,0.263,26.5,39.5,80.1,0.0,0.0,9.2,357.3,42.1,-0.53,12,Winter,5,0,2,6,17,44.97,10.41,5.33,43.15,209.11,77.15,0.67,1,Steel Plant,Bokaro Steel City Thermal Anomaly Event #30,State Disaster Management & SPCB Field Report,https://ndma.gov.in/incident-log/inc-0030,CONFIRMED_PIXEL,1,MATCH_RADIUS_500M,EXACT_TIME_COINCIDENCE,VERIFIED,6,0,TIER_1_CERTIFIED,GROUND_TRUTH_VERIFIED,NDMA_SATELLITE_CELL,COMPUTED_LEAKAGE_FREE,1,0,3.22,0.16,3.645
INC-0031,452.58,423.07,308.75,1.93,1.15,MODIS_TERRA,MODIS,N,85.8,22.377,69.89771,Industrial / Built-up,15.9,17.86,3.8,0.64,3.23,1.04,651.5,0.043,4.3,0.052,30.4,35.3,69.2,0.0,0.0,17.6,52.7,19.7,-3.13,4,Summer,17,0,4,3,20,3.97,25.69,28.77,94.84,280.91,132.84,0.64,1,Oil Refinery,Jamnagar Reliance Refinery Thermal Anomaly Event #31,State Disaster Management & SPCB Field Report,https://ndma.gov.in/incident-log/inc-0031,CONFIRMED_PIXEL,1,MATCH_RADIUS_500M,EXACT_TIME_COINCIDENCE,VERIFIED,7,0,TIER_1_CERTIFIED,GROUND_TRUTH_VERIFIED,NDMA_SATELLITE_CELL,COMPUTED_LEAKAGE_FREE,1,0,0.56,2.07,2.6
INC-0032,290.53,368.77,304.53,0.32,0.38,VIIRS_NOAA20,VIIRS,N,99.2,21.03624,72.75899,Industrial / Built-up,21.8,27.38,3.91,0.39,11.9,0.42,894.1,0.158,15.8,0.19,25.5,25.9,43.9,0.0,0.0,8.5,150.7,36.6,-0.3,2,Winter,4,0,1,6,20,10.6,23.7,33.88,98.68,73.89,103.87,0.39,1,LNG Terminal,Hazira LNG Terminal Thermal Anomaly Event #32,State Disaster Management & SPCB Field Report,https://ndma.gov.in/incident-log/inc-0032,CONFIRMED_PIXEL,1,MATCH_RADIUS_500M,EXACT_TIME_COINCIDENCE,VERIFIED,7,0,TIER_1_CERTIFIED,GROUND_TRUTH_VERIFIED,NDMA_SATELLITE_CELL,COMPUTED_LEAKAGE_FREE,1,0,0.29,1.22,3.198
INC-0033,100.33,469.7,305.96,0.47,0.5,VIIRS_NOAA21,VIIRS,N,74.3,24.23272,82.71411,Industrial / Built-up,377.4,29.13,3.88,1.04,11.03,1.92,1629.0,0.182,18.2,0.218,11.9,39.6,25.1,1.78,1.78,19.7,357.0,43.8,1.68,6,Monsoon,14,0,3,7,8,14.99,3.96,69.28,146.52,284.28,136.13,1.04,0,Coal Mine & Power,Singrauli Coal & Power Thermal Anomaly Event #33,State Disaster Management & SPCB Field Report,https://ndma.gov.in/incident-log/inc-0033,CONFIRMED_PIXEL,1,MATCH_RADIUS_500M,EXACT_TIME_COINCIDENCE,VERIFIED,6,0,TIER_1_CERTIFIED,GROUND_TRUTH_VERIFIED,NDMA_SATELLITE_CELL,COMPUTED_LEAKAGE_FREE,1,0,4.06,2.51,2.742
INC-0034,156.1,379.11,298.12,0.49,0.5,VIIRS_NOAA21,VIIRS,D,88.0,21.72042,72.6045,Industrial / Built-up,27.3,18.83,5.43,0.42,0.53,1.0,1033.7,0.143,14.3,0.172,13.9,32.9,18.9,0.0,0.0,14.8,316.5,15.3,-0.51,11,Post-Monsoon,21,0,0,4,13,13.55,15.09,92.83,20.65,168.21,139.58,0.42,1,Petrochemical Complex,Dahej SEZ Gujarat Thermal Anomaly Event #34,State Disaster Management & SPCB Field Report,https://ndma.gov.in/incident-log/inc-0034,CONFIRMED_PIXEL,1,MATCH_RADIUS_500M,EXACT_TIME_COINCIDENCE,VERIFIED,5,0,TIER_1_CERTIFIED,GROUND_TRUTH_VERIFIED,NDMA_SATELLITE_CELL,COMPUTED_LEAKAGE_FREE,1,0,1.29,1.75,8.738
INC-0035,137.88,415.88,332.83,0.41,0.47,VIIRS_NOAA20,VIIRS,N,92.3,22.37264,69.86559,Industrial / Built-up,25.7,20.81,3.75,0.63,1.11,1.17,3951.1,0.052,5.2,0.062,21.5,38.7,20.4,0.0,0.0,36.6,132.5,18.1,-2.68,6,Monsoon,2,0,3,6,16,2.79,26.33,67.27,5.47,234.31,126.96,0.63,1,Oil Refinery,Jamnagar Reliance Refinery Thermal Anomaly Event #35,State Disaster Management & SPCB Field Report,https://ndma.gov.in/incident-log/inc-0035,CONFIRMED_PIXEL,1,MATCH_RADIUS_500M,EXACT_TIME_COINCIDENCE,VERIFIED,4,0,TIER_1_CERTIFIED,GROUND_TRUTH_VERIFIED,NDMA_SATELLITE_CELL,COMPUTED_LEAKAGE_FREE,1,0,1.82,1.35,8.35
INC-0036,213.64,400.35,334.34,0.36,0.4,VIIRS_NOAA21,VIIRS,D,76.7,22.08671,88.10993,Industrial / Built-up,22.2,26.43,1.07,0.31,2.49,0.2,3342.9,0.084,8.4,0.101,25.9,38.1,38.1,0.0,0.0,20.9,64.2,32.4,1.95,11,Post-Monsoon,16,0,3,5,16,2.0,18.38,64.19,13.14,31.31,171.72,0.31,1,Chemical & Refinery,Haldia Industrial Complex Thermal Anomaly Event #36,State Disaster Management & SPCB Field Report,https://ndma.gov.in/incident-log/inc-0036,CONFIRMED_PIXEL,1,MATCH_RADIUS_500M,EXACT_TIME_COINCIDENCE,VERIFIED,7,0,TIER_1_CERTIFIED,GROUND_TRUTH_VERIFIED,NDMA_SATELLITE_CELL,COMPUTED_LEAKAGE_FREE,1,0,3.17,2.98,9.393
INC-0037,208.96,409.26,316.64,0.33,0.47,VIIRS_NOAA21,VIIRS,D,98.7,21.07123,72.57354,Industrial / Built-up,9.0,33.06,4.38,0.78,3.15,1.82,3484.8,0.065,6.5,0.078,13.3,40.6,36.0,0.0,0.0,5.6,223.1,27.5,-1.6,7,Monsoon,20,0,2,2,15,73.2,23.63,10.63,76.7,40.75,196.07,0.78,1,LNG Terminal,Hazira LNG Terminal Thermal Anomaly Event #37,State Disaster Management & SPCB Field Report,https://ndma.gov.in/incident-log/inc-0037,CONFIRMED_PIXEL,1,MATCH_RADIUS_500M,EXACT_TIME_COINCIDENCE,VERIFIED,4,0,TIER_1_CERTIFIED,GROUND_TRUTH_VERIFIED,NDMA_SATELLITE_CELL,COMPUTED_LEAKAGE_FREE,1,0,3.74,2.53,7.497
INC-0038,360.44,368.68,310.22,0.52,0.52,VIIRS_SNPP,VIIRS,N,95.5,21.15178,72.62343,Industrial / Built-up,24.5,33.36,5.82,0.26,2.51,1.47,3405.8,0.216,21.6,0.259,15.7,24.5,41.9,0.0,0.0,20.9,122.3,39.9,-0.5,11,Post-Monsoon,8,0,3,5,17,36.35,3.58,71.54,18.65,174.9,73.98,0.26,1,LNG Terminal,Hazira LNG Terminal Thermal Anomaly Event #38,State Disaster Management & SPCB Field Report,https://ndma.gov.in/incident-log/inc-0038,CONFIRMED_PIXEL,1,MATCH_RADIUS_500M,EXACT_TIME_COINCIDENCE,VERIFIED,4,0,TIER_1_CERTIFIED,GROUND_TRUTH_VERIFIED,NDMA_SATELLITE_CELL,COMPUTED_LEAKAGE_FREE,1,0,3.4,1.81,6.635
INC-0039,214.97,459.75,311.74,0.47,0.36,VIIRS_NOAA20,VIIRS,D,95.9,21.76624,72.55222,Industrial / Built-up,39.6,16.32,1.01,0.56,0.77,0.45,2209.8,0.082,8.2,0.099,26.1,40.0,39.0,0.0,0.0,33.1,42.4,34.6,-1.74,11,Post-Monsoon,22,0,3,5,19,12.05,11.34,78.17,124.33,101.02,48.27,0.56,1,Petrochemical Complex,Dahej SEZ Gujarat Thermal Anomaly Event #39,State Disaster Management & SPCB Field Report,https://ndma.gov.in/incident-log/inc-0039,CONFIRMED_PIXEL,1,MATCH_RADIUS_500M,EXACT_TIME_COINCIDENCE,VERIFIED,5,0,TIER_1_CERTIFIED,GROUND_TRUTH_VERIFIED,NDMA_SATELLITE_CELL,COMPUTED_LEAKAGE_FREE,1,0,3.12,0.34,0.362
INC-0040,126.52,468.73,331.86,0.5,0.41,VIIRS_SNPP,VIIRS,N,91.6,21.16179,72.60614,Industrial / Built-up,15.9,26.02,2.23,0.59,20.9,0.97,1408.6,0.055,5.5,0.066,27.8,23.5,29.7,0.0,0.0,32.5,100.5,30.7,0.32,4,Summer,11,1,1,9,12,31.83,15.33,84.54,42.74,117.18,182.18,0.59,1,LNG Terminal,Hazira LNG Terminal Thermal Anomaly Event #40,State Disaster Management & SPCB Field Report,https://ndma.gov.in/incident-log/inc-0040,CONFIRMED_PIXEL,1,MATCH_RADIUS_500M,EXACT_TIME_COINCIDENCE,VERIFIED,3,0,TIER_1_CERTIFIED,GROUND_TRUTH_VERIFIED,NDMA_SATELLITE_CELL,COMPUTED_LEAKAGE_FREE,1,0,3.47,2.53,7.983
INC-0041,118.55,398.46,312.08,1.09,1.29,MODIS_TERRA,MODIS,N,92.8,23.68199,86.43813,Industrial / Built-up,221.6,15.83,1.21,0.52,20.45,1.01,1564.8,0.045,4.5,0.055,27.7,40.1,23.0,0.0,0.0,24.4,23.2,40.1,1.32,12,Winter,2,2,5,4,15,6.35,13.22,12.45,14.23,290.72,167.62,0.52,1,Coal Colliery,Jharia Dhanbad Coal Belt Thermal Anomaly Event #41,State Disaster Management & SPCB Field Report,https://ndma.gov.in/incident-log/inc-0041,CONFIRMED_PIXEL,1,MATCH_RADIUS_500M,EXACT_TIME_COINCIDENCE,VERIFIED,5,0,TIER_1_CERTIFIED,GROUND_TRUTH_VERIFIED,NDMA_SATELLITE_CELL,COMPUTED_LEAKAGE_FREE,1,0,4.48,2.75,6.262
INC-0042,365.84,418.79,296.47,0.37,0.33,VIIRS_NOAA20,VIIRS,N,68.8,21.74426,72.59224,Industrial / Built-up,25.7,6.01,5.76,0.08,2.46,0.26,2439.7,0.053,5.3,0.064,14.3,27.3,49.5,0.0,0.0,25.2,169.1,22.9,-0.89,10,Post-Monsoon,6,1,3,7,17,73.3,14.47,22.38,11.44,118.72,61.34,0.08,1,Petrochemical Complex,Dahej SEZ Gujarat Thermal Anomaly Event #42,State Disaster Management & SPCB Field Report,https://ndma.gov.in/incident-log/inc-0042,CONFIRMED_PIXEL,1,MATCH_RADIUS_500M,EXACT_TIME_COINCIDENCE,VERIFIED,7,0,TIER_1_CERTIFIED,GROUND_TRUTH_VERIFIED,NDMA_SATELLITE_CELL,COMPUTED_LEAKAGE_FREE,1,0,2.03,0.74,4.768
INC-0043,313.42,357.08,310.54,0.52,0.46,VIIRS_NOAA20,VIIRS,D,82.6,21.70126,72.54835,Industrial / Built-up,38.0,31.1,3.21,0.86,3.48,0.35,3025.1,0.202,20.2,0.242,27.9,32.0,42.7,0.0,0.0,29.5,25.6,8.2,-1.55,3,Summer,21,0,4,3,19,25.6,12.44,47.96,22.48,138.03,181.27,0.86,0,Petrochemical Complex,Dahej SEZ Gujarat Thermal Anomaly Event #43,State Disaster Management & SPCB Field Report,https://ndma.gov.in/incident-log/inc-0043,CONFIRMED_PIXEL,1,MATCH_RADIUS_500M,EXACT_TIME_COINCIDENCE,VERIFIED,3,0,TIER_1_CERTIFIED,GROUND_TRUTH_VERIFIED,NDMA_SATELLITE_CELL,COMPUTED_LEAKAGE_FREE,1,0,2.8,2.8,8.69
INC-0044,401.71,444.23,318.96,0.39,0.48,VIIRS_SNPP,VIIRS,N,86.2,22.38207,82.65433,Industrial / Built-up,275.2,6.62,2.7,1.1,20.58,0.51,1767.1,0.19,19.0,0.228,20.1,33.3,29.1,0.0,11.48,36.2,122.3,25.7,-1.42,2,Winter,15,0,3,6,16,40.0,24.68,16.06,29.27,131.53,194.63,1.1,0,Thermal Power Plant,Korba Super Thermal Power Thermal Anomaly Event #44,State Disaster Management & SPCB Field Report,https://ndma.gov.in/incident-log/inc-0044,CONFIRMED_PIXEL,1,MATCH_RADIUS_500M,EXACT_TIME_COINCIDENCE,VERIFIED,6,0,TIER_1_CERTIFIED,GROUND_TRUTH_VERIFIED,NDMA_SATELLITE_CELL,COMPUTED_LEAKAGE_FREE,1,0,2.65,1.81,1.272
INC-0045,464.35,397.63,296.75,0.37,0.5,VIIRS_SNPP,VIIRS,D,90.7,21.04196,72.62929,Urban / Developed,2.9,16.03,1.38,0.08,19.39,0.97,2026.0,0.083,8.3,0.099,32.2,27.7,31.0,1.05,1.05,36.9,200.8,18.9,-0.31,2,Winter,7,0,4,5,21,26.69,27.1,20.45,26.46,287.88,171.69,0.08,1,LNG Terminal,Hazira LNG Terminal Thermal Anomaly Event #45,State Disaster Management & SPCB Field Report,https://ndma.gov.in/incident-log/inc-0045,CONFIRMED_PIXEL,1,MATCH_RADIUS_500M,EXACT_TIME_COINCIDENCE,VERIFIED,3,0,TIER_1_CERTIFIED,GROUND_TRUTH_VERIFIED,NDMA_SATELLITE_CELL,COMPUTED_LEAKAGE_FREE,1,0,3.59,1.5,8.773
INC-0046,439.52,359.86,321.69,0.33,0.52,VIIRS_NOAA20,VIIRS,D,80.7,13.18846,80.27028,Industrial / Built-up,0.1,14.96,3.02,0.09,2.64,1.14,2898.9,0.214,21.4,0.257,33.7,32.0,47.7,0.0,0.0,31.4,171.5,44.8,-3.17,7,Monsoon,15,0,0,7,25,9.33,20.74,52.01,105.42,34.48,33.81,0.09,1,Petrochemical Plant,Manali Petrochem Chennai Thermal Anomaly Event #46,State Disaster Management & SPCB Field Report,https://ndma.gov.in/incident-log/inc-0046,CONFIRMED_PIXEL,1,MATCH_RADIUS_500M,EXACT_TIME_COINCIDENCE,VERIFIED,4,0,TIER_1_CERTIFIED,GROUND_TRUTH_VERIFIED,NDMA_SATELLITE_CELL,COMPUTED_LEAKAGE_FREE,1,0,2.2,2.22,8.675
INC-0047,190.03,449.96,318.79,0.39,0.37,VIIRS_NOAA21,VIIRS,N,74.8,22.42187,69.94022,Industrial / Built-up,31.7,34.71,1.6,1.19,0.41,0.1,696.1,0.021,2.1,0.025,33.4,37.4,18.4,0.0,0.0,27.2,40.7,38.7,-2.17,8,Monsoon,22,1,2,4,15,0.27,10.91,66.96,84.6,43.98,50.1,1.19,0,Oil Refinery,Jamnagar Reliance Refinery Thermal Anomaly Event #47,State Disaster Management & SPCB Field Report,https://ndma.gov.in/incident-log/inc-0047,CONFIRMED_PIXEL,1,MATCH_RADIUS_500M,EXACT_TIME_COINCIDENCE,VERIFIED,5,0,TIER_1_CERTIFIED,GROUND_TRUTH_VERIFIED,NDMA_SATELLITE_CELL,COMPUTED_LEAKAGE_FREE,1,0,0.2,1.89,10.108
INC-0048,138.36,402.42,329.18,0.39,0.5,VIIRS_NOAA20,VIIRS,D,96.2,17.66027,83.21821,Industrial / Built-up,48.9,26.31,5.27,0.57,20.89,1.15,628.2,0.081,8.1,0.097,17.2,35.1,78.0,0.0,0.0,15.6,338.6,8.3,1.62,3,Summer,16,0,0,8,12,52.78,16.26,7.22,86.87,89.53,186.59,0.57,1,Steel Plant,Visakhapatnam Steel Zone Thermal Anomaly Event #48,State Disaster Management & SPCB Field Report,https://ndma.gov.in/incident-log/inc-0048,CONFIRMED_PIXEL,1,MATCH_RADIUS_500M,EXACT_TIME_COINCIDENCE,VERIFIED,6,0,TIER_1_CERTIFIED,GROUND_TRUTH_VERIFIED,NDMA_SATELLITE_CELL,COMPUTED_LEAKAGE_FREE,1,0,3.07,0.42,0.517
INC-0049,338.99,360.87,306.44,1.38,1.77,MODIS_TERRA,MODIS,D,78.8,22.27241,82.80354,Industrial / Built-up,288.8,9.67,2.03,0.2,17.55,1.89,4192.1,0.041,4.1,0.049,22.5,37.8,42.9,0.0,0.0,26.0,286.6,35.2,-3.3,8,Monsoon,21,0,2,2,23,25.17,14.79,67.09,13.42,299.85,29.41,0.2,1,Thermal Power Plant,Korba Super Thermal Power Thermal Anomaly Event #49,State Disaster Management & SPCB Field Report,https://ndma.gov.in/incident-log/inc-0049,CONFIRMED_PIXEL,1,MATCH_RADIUS_500M,EXACT_TIME_COINCIDENCE,VERIFIED,3,0,TIER_1_CERTIFIED,GROUND_TRUTH_VERIFIED,NDMA_SATELLITE_CELL,COMPUTED_LEAKAGE_FREE,1,0,4.02,0.96,4.42
INC-0050,161.4,465.32,295.66,1.18,2.08,MODIS_TERRA,MODIS,N,89.9,17.63607,83.24296,Industrial / Built-up,47.4,14.46,0.61,0.19,11.51,1.04,3522.7,0.113,11.3,0.135,34.1,29.7,42.9,0.89,0.89,37.1,304.9,5.9,1.44,2,Winter,1,0,2,4,12,35.32,16.4,9.13,89.42,27.73,198.12,0.19,1,Steel Plant,Visakhapatnam Steel Zone Thermal Anomaly Event #50,State Disaster Management & SPCB Field Report,https://ndma.gov.in/incident-log/inc-0050,CONFIRMED_PIXEL,1,MATCH_RADIUS_500M,EXACT_TIME_COINCIDENCE,VERIFIED,6,0,TIER_1_CERTIFIED,GROUND_TRUTH_VERIFIED,NDMA_SATELLITE_CELL,COMPUTED_LEAKAGE_FREE,1,0,2.18,0.24,8.063
INC-0051,476.23,421.67,338.32,0.53,0.48,VIIRS_NOAA20,VIIRS,D,69.8,22.36051,82.77338,Urban / Developed,276.5,15.34,1.74,0.28,5.24,1.28,787.6,0.147,14.7,0.177,19.7,27.3,51.5,0.0,2.57,31.4,165.5,26.9,-1.12,11,Post-Monsoon,12,1,2,4,17,63.6,17.77,23.23,33.55,248.06,190.67,0.28,1,Thermal Power Plant,Korba Super Thermal Power Thermal Anomaly Event #51,State Disaster Management & SPCB Field Report,https://ndma.gov.in/incident-log/inc-0051,CONFIRMED_PIXEL,1,MATCH_RADIUS_500M,EXACT_TIME_COINCIDENCE,VERIFIED,4,0,TIER_1_CERTIFIED,GROUND_TRUTH_VERIFIED,NDMA_SATELLITE_CELL,COMPUTED_LEAKAGE_FREE,1,0,3.86,0.81,11.528
INC-0052,272.3,372.87,315.65,0.41,0.41,VIIRS_NOAA20,VIIRS,D,91.4,24.25651,82.66764,Industrial / Built-up,383.4,9.46,1.68,0.06,2.33,1.68,2251.3,0.211,21.1,0.253,34.2,27.6,34.5,0.0,0.0,4.0,324.5,11.2,1.95,3,Summer,2,0,3,11,22,59.91,11.3,72.85,148.9,133.68,82.17,0.06,1,Coal Mine & Power,Singrauli Coal & Power Thermal Anomaly Event #52,State Disaster Management & SPCB Field Report,https://ndma.gov.in/incident-log/inc-0052,CONFIRMED_PIXEL,1,MATCH_RADIUS_500M,EXACT_TIME_COINCIDENCE,VERIFIED,3,0,TIER_1_CERTIFIED,GROUND_TRUTH_VERIFIED,NDMA_SATELLITE_CELL,COMPUTED_LEAKAGE_FREE,1,0,2.06,0.92,7.468
INC-0053,330.63,376.06,303.62,0.44,0.43,VIIRS_NOAA21,VIIRS,D,66.6,22.41348,69.84817,Industrial / Built-up,39.3,7.16,3.28,0.3,0.23,0.17,3481.5,0.136,13.6,0.164,20.9,26.6,22.8,7.07,7.07,17.9,291.9,38.4,-1.67,4,Summer,22,0,2,8,19,0.78,26.14,35.42,5.0,286.38,87.98,0.3,1,Oil Refinery,Jamnagar Reliance Refinery Thermal Anomaly Event #53,State Disaster Management & SPCB Field Report,https://ndma.gov.in/incident-log/inc-0053,CONFIRMED_PIXEL,1,MATCH_RADIUS_500M,EXACT_TIME_COINCIDENCE,VERIFIED,7,0,TIER_1_CERTIFIED,GROUND_TRUTH_VERIFIED,NDMA_SATELLITE_CELL,COMPUTED_LEAKAGE_FREE,1,0,0.27,0.45,9.189
INC-0054,468.29,373.92,308.69,1.54,1.19,MODIS_TERRA,MODIS,D,71.3,22.07874,88.13806,Industrial / Built-up,14.0,11.14,0.51,0.89,3.39,0.53,2314.6,0.081,8.1,0.097,18.1,42.9,20.8,0.0,0.0,14.1,257.2,35.4,-2.94,7,Monsoon,5,1,1,8,21,2.69,22.51,86.36,54.97,141.22,13.92,0.89,0,Chemical & Refinery,Haldia Industrial Complex Thermal Anomaly Event #54,State Disaster Management & SPCB Field Report,https://ndma.gov.in/incident-log/inc-0054,CONFIRMED_PIXEL,1,MATCH_RADIUS_500M,EXACT_TIME_COINCIDENCE,VERIFIED,3,0,TIER_1_CERTIFIED,GROUND_TRUTH_VERIFIED,NDMA_SATELLITE_CELL,COMPUTED_LEAKAGE_FREE,1,0,0.64,0.44,10.207
INC-0055,195.22,390.34,339.03,1.22,1.02,MODIS_TERRA,MODIS,N,78.7,22.04285,88.04749,Industrial / Built-up,27.7,25.74,4.5,0.7,3.32,1.04,104.1,0.097,9.7,0.116,10.6,28.4,76.4,0.0,0.0,12.5,225.0,27.9,1.08,5,Summer,11,1,3,7,19,1.58,5.73,80.76,92.8,226.97,55.45,0.7,1,Chemical & Refinery,Haldia Industrial Complex Thermal Anomaly Event #55,State Disaster Management & SPCB Field Report,https://ndma.gov.in/incident-log/inc-0055,CONFIRMED_PIXEL,1,MATCH_RADIUS_500M,EXACT_TIME_COINCIDENCE,VERIFIED,3,0,TIER_1_CERTIFIED,GROUND_TRUTH_VERIFIED,NDMA_SATELLITE_CELL,COMPUTED_LEAKAGE_FREE,1,0,4.21,1.41,10.537
INC-0056,233.25,442.82,309.96,0.34,0.42,VIIRS_NOAA20,VIIRS,D,89.4,22.30415,69.82782,Urban / Developed,36.1,15.59,5.69,0.79,2.38,1.3,392.6,0.076,7.6,0.091,16.9,30.7,35.7,0.0,0.0,13.1,103.5,31.3,1.83,3,Summer,19,0,1,4,21,0.88,13.13,77.58,144.93,52.88,56.17,0.79,1,Oil Refinery,Jamnagar Reliance Refinery Thermal Anomaly Event #56,State Disaster Management & SPCB Field Report,https://ndma.gov.in/incident-log/inc-0056,CONFIRMED_PIXEL,1,MATCH_RADIUS_500M,EXACT_TIME_COINCIDENCE,VERIFIED,5,0,TIER_1_CERTIFIED,GROUND_TRUTH_VERIFIED,NDMA_SATELLITE_CELL,COMPUTED_LEAKAGE_FREE,1,0,2.95,0.89,0.191
INC-0057,352.38,431.5,309.08,0.37,0.47,VIIRS_NOAA21,VIIRS,D,93.6,22.02742,88.07636,Industrial / Built-up,17.5,22.53,5.26,1.14,0.46,0.39,2887.7,0.138,13.8,0.165,27.5,38.5,79.3,0.0,0.0,18.8,260.4,5.4,-0.26,4,Summer,14,1,0,6,11,3.78,22.36,89.47,14.07,80.72,96.12,1.14,0,Chemical & Refinery,Haldia Industrial Complex Thermal Anomaly Event #57,State Disaster Management & SPCB Field Report,https://ndma.gov.in/incident-log/inc-0057,CONFIRMED_PIXEL,1,MATCH_RADIUS_500M,EXACT_TIME_COINCIDENCE,VERIFIED,3,0,TIER_1_CERTIFIED,GROUND_TRUTH_VERIFIED,NDMA_SATELLITE_CELL,COMPUTED_LEAKAGE_FREE,1,0,1.04,0.9,2.978
INC-0058,304.74,429.22,311.75,0.53,0.34,VIIRS_SNPP,VIIRS,D,91.8,24.20091,82.71588,Industrial / Built-up,370.7,31.43,2.61,0.62,8.52,1.59,1864.0,0.078,7.8,0.094,29.3,33.8,27.7,0.0,0.0,21.0,282.6,29.0,-2.39,6,Monsoon,17,0,1,6,24,34.81,15.89,32.8,15.22,296.61,43.64,0.62,1,Coal Mine & Power,Singrauli Coal & Power Thermal Anomaly Event #58,State Disaster Management & SPCB Field Report,https://ndma.gov.in/incident-log/inc-0058,CONFIRMED_PIXEL,1,MATCH_RADIUS_500M,EXACT_TIME_COINCIDENCE,VERIFIED,3,0,TIER_1_CERTIFIED,GROUND_TRUTH_VERIFIED,NDMA_SATELLITE_CELL,COMPUTED_LEAKAGE_FREE,1,0,1.25,0.55,1.934
INC-0059,428.54,462.12,325.83,0.5,0.39,VIIRS_NOAA21,VIIRS,D,83.9,22.38499,69.87159,Urban / Developed,20.8,12.96,2.2,0.34,1.85,1.12,58.9,0.082,8.2,0.098,32.8,38.5,47.4,0.0,8.96,10.1,249.8,14.2,-2.85,1,Winter,10,1,3,4,23,1.49,11.26,84.57,89.41,242.06,30.74,0.34,1,Oil Refinery,Jamnagar Reliance Refinery Thermal Anomaly Event #59,State Disaster Management & SPCB Field Report,https://ndma.gov.in/incident-log/inc-0059,CONFIRMED_PIXEL,1,MATCH_RADIUS_500M,EXACT_TIME_COINCIDENCE,VERIFIED,4,0,TIER_1_CERTIFIED,GROUND_TRUTH_VERIFIED,NDMA_SATELLITE_CELL,COMPUTED_LEAKAGE_FREE,1,0,3.98,0.43,7.619
INC-0060,70.11,398.65,305.54,0.48,0.49,VIIRS_NOAA20,VIIRS,D,81.3,23.78434,86.40762,Industrial / Built-up,234.1,33.76,3.89,0.69,11.56,0.91,1177.1,0.12,12.0,0.144,20.3,26.5,52.0,0.0,12.59,6.3,170.7,27.4,-0.04,6,Monsoon,15,1,1,3,20,45.57,21.2,73.19,70.44,72.22,43.22,0.69,1,Coal Colliery,Jharia Dhanbad Coal Belt Thermal Anomaly Event #60,State Disaster Management & SPCB Field Report,https://ndma.gov.in/incident-log/inc-0060,CONFIRMED_PIXEL,1,MATCH_RADIUS_500M,EXACT_TIME_COINCIDENCE,VERIFIED,3,0,TIER_1_CERTIFIED,GROUND_TRUTH_VERIFIED,NDMA_SATELLITE_CELL,COMPUTED_LEAKAGE_FREE,1,0,2.23,1.1,9.501
INC-0061,428.91,409.95,298.41,1.66,1.63,MODIS_TERRA,MODIS,D,77.3,22.09788,88.133,Industrial / Built-up,15.2,28.91,5.46,0.28,0.33,1.77,345.8,0.15,15.0,0.18,11.9,37.6,18.6,0.0,0.0,20.5,1.9,37.2,0.75,10,Post-Monsoon,19,0,4,3,16,1.62,16.71,97.13,61.06,43.31,135.2,0.28,1,Chemical & Refinery,Haldia Industrial Complex Thermal Anomaly Event #61,State Disaster Management & SPCB Field Report,https://ndma.gov.in/incident-log/inc-0061,CONFIRMED_PIXEL,1,MATCH_RADIUS_500M,EXACT_TIME_COINCIDENCE,VERIFIED,3,0,TIER_1_CERTIFIED,GROUND_TRUTH_VERIFIED,NDMA_SATELLITE_CELL,COMPUTED_LEAKAGE_FREE,1,0,0.16,0.7,8.562
INC-0062,371.24,476.23,329.14,0.5,0.5,VIIRS_SNPP,VIIRS,D,91.2,23.67587,86.17313,Industrial / Built-up,228.5,24.28,5.39,0.72,16.55,0.4,3512.2,0.083,8.3,0.099,16.0,29.1,36.1,0.0,0.0,11.4,214.3,15.6,0.14,1,Winter,7,0,3,6,20,40.54,21.78,4.43,133.83,80.62,166.27,0.72,1,Steel Plant,Bokaro Steel City Thermal Anomaly Event #62,State Disaster Management & SPCB Field Report,https://ndma.gov.in/incident-log/inc-0062,CONFIRMED_PIXEL,1,MATCH_RADIUS_500M,EXACT_TIME_COINCIDENCE,VERIFIED,3,0,TIER_1_CERTIFIED,GROUND_TRUTH_VERIFIED,NDMA_SATELLITE_CELL,COMPUTED_LEAKAGE_FREE,1,0,2.14,0.88,4.989
INC-0063,418.28,457.57,314.3,0.41,0.37,VIIRS_NOAA21,VIIRS,D,85.9,22.36858,82.76937,Industrial / Built-up,297.3,19.94,4.55,0.55,17.34,0.28,3311.9,0.185,18.5,0.222,32.6,28.8,26.9,0.0,22.3,18.1,144.8,20.6,-3.12,8,Monsoon,10,2,0,8,11,61.1,24.57,73.62,149.37,291.0,196.37,0.55,1,Thermal Power Plant,Korba Super Thermal Power Thermal Anomaly Event #63,State Disaster Management & SPCB Field Report,https://ndma.gov.in/incident-log/inc-0063,CONFIRMED_PIXEL,1,MATCH_RADIUS_500M,EXACT_TIME_COINCIDENCE,VERIFIED,4,0,TIER_1_CERTIFIED,GROUND_TRUTH_VERIFIED,NDMA_SATELLITE_CELL,COMPUTED_LEAKAGE_FREE,1,0,1.6,1.71,2.548
INC-0064,394.92,447.27,321.69,1.71,1.84,MODIS_TERRA,MODIS,N,67.3,23.70286,86.17099,Urban / Developed,232.2,18.1,4.21,0.83,10.58,1.89,2645.2,0.15,15.0,0.18,16.9,39.7,82.4,0.0,0.0,17.7,55.3,27.9,-1.98,10,Post-Monsoon,16,0,2,5,22,17.55,15.51,10.52,35.63,216.71,173.7,0.83,0,Steel Plant,Bokaro Steel City Thermal Anomaly Event #64,State Disaster Management & SPCB Field Report,https://ndma.gov.in/incident-log/inc-0064,CONFIRMED_PIXEL,1,MATCH_RADIUS_500M,EXACT_TIME_COINCIDENCE,VERIFIED,6,0,TIER_1_CERTIFIED,GROUND_TRUTH_VERIFIED,NDMA_SATELLITE_CELL,COMPUTED_LEAKAGE_FREE,1,0,3.98,2.83,7.912
INC-0065,393.03,472.69,300.63,0.36,0.34,VIIRS_NOAA21,VIIRS,D,82.0,17.61554,83.16164,Industrial / Built-up,51.4,10.7,4.3,0.74,16.24,1.89,3506.8,0.099,9.9,0.119,26.7,35.9,32.7,4.38,4.38,16.0,108.9,44.0,-2.56,7,Monsoon,10,1,3,3,17,63.19,4.71,5.54,118.18,144.73,66.3,0.74,1,Steel Plant,Visakhapatnam Steel Zone Thermal Anomaly Event #65,State Disaster Management & SPCB Field Report,https://ndma.gov.in/incident-log/inc-0065,CONFIRMED_PIXEL,1,MATCH_RADIUS_500M,EXACT_TIME_COINCIDENCE,VERIFIED,6,0,TIER_1_CERTIFIED,GROUND_TRUTH_VERIFIED,NDMA_SATELLITE_CELL,COMPUTED_LEAKAGE_FREE,1,0,2.82,0.54,5.747
INC-0066,80.79,408.94,308.79,0.43,0.41,VIIRS_NOAA21,VIIRS,D,96.6,23.76048,86.3668,Industrial / Built-up,230.0,5.77,2.8,0.58,18.68,1.19,874.5,0.128,12.8,0.153,31.0,34.7,50.8,0.0,0.0,22.8,134.0,31.5,-2.72,6,Monsoon,7,2,1,8,22,55.04,23.53,87.6,134.63,111.32,72.8,0.58,1,Coal Colliery,Jharia Dhanbad Coal Belt Thermal Anomaly Event #66,State Disaster Management & SPCB Field Report,https://ndma.gov.in/incident-log/inc-0066,CONFIRMED_PIXEL,1,MATCH_RADIUS_500M,EXACT_TIME_COINCIDENCE,VERIFIED,3,0,TIER_1_CERTIFIED,GROUND_TRUTH_VERIFIED,NDMA_SATELLITE_CELL,COMPUTED_LEAKAGE_FREE,1,0,3.56,0.85,11.267
INC-0067,121.18,440.91,304.92,1.56,1.93,MODIS_TERRA,MODIS,D,69.3,17.5221,83.16101,Industrial / Built-up,31.9,31.1,1.87,0.35,2.02,1.75,2322.1,0.112,11.2,0.134,18.8,35.1,85.0,0.0,0.0,32.1,61.5,6.2,-2.38,4,Summer,0,0,2,5,21,64.44,19.19,11.38,8.62,66.81,94.22,0.35,1,Steel Plant,Visakhapatnam Steel Zone Thermal Anomaly Event #67,State Disaster Management & SPCB Field Report,https://ndma.gov.in/incident-log/inc-0067,CONFIRMED_PIXEL,1,MATCH_RADIUS_500M,EXACT_TIME_COINCIDENCE,VERIFIED,3,0,TIER_1_CERTIFIED,GROUND_TRUTH_VERIFIED,NDMA_SATELLITE_CELL,COMPUTED_LEAKAGE_FREE,1,0,2.03,2.69,1.937
INC-0068,381.42,477.24,303.51,0.48,0.48,VIIRS_NOAA20,VIIRS,N,86.8,21.7168,72.56795,Industrial / Built-up,37.0,25.56,3.86,0.28,0.29,1.18,1562.0,0.187,18.7,0.224,33.2,35.1,61.8,0.0,0.0,25.1,215.9,25.3,-1.57,3,Summer,2,0,2,3,16,53.86,7.11,60.08,83.45,260.54,197.09,0.28,1,Petrochemical Complex,Dahej SEZ Gujarat Thermal Anomaly Event #68,State Disaster Management & SPCB Field Report,https://ndma.gov.in/incident-log/inc-0068,CONFIRMED_PIXEL,1,MATCH_RADIUS_500M,EXACT_TIME_COINCIDENCE,VERIFIED,5,0,TIER_1_CERTIFIED,GROUND_TRUTH_VERIFIED,NDMA_SATELLITE_CELL,COMPUTED_LEAKAGE_FREE,1,0,3.84,0.33,11.9
INC-0069,131.34,364.73,305.8,0.36,0.35,VIIRS_SNPP,VIIRS,D,84.1,13.23381,80.24057,Industrial / Built-up,33.2,12.46,2.38,0.57,3.2,0.46,660.0,0.075,7.5,0.09,14.4,42.7,58.5,0.0,0.0,9.9,174.9,9.7,0.25,1,Winter,10,0,0,9,15,5.38,2.74,91.43,124.04,203.07,116.79,0.57,1,Petrochemical Plant,Manali Petrochem Chennai Thermal Anomaly Event #69,State Disaster Management & SPCB Field Report,https://ndma.gov.in/incident-log/inc-0069,CONFIRMED_PIXEL,1,MATCH_RADIUS_500M,EXACT_TIME_COINCIDENCE,VERIFIED,6,0,TIER_1_CERTIFIED,GROUND_TRUTH_VERIFIED,NDMA_SATELLITE_CELL,COMPUTED_LEAKAGE_FREE,1,0,3.33,2.12,11.179
INC-0070,218.79,389.02,295.49,1.06,1.67,MODIS_TERRA,MODIS,N,70.5,22.36418,82.73793,Industrial / Built-up,291.7,28.83,1.07,0.71,12.67,0.33,1611.1,0.168,16.8,0.201,10.8,32.1,33.2,0.0,0.0,23.6,129.3,37.9,1.01,6,Monsoon,16,0,1,8,16,78.54,7.23,16.05,122.22,188.58,166.14,0.71,1,Thermal Power Plant,Korba Super Thermal Power Thermal Anomaly Event #70,State Disaster Management & SPCB Field Report,https://ndma.gov.in/incident-log/inc-0070,CONFIRMED_PIXEL,1,MATCH_RADIUS_500M,EXACT_TIME_COINCIDENCE,VERIFIED,7,0,TIER_1_CERTIFIED,GROUND_TRUTH_VERIFIED,NDMA_SATELLITE_CELL,COMPUTED_LEAKAGE_FREE,1,0,3.8,0.75,4.578
INC-0071,164.95,370.64,295.75,1.5,1.2,MODIS_TERRA,MODIS,N,95.8,21.7485,72.57835,Industrial / Built-up,24.5,6.37,2.81,0.74,3.29,0.69,179.7,0.206,20.6,0.247,31.1,43.2,47.8,0.0,0.0,22.3,100.1,13.7,-1.92,3,Summer,21,0,1,4,8,23.73,19.97,65.73,12.28,116.33,97.21,0.74,1,Petrochemical Complex,Dahej SEZ Gujarat Thermal Anomaly Event #71,State Disaster Management & SPCB Field Report,https://ndma.gov.in/incident-log/inc-0071,CONFIRMED_PIXEL,1,MATCH_RADIUS_500M,EXACT_TIME_COINCIDENCE,VERIFIED,5,0,TIER_1_CERTIFIED,GROUND_TRUTH_VERIFIED,NDMA_SATELLITE_CELL,COMPUTED_LEAKAGE_FREE,1,0,1.25,1.04,10.04
INC-0072,169.28,353.71,309.17,0.36,0.46,VIIRS_SNPP,VIIRS,D,72.8,22.07283,88.09408,Urban / Developed,12.1,28.21,2.69,0.56,3.14,1.35,1967.9,0.174,17.4,0.208,22.5,31.7,26.9,0.0,0.0,19.4,280.9,44.9,-2.45,4,Summer,22,0,1,8,14,0.13,28.35,31.34,114.81,54.59,180.41,0.56,1,Chemical & Refinery,Haldia Industrial Complex Thermal Anomaly Event #72,State Disaster Management & SPCB Field Report,https://ndma.gov.in/incident-log/inc-0072,CONFIRMED_PIXEL,1,MATCH_RADIUS_500M,EXACT_TIME_COINCIDENCE,VERIFIED,3,0,TIER_1_CERTIFIED,GROUND_TRUTH_VERIFIED,NDMA_SATELLITE_CELL,COMPUTED_LEAKAGE_FREE,1,0,0.8,0.59,5.024
INC-0073,193.14,460.74,297.36,0.34,0.37,VIIRS_SNPP,VIIRS,D,91.3,24.17861,82.6803,Industrial / Built-up,356.8,14.4,0.92,0.32,21.09,1.9,275.0,0.027,2.7,0.033,33.2,33.3,31.0,1.32,3.33,14.8,93.4,8.5,-3.01,4,Summer,4,0,1,8,18,27.85,8.67,35.19,28.4,101.37,117.82,0.32,1,Coal Mine & Power,Singrauli Coal & Power Thermal Anomaly Event #73,State Disaster Management & SPCB Field Report,https://ndma.gov.in/incident-log/inc-0073,CONFIRMED_PIXEL,1,MATCH_RADIUS_500M,EXACT_TIME_COINCIDENCE,VERIFIED,7,0,TIER_1_CERTIFIED,GROUND_TRUTH_VERIFIED,NDMA_SATELLITE_CELL,COMPUTED_LEAKAGE_FREE,1,0,1.57,1.29,6.364
INC-0074,111.95,362.39,307.07,0.42,0.42,VIIRS_NOAA20,VIIRS,D,86.7,23.70213,86.45275,Industrial / Built-up,240.3,16.66,4.24,0.12,2.8,0.84,1338.0,0.197,19.7,0.237,32.4,23.8,84.5,0.0,0.0,37.2,285.8,31.4,-0.32,8,Monsoon,16,0,1,6,21,57.29,6.61,67.74,19.43,96.45,123.81,0.12,1,Coal Colliery,Jharia Dhanbad Coal Belt Thermal Anomaly Event #74,State Disaster Management & SPCB Field Report,https://ndma.gov.in/incident-log/inc-0074,CONFIRMED_PIXEL,1,MATCH_RADIUS_500M,EXACT_TIME_COINCIDENCE,VERIFIED,7,0,TIER_1_CERTIFIED,GROUND_TRUTH_VERIFIED,NDMA_SATELLITE_CELL,COMPUTED_LEAKAGE_FREE,1,0,1.99,0.93,1.559
INC-0075,432.11,488.79,308.23,1.93,1.81,MODIS_TERRA,MODIS,D,90.3,21.75492,72.59702,Industrial / Built-up,7.9,27.73,1.89,1.05,0.45,0.34,1200.7,0.155,15.5,0.186,24.9,23.0,67.2,0.0,0.0,35.6,119.5,23.6,-3.42,6,Monsoon,1,0,3,6,9,78.44,20.54,86.22,88.65,114.19,116.27,1.05,0,Petrochemical Complex,Dahej SEZ Gujarat Thermal Anomaly Event #75,State Disaster Management & SPCB Field Report,https://ndma.gov.in/incident-log/inc-0075,CONFIRMED_PIXEL,1,MATCH_RADIUS_500M,EXACT_TIME_COINCIDENCE,VERIFIED,3,0,TIER_1_CERTIFIED,GROUND_TRUTH_VERIFIED,NDMA_SATELLITE_CELL,COMPUTED_LEAKAGE_FREE,1,0,4.35,0.21,10.686
INC-0076,282.81,465.97,300.74,0.38,0.32,VIIRS_SNPP,VIIRS,N,83.9,24.20909,82.65535,Industrial / Built-up,381.2,30.75,1.33,1.03,24.8,1.48,110.7,0.188,18.8,0.225,25.4,42.3,48.9,0.0,0.0,34.4,232.2,16.5,-1.86,8,Monsoon,12,0,2,4,23,63.86,29.84,64.49,122.78,109.67,81.74,1.03,0,Coal Mine & Power,Singrauli Coal & Power Thermal Anomaly Event #76,State Disaster Management & SPCB Field Report,https://ndma.gov.in/incident-log/inc-0076,CONFIRMED_PIXEL,1,MATCH_RADIUS_500M,EXACT_TIME_COINCIDENCE,VERIFIED,5,0,TIER_1_CERTIFIED,GROUND_TRUTH_VERIFIED,NDMA_SATELLITE_CELL,COMPUTED_LEAKAGE_FREE,1,0,3.72,2.88,6.642
INC-0077,214.1,376.04,299.27,1.36,1.33,MODIS_TERRA,MODIS,N,92.0,17.632,83.22433,Industrial / Built-up,24.4,7.0,1.47,1.19,12.21,1.11,4337.5,0.085,8.5,0.102,17.6,38.1,59.5,0.0,2.68,19.1,222.2,39.0,-2.42,8,Monsoon,18,0,2,4,21,70.52,29.87,8.95,97.48,248.43,165.45,1.19,0,Steel Plant,Visakhapatnam Steel Zone Thermal Anomaly Event #77,State Disaster Management & SPCB Field Report,https://ndma.gov.in/incident-log/inc-0077,CONFIRMED_PIXEL,1,MATCH_RADIUS_500M,EXACT_TIME_COINCIDENCE,VERIFIED,5,0,TIER_1_CERTIFIED,GROUND_TRUTH_VERIFIED,NDMA_SATELLITE_CELL,COMPUTED_LEAKAGE_FREE,1,0,2.68,1.76,2.813
INC-0078,344.85,377.85,308.85,0.46,0.46,VIIRS_SNPP,VIIRS,N,81.0,21.11048,72.66453,Industrial / Built-up,2.0,31.84,4.95,0.72,18.8,0.79,3980.6,0.131,13.1,0.158,19.0,23.4,40.7,0.0,8.59,37.9,162.6,19.2,-1.3,10,Post-Monsoon,5,1,1,9,12,53.07,14.52,27.09,26.96,217.98,99.66,0.72,1,LNG Terminal,Hazira LNG Terminal Thermal Anomaly Event #78,State Disaster Management & SPCB Field Report,https://ndma.gov.in/incident-log/inc-0078,CONFIRMED_PIXEL,1,MATCH_RADIUS_500M,EXACT_TIME_COINCIDENCE,VERIFIED,3,0,TIER_1_CERTIFIED,GROUND_TRUTH_VERIFIED,NDMA_SATELLITE_CELL,COMPUTED_LEAKAGE_FREE,1,0,4.24,2.09,11.455
INC-0079,219.64,390.71,300.71,0.46,0.5,VIIRS_NOAA20,VIIRS,N,81.4,22.4261,69.87769,Industrial / Built-up,45.6,9.04,4.54,0.29,0.3,1.15,4370.7,0.181,18.1,0.217,23.5,23.8,49.9,0.0,0.0,30.6,99.7,42.6,-2.82,2,Winter,4,0,3,4,26,2.42,26.29,61.93,94.6,120.01,73.63,0.29,1,Oil Refinery,Jamnagar Reliance Refinery Thermal Anomaly Event #79,State Disaster Management & SPCB Field Report,https://ndma.gov.in/incident-log/inc-0079,CONFIRMED_PIXEL,1,MATCH_RADIUS_500M,EXACT_TIME_COINCIDENCE,VERIFIED,3,0,TIER_1_CERTIFIED,GROUND_TRUTH_VERIFIED,NDMA_SATELLITE_CELL,COMPUTED_LEAKAGE_FREE,1,0,4.04,0.52,9.433
INC-0080,143.61,425.03,310.82,0.36,0.37,VIIRS_SNPP,VIIRS,N,78.5,23.73809,86.36993,Industrial / Built-up,223.1,4.75,1.14,0.2,6.35,0.97,2832.7,0.108,10.8,0.13,15.0,22.3,50.0,4.28,4.28,30.8,102.0,38.5,-0.51,6,Monsoon,11,0,1,4,15,61.41,27.26,85.18,33.15,79.14,99.09,0.2,1,Coal Colliery,Jharia Dhanbad Coal Belt Thermal Anomaly Event #80,State Disaster Management & SPCB Field Report,https://ndma.gov.in/incident-log/inc-0080,CONFIRMED_PIXEL,1,MATCH_RADIUS_500M,EXACT_TIME_COINCIDENCE,VERIFIED,7,0,TIER_1_CERTIFIED,GROUND_TRUTH_VERIFIED,NDMA_SATELLITE_CELL,COMPUTED_LEAKAGE_FREE,1,0,4.29,2.83,3.255
INC-0081,56.23,422.99,318.42,0.49,0.39,VIIRS_NOAA21,VIIRS,D,78.8,17.67081,83.1328,Industrial / Built-up,54.6,10.26,1.92,0.18,23.1,1.58,234.4,0.086,8.6,0.103,24.7,25.7,21.7,0.0,0.0,18.1,235.1,28.2,-3.38,5,Summer,19,0,6,3,26,66.68,27.18,8.11,73.89,149.08,185.11,0.18,1,Steel Plant,Visakhapatnam Steel Zone Thermal Anomaly Event #81,State Disaster Management & SPCB Field Report,https://ndma.gov.in/incident-log/inc-0081,CONFIRMED_PIXEL,1,MATCH_RADIUS_500M,EXACT_TIME_COINCIDENCE,VERIFIED,4,0,TIER_1_CERTIFIED,GROUND_TRUTH_VERIFIED,NDMA_SATELLITE_CELL,COMPUTED_LEAKAGE_FREE,1,0,3.61,2.18,6.568
INC-0082,318.07,437.12,332.97,0.43,0.45,VIIRS_SNPP,VIIRS,N,85.0,22.39834,69.93022,Industrial / Built-up,47.9,25.31,5.79,0.89,1.77,1.3,1606.9,0.182,18.2,0.219,16.8,31.5,26.5,0.0,0.0,14.3,263.1,33.0,-0.26,2,Winter,23,1,1,8,20,2.98,18.76,11.5,11.28,78.56,142.27,0.89,0,Oil Refinery,Jamnagar Reliance Refinery Thermal Anomaly Event #82,State Disaster Management & SPCB Field Report,https://ndma.gov.in/incident-log/inc-0082,CONFIRMED_PIXEL,1,MATCH_RADIUS_500M,EXACT_TIME_COINCIDENCE,VERIFIED,5,0,TIER_1_CERTIFIED,GROUND_TRUTH_VERIFIED,NDMA_SATELLITE_CELL,COMPUTED_LEAKAGE_FREE,1,0,3.74,0.85,5.682
INC-0083,368.96,401.86,303.81,0.38,0.37,VIIRS_NOAA21,VIIRS,N,73.6,22.09202,88.02995,Industrial / Built-up,6.4,8.05,2.92,0.41,3.2,0.22,1188.1,0.202,20.2,0.242,16.1,28.1,51.1,0.0,0.0,14.7,225.7,37.3,-0.14,2,Winter,12,0,1,2,16,2.81,6.3,38.71,17.73,139.27,40.99,0.41,1,Chemical & Refinery,Haldia Industrial Complex Thermal Anomaly Event #83,State Disaster Management & SPCB Field Report,https://ndma.gov.in/incident-log/inc-0083,CONFIRMED_PIXEL,1,MATCH_RADIUS_500M,EXACT_TIME_COINCIDENCE,VERIFIED,7,0,TIER_1_CERTIFIED,GROUND_TRUTH_VERIFIED,NDMA_SATELLITE_CELL,COMPUTED_LEAKAGE_FREE,1,0,1.98,1.99,0.988
INC-0084,296.86,342.19,311.22,0.48,0.54,VIIRS_NOAA20,VIIRS,D,78.8,13.15129,80.20348,Industrial / Built-up,13.5,16.01,5.25,0.41,1.1,0.61,1714.1,0.182,18.2,0.218,32.1,29.8,79.1,1.79,1.79,35.7,223.3,37.2,-3.04,1,Winter,12,1,1,3,12,29.96,17.16,73.63,110.29,207.21,78.46,0.41,1,Petrochemical Plant,Manali Petrochem Chennai Thermal Anomaly Event #84,State Disaster Management & SPCB Field Report,https://ndma.gov.in/incident-log/inc-0084,CONFIRMED_PIXEL,1,MATCH_RADIUS_500M,EXACT_TIME_COINCIDENCE,VERIFIED,4,0,TIER_1_CERTIFIED,GROUND_TRUTH_VERIFIED,NDMA_SATELLITE_CELL,COMPUTED_LEAKAGE_FREE,1,0,4.35,1.4,7.588
INC-0085,134.86,386.99,323.62,0.49,0.51,VIIRS_NOAA21,VIIRS,D,98.1,22.36082,69.90032,Industrial / Built-up,30.6,4.21,3.38,1.11,2.86,1.67,424.9,0.152,15.2,0.182,26.0,23.2,62.8,0.0,0.0,14.4,22.9,12.1,-3.47,6,Monsoon,6,0,3,7,25,3.2,10.39,78.87,98.79,64.37,128.0,1.11,0,Oil Refinery,Jamnagar Reliance Refinery Thermal Anomaly Event #85,State Disaster Management & SPCB Field Report,https://ndma.gov.in/incident-log/inc-0085,CONFIRMED_PIXEL,1,MATCH_RADIUS_500M,EXACT_TIME_COINCIDENCE,VERIFIED,3,0,TIER_1_CERTIFIED,GROUND_TRUTH_VERIFIED,NDMA_SATELLITE_CELL,COMPUTED_LEAKAGE_FREE,1,0,4.44,1.93,0.993
INC-0086,178.61,468.95,338.18,0.44,0.42,VIIRS_NOAA21,VIIRS,N,95.8,23.65363,86.17187,Industrial / Built-up,202.0,6.73,1.57,0.99,17.56,1.31,1187.6,0.179,17.9,0.214,34.5,37.3,60.2,0.0,30.39,23.8,358.4,41.5,-2.28,9,Monsoon,5,2,3,4,10,35.13,17.76,4.96,91.33,156.23,87.71,0.99,0,Steel Plant,Bokaro Steel City Thermal Anomaly Event #86,State Disaster Management & SPCB Field Report,https://ndma.gov.in/incident-log/inc-0086,CONFIRMED_PIXEL,1,MATCH_RADIUS_500M,EXACT_TIME_COINCIDENCE,VERIFIED,5,0,TIER_1_CERTIFIED,GROUND_TRUTH_VERIFIED,NDMA_SATELLITE_CELL,COMPUTED_LEAKAGE_FREE,1,0,1.2,0.28,7.961
INC-0087,400.67,474.26,333.4,1.41,1.53,MODIS_TERRA,MODIS,D,88.6,17.62864,83.17897,Industrial / Built-up,29.6,8.26,2.02,0.1,23.41,1.36,2829.8,0.02,2.0,0.024,19.4,38.4,65.6,0.0,0.0,35.2,38.9,14.3,0.63,10,Post-Monsoon,16,0,2,8,21,60.98,10.04,12.76,71.81,96.39,197.86,0.1,1,Steel Plant,Visakhapatnam Steel Zone Thermal Anomaly Event #87,State Disaster Management & SPCB Field Report,https://ndma.gov.in/incident-log/inc-0087,CONFIRMED_PIXEL,1,MATCH_RADIUS_500M,EXACT_TIME_COINCIDENCE,VERIFIED,4,0,TIER_1_CERTIFIED,GROUND_TRUTH_VERIFIED,NDMA_SATELLITE_CELL,COMPUTED_LEAKAGE_FREE,1,0,3.91,0.08,9.339
INC-0088,289.66,381.92,330.21,0.36,0.51,VIIRS_NOAA21,VIIRS,D,84.1,24.25001,82.67034,Industrial / Built-up,359.9,16.36,5.25,0.36,14.3,1.73,1502.0,0.201,20.1,0.241,11.7,29.5,65.5,0.0,0.0,26.9,304.0,41.6,0.45,5,Summer,0,2,1,3,22,29.44,28.67,20.97,68.81,30.03,100.71,0.36,1,Coal Mine & Power,Singrauli Coal & Power Thermal Anomaly Event #88,State Disaster Management & SPCB Field Report,https://ndma.gov.in/incident-log/inc-0088,CONFIRMED_PIXEL,1,MATCH_RADIUS_500M,EXACT_TIME_COINCIDENCE,VERIFIED,5,0,TIER_1_CERTIFIED,GROUND_TRUTH_VERIFIED,NDMA_SATELLITE_CELL,COMPUTED_LEAKAGE_FREE,1,0,2.2,2.37,1.677
INC-0089,408.84,415.37,295.65,0.46,0.51,VIIRS_SNPP,VIIRS,D,67.4,21.71335,72.65932,Industrial / Built-up,20.8,34.4,3.83,0.63,3.09,1.91,2413.4,0.059,5.9,0.071,21.2,40.2,52.0,0.0,0.0,20.3,276.5,30.1,-0.02,1,Winter,13,1,2,5,21,61.59,13.92,63.3,91.49,217.76,164.36,0.63,1,Petrochemical Complex,Dahej SEZ Gujarat Thermal Anomaly Event #89,State Disaster Management & SPCB Field Report,https://ndma.gov.in/incident-log/inc-0089,CONFIRMED_PIXEL,1,MATCH_RADIUS_500M,EXACT_TIME_COINCIDENCE,VERIFIED,6,0,TIER_1_CERTIFIED,GROUND_TRUTH_VERIFIED,NDMA_SATELLITE_CELL,COMPUTED_LEAKAGE_FREE,1,0,2.9,1.17,1.791
INC-0090,230.31,485.16,324.6,0.45,0.44,VIIRS_NOAA21,VIIRS,D,71.8,21.6504,72.59409,Industrial / Built-up,30.0,32.92,3.73,0.65,2.68,1.45,1119.0,0.123,12.3,0.148,20.3,40.7,44.6,0.0,0.0,15.7,40.1,27.8,-0.3,4,Summer,4,0,1,5,19,19.49,14.67,52.53,54.13,129.01,190.8,0.65,1,Petrochemical Complex,Dahej SEZ Gujarat Thermal Anomaly Event #90,State Disaster Management & SPCB Field Report,https://ndma.gov.in/incident-log/inc-0090,CONFIRMED_PIXEL,1,MATCH_RADIUS_500M,EXACT_TIME_COINCIDENCE,VERIFIED,7,0,TIER_1_CERTIFIED,GROUND_TRUTH_VERIFIED,NDMA_SATELLITE_CELL,COMPUTED_LEAKAGE_FREE,1,0,1.54,1.22,9.12
INC-0091,304.88,472.13,297.23,1.47,1.74,MODIS_TERRA,MODIS,D,93.2,22.42359,82.73712,Industrial / Built-up,291.9,18.42,1.75,0.91,23.14,0.91,1011.3,0.09,9.0,0.108,32.7,29.9,60.5,0.0,0.0,22.6,73.5,16.7,0.62,1,Winter,11,0,3,9,17,30.66,28.88,50.04,69.78,159.49,31.7,0.91,0,Thermal Power Plant,Korba Super Thermal Power Thermal Anomaly Event #91,State Disaster Management & SPCB Field Report,https://ndma.gov.in/incident-log/inc-0091,CONFIRMED_PIXEL,1,MATCH_RADIUS_500M,EXACT_TIME_COINCIDENCE,VERIFIED,4,0,TIER_1_CERTIFIED,GROUND_TRUTH_VERIFIED,NDMA_SATELLITE_CELL,COMPUTED_LEAKAGE_FREE,1,0,2.41,2.28,3.034
INC-0092,68.4,343.31,311.11,0.39,0.45,VIIRS_NOAA21,VIIRS,N,95.0,13.1853,80.24274,Industrial / Built-up,4.9,16.02,1.26,0.9,3.01,1.88,1324.8,0.082,8.2,0.098,33.4,23.9,41.9,0.0,0.0,32.1,266.4,36.6,-2.84,8,Monsoon,2,0,1,4,19,41.93,21.33,87.0,12.66,140.03,147.41,0.9,0,Petrochemical Plant,Manali Petrochem Chennai Thermal Anomaly Event #92,State Disaster Management & SPCB Field Report,https://ndma.gov.in/incident-log/inc-0092,CONFIRMED_PIXEL,1,MATCH_RADIUS_500M,EXACT_TIME_COINCIDENCE,VERIFIED,4,0,TIER_1_CERTIFIED,GROUND_TRUTH_VERIFIED,NDMA_SATELLITE_CELL,COMPUTED_LEAKAGE_FREE,1,0,4.19,1.71,3.114
INC-0093,176.71,419.87,320.4,0.33,0.46,VIIRS_SNPP,VIIRS,N,67.2,21.04643,72.63215,Industrial / Built-up,14.6,9.15,2.59,0.76,24.31,1.48,1546.6,0.153,15.3,0.184,25.6,34.3,41.2,0.0,0.0,21.1,118.0,34.5,-3.3,3,Summer,9,0,2,4,17,74.2,23.1,63.25,75.11,77.81,90.4,0.76,1,LNG Terminal,Hazira LNG Terminal Thermal Anomaly Event #93,State Disaster Management & SPCB Field Report,https://ndma.gov.in/incident-log/inc-0093,CONFIRMED_PIXEL,1,MATCH_RADIUS_500M,EXACT_TIME_COINCIDENCE,VERIFIED,7,0,TIER_1_CERTIFIED,GROUND_TRUTH_VERIFIED,NDMA_SATELLITE_CELL,COMPUTED_LEAKAGE_FREE,1,0,2.38,1.98,2.847
INC-0094,243.72,466.85,300.14,0.46,0.45,VIIRS_NOAA21,VIIRS,D,73.7,21.98893,88.08764,Industrial / Built-up,10.7,29.67,2.58,1.18,1.69,1.6,554.2,0.13,13.0,0.155,33.6,33.4,74.8,0.0,0.0,10.8,95.5,11.8,-2.97,3,Summer,7,0,0,8,24,1.67,13.32,44.46,112.8,222.75,110.3,1.18,0,Chemical & Refinery,Haldia Industrial Complex Thermal Anomaly Event #94,State Disaster Management & SPCB Field Report,https://ndma.gov.in/incident-log/inc-0094,CONFIRMED_PIXEL,1,MATCH_RADIUS_500M,EXACT_TIME_COINCIDENCE,VERIFIED,5,0,TIER_1_CERTIFIED,GROUND_TRUTH_VERIFIED,NDMA_SATELLITE_CELL,COMPUTED_LEAKAGE_FREE,1,0,0.55,2.42,10.876
INC-0095,347.29,341.58,312.73,0.44,0.53,VIIRS_NOAA20,VIIRS,N,78.6,23.71578,86.1433,Industrial / Built-up,213.4,14.72,0.69,0.91,20.45,0.41,1393.1,0.083,8.3,0.1,31.1,26.5,81.8,0.0,0.0,32.5,291.1,17.7,-3.45,8,Monsoon,2,0,2,4,17,45.3,6.57,10.93,75.78,99.68,164.11,0.91,0,Steel Plant,Bokaro Steel City Thermal Anomaly Event #95,State Disaster Management & SPCB Field Report,https://ndma.gov.in/incident-log/inc-0095,CONFIRMED_PIXEL,1,MATCH_RADIUS_500M,EXACT_TIME_COINCIDENCE,VERIFIED,7,0,TIER_1_CERTIFIED,GROUND_TRUTH_VERIFIED,NDMA_SATELLITE_CELL,COMPUTED_LEAKAGE_FREE,1,0,4.4,0.64,5.349
INC-0096,231.46,434.28,304.68,0.44,0.32,VIIRS_SNPP,VIIRS,N,89.2,24.1657,82.60806,Industrial / Built-up,377.8,32.63,5.99,0.09,7.42,0.69,394.8,0.204,20.4,0.244,11.2,36.6,25.9,0.0,0.0,23.6,242.7,5.7,-1.64,7,Monsoon,14,0,1,9,14,34.93,8.03,28.31,57.16,287.5,110.94,0.09,1,Coal Mine & Power,Singrauli Coal & Power Thermal Anomaly Event #96,State Disaster Management & SPCB Field Report,https://ndma.gov.in/incident-log/inc-0096,CONFIRMED_PIXEL,1,MATCH_RADIUS_500M,EXACT_TIME_COINCIDENCE,VERIFIED,5,0,TIER_1_CERTIFIED,GROUND_TRUTH_VERIFIED,NDMA_SATELLITE_CELL,COMPUTED_LEAKAGE_FREE,1,0,2.36,2.75,5.608
INC-0097,453.41,384.24,316.4,0.5,0.35,VIIRS_NOAA20,VIIRS,N,81.4,13.08779,80.23793,Industrial / Built-up,22.3,25.36,5.25,1.2,1.55,0.31,3458.1,0.052,5.2,0.062,11.6,23.2,48.2,0.0,0.0,28.0,187.8,10.0,1.79,8,Monsoon,5,1,3,6,10,7.28,22.08,88.66,115.47,85.7,179.51,1.2,0,Petrochemical Plant,Manali Petrochem Chennai Thermal Anomaly Event #97,State Disaster Management & SPCB Field Report,https://ndma.gov.in/incident-log/inc-0097,CONFIRMED_PIXEL,1,MATCH_RADIUS_500M,EXACT_TIME_COINCIDENCE,VERIFIED,5,0,TIER_1_CERTIFIED,GROUND_TRUTH_VERIFIED,NDMA_SATELLITE_CELL,COMPUTED_LEAKAGE_FREE,1,0,0.22,2.52,0.136
INC-0098,474.21,377.63,317.93,0.48,0.49,VIIRS_NOAA21,VIIRS,D,99.8,21.65356,72.55806,Industrial / Built-up,32.6,28.34,3.18,1.14,0.29,1.87,157.0,0.114,11.4,0.137,18.1,29.6,71.2,0.0,0.0,27.1,205.3,29.4,1.68,5,Summer,21,2,3,3,18,8.79,16.87,90.14,13.08,97.25,32.81,1.14,0,Petrochemical Complex,Dahej SEZ Gujarat Thermal Anomaly Event #98,State Disaster Management & SPCB Field Report,https://ndma.gov.in/incident-log/inc-0098,CONFIRMED_PIXEL,1,MATCH_RADIUS_500M,EXACT_TIME_COINCIDENCE,VERIFIED,5,0,TIER_1_CERTIFIED,GROUND_TRUTH_VERIFIED,NDMA_SATELLITE_CELL,COMPUTED_LEAKAGE_FREE,1,0,1.14,2.83,1.173
INC-0099,307.41,374.09,319.47,0.49,0.35,VIIRS_SNPP,VIIRS,D,86.0,13.18672,80.2557,Industrial / Built-up,3.2,19.97,5.95,0.75,1.36,1.57,2087.7,0.176,17.6,0.212,22.1,34.6,75.8,0.0,0.0,33.5,209.9,33.7,-1.45,2,Winter,4,1,2,3,20,17.78,12.15,41.23,133.91,143.75,38.84,0.75,1,Petrochemical Plant,Manali Petrochem Chennai Thermal Anomaly Event #99,State Disaster Management & SPCB Field Report,https://ndma.gov.in/incident-log/inc-0099,CONFIRMED_PIXEL,1,MATCH_RADIUS_500M,EXACT_TIME_COINCIDENCE,VERIFIED,6,0,TIER_1_CERTIFIED,GROUND_TRUTH_VERIFIED,NDMA_SATELLITE_CELL,COMPUTED_LEAKAGE_FREE,1,0,3.14,2.69,3.883
INC-0100,91.29,463.26,301.25,1.49,1.84,MODIS_TERRA,MODIS,N,72.6,23.65569,86.20171,Industrial / Built-up,203.1,5.49,5.72,0.87,2.16,1.55,3233.4,0.177,17.7,0.213,20.1,28.8,80.8,0.0,0.57,20.4,79.2,15.2,1.33,3,Summer,20,0,2,1,17,43.56,23.6,8.08,48.98,201.28,145.59,0.87,0,Steel Plant,Bokaro Steel City Thermal Anomaly Event #100,State Disaster Management & SPCB Field Report,https://ndma.gov.in/incident-log/inc-0100,CONFIRMED_PIXEL,1,MATCH_RADIUS_500M,EXACT_TIME_COINCIDENCE,VERIFIED,6,0,TIER_1_CERTIFIED,GROUND_TRUTH_VERIFIED,NDMA_SATELLITE_CELL,COMPUTED_LEAKAGE_FREE,1,0,3.93,1.37,5.338
INC-0101,265.08,456.66,333.62,0.42,0.36,VIIRS_SNPP,VIIRS,N,75.6,22.36581,82.78821,Industrial / Built-up,284.0,15.15,4.28,0.41,3.4,1.43,2114.7,0.173,17.3,0.208,17.6,35.9,52.8,0.66,0.66,14.5,65.4,25.2,-1.72,6,Monsoon,5,1,4,7,16,5.74,12.87,39.64,10.62,215.68,103.91,0.41,1,Thermal Power Plant,Korba Super Thermal Power Thermal Anomaly Event #101,State Disaster Management & SPCB Field Report,https://ndma.gov.in/incident-log/inc-0101,CONFIRMED_PIXEL,1,MATCH_RADIUS_500M,EXACT_TIME_COINCIDENCE,VERIFIED,4,0,TIER_1_CERTIFIED,GROUND_TRUTH_VERIFIED,NDMA_SATELLITE_CELL,COMPUTED_LEAKAGE_FREE,1,0,4.06,2.03,5.269
INC-0102,160.52,461.02,306.33,0.33,0.48,VIIRS_NOAA20,VIIRS,D,90.4,13.21375,80.2415,Industrial / Built-up,16.2,6.64,5.26,0.62,1.11,0.6,3561.5,0.137,13.7,0.164,22.2,43.3,48.4,0.0,0.0,35.7,309.0,11.8,-1.1,5,Summer,6,0,2,5,14,37.4,29.97,29.83,98.86,53.38,32.64,0.62,1,Petrochemical Plant,Manali Petrochem Chennai Thermal Anomaly Event #102,State Disaster Management & SPCB Field Report,https://ndma.gov.in/incident-log/inc-0102,CONFIRMED_PIXEL,1,MATCH_RADIUS_500M,EXACT_TIME_COINCIDENCE,VERIFIED,4,0,TIER_1_CERTIFIED,GROUND_TRUTH_VERIFIED,NDMA_SATELLITE_CELL,COMPUTED_LEAKAGE_FREE,1,0,0.39,2.64,7.759
INC-0103,379.03,452.77,321.48,0.49,0.45,VIIRS_NOAA20,VIIRS,N,71.5,23.72062,86.33621,Industrial / Built-up,232.1,7.01,0.85,0.73,20.98,1.73,2395.4,0.1,10.0,0.12,33.3,36.8,40.4,0.0,0.0,4.8,259.5,25.6,-0.17,4,Summer,12,0,6,3,18,39.77,23.74,95.22,7.54,100.67,17.41,0.73,1,Coal Colliery,Jharia Dhanbad Coal Belt Thermal Anomaly Event #103,State Disaster Management & SPCB Field Report,https://ndma.gov.in/incident-log/inc-0103,CONFIRMED_PIXEL,1,MATCH_RADIUS_500M,EXACT_TIME_COINCIDENCE,VERIFIED,7,0,TIER_1_CERTIFIED,GROUND_TRUTH_VERIFIED,NDMA_SATELLITE_CELL,COMPUTED_LEAKAGE_FREE,1,0,0.35,1.9,10.086
INC-0104,280.49,382.61,339.76,0.35,0.49,VIIRS_NOAA20,VIIRS,N,82.5,21.71068,72.66644,Industrial / Built-up,26.7,17.66,1.93,1.01,2.53,1.41,264.0,0.081,8.1,0.097,29.0,42.9,38.1,1.41,26.04,11.1,284.0,36.0,-2.3,8,Monsoon,15,0,0,6,20,71.98,20.99,35.54,104.1,215.81,121.99,1.01,0,Petrochemical Complex,Dahej SEZ Gujarat Thermal Anomaly Event #104,State Disaster Management & SPCB Field Report,https://ndma.gov.in/incident-log/inc-0104,CONFIRMED_PIXEL,1,MATCH_RADIUS_500M,EXACT_TIME_COINCIDENCE,VERIFIED,5,0,TIER_1_CERTIFIED,GROUND_TRUTH_VERIFIED,NDMA_SATELLITE_CELL,COMPUTED_LEAKAGE_FREE,1,0,2.94,0.78,1.89
INC-0105,441.56,479.2,302.44,0.48,0.46,VIIRS_NOAA21,VIIRS,D,74.3,21.07477,72.65232,Urban / Developed,2.4,34.5,5.48,0.11,21.16,0.97,1678.3,0.061,6.1,0.073,25.3,31.3,48.3,0.0,0.0,22.5,31.2,14.5,-2.59,6,Monsoon,20,0,2,4,19,24.42,26.48,27.7,148.79,285.51,39.41,0.11,1,LNG Terminal,Hazira LNG Terminal Thermal Anomaly Event #105,State Disaster Management & SPCB Field Report,https://ndma.gov.in/incident-log/inc-0105,CONFIRMED_PIXEL,1,MATCH_RADIUS_500M,EXACT_TIME_COINCIDENCE,VERIFIED,3,0,TIER_1_CERTIFIED,GROUND_TRUTH_VERIFIED,NDMA_SATELLITE_CELL,COMPUTED_LEAKAGE_FREE,1,0,4.02,1.84,9.99
INC-0106,473.74,443.0,305.96,0.51,0.34,VIIRS_NOAA21,VIIRS,N,79.5,21.76999,72.52696,Industrial / Built-up,36.8,7.32,4.79,1.1,1.4,1.3,1249.9,0.207,20.7,0.249,33.5,25.2,73.1,0.0,0.0,17.8,214.6,9.3,-3.41,1,Winter,19,0,2,5,21,37.26,13.7,37.93,148.33,234.59,74.11,1.1,0,Petrochemical Complex,Dahej SEZ Gujarat Thermal Anomaly Event #106,State Disaster Management & SPCB Field Report,https://ndma.gov.in/incident-log/inc-0106,CONFIRMED_PIXEL,1,MATCH_RADIUS_500M,EXACT_TIME_COINCIDENCE,VERIFIED,7,0,TIER_1_CERTIFIED,GROUND_TRUTH_VERIFIED,NDMA_SATELLITE_CELL,COMPUTED_LEAKAGE_FREE,1,0,0.47,2.48,7.566
INC-0107,175.25,355.02,307.23,0.46,0.33,VIIRS_NOAA21,VIIRS,N,87.5,21.73383,72.49714,Industrial / Built-up,26.2,15.73,0.99,0.44,3.44,1.3,2853.6,0.076,7.6,0.092,11.8,43.9,49.8,0.0,0.0,31.1,214.3,40.5,-1.24,5,Summer,17,0,0,8,20,36.21,5.83,98.76,28.56,250.73,192.27,0.44,1,Petrochemical Complex,Dahej SEZ Gujarat Thermal Anomaly Event #107,State Disaster Management & SPCB Field Report,https://ndma.gov.in/incident-log/inc-0107,CONFIRMED_PIXEL,1,MATCH_RADIUS_500M,EXACT_TIME_COINCIDENCE,VERIFIED,5,0,TIER_1_CERTIFIED,GROUND_TRUTH_VERIFIED,NDMA_SATELLITE_CELL,COMPUTED_LEAKAGE_FREE,1,0,3.34,1.06,6.077
INC-0108,420.75,401.02,329.31,0.51,0.43,VIIRS_NOAA20,VIIRS,N,82.0,22.35872,82.75713,Urban / Developed,281.7,4.27,0.61,0.72,12.47,1.08,2114.5,0.166,16.6,0.2,15.8,32.7,55.9,0.0,0.0,19.3,258.7,28.4,-0.79,12,Winter,2,1,1,8,20,5.56,13.26,74.63,95.33,146.74,93.8,0.72,1,Thermal Power Plant,Korba Super Thermal Power Thermal Anomaly Event #108,State Disaster Management & SPCB Field Report,https://ndma.gov.in/incident-log/inc-0108,CONFIRMED_PIXEL,1,MATCH_RADIUS_500M,EXACT_TIME_COINCIDENCE,VERIFIED,5,0,TIER_1_CERTIFIED,GROUND_TRUTH_VERIFIED,NDMA_SATELLITE_CELL,COMPUTED_LEAKAGE_FREE,1,0,0.67,1.23,1.199
INC-0109,140.9,364.68,313.28,0.47,0.49,VIIRS_NOAA21,VIIRS,D,66.1,23.72303,86.38724,Industrial / Built-up,233.8,26.02,2.8,0.64,3.94,1.97,3723.2,0.213,21.3,0.256,14.4,28.2,45.5,0.0,16.92,36.8,123.0,18.5,-3.46,5,Summer,2,0,2,5,21,54.98,9.28,62.72,21.79,55.11,170.08,0.64,1,Coal Colliery,Jharia Dhanbad Coal Belt Thermal Anomaly Event #109,State Disaster Management & SPCB Field Report,https://ndma.gov.in/incident-log/inc-0109,CONFIRMED_PIXEL,1,MATCH_RADIUS_500M,EXACT_TIME_COINCIDENCE,VERIFIED,4,0,TIER_1_CERTIFIED,GROUND_TRUTH_VERIFIED,NDMA_SATELLITE_CELL,COMPUTED_LEAKAGE_FREE,1,0,4.06,2.01,1.617
INC-0110,271.3,345.57,298.63,2.15,1.62,MODIS_TERRA,MODIS,N,67.6,23.68033,86.17237,Industrial / Built-up,230.1,25.36,2.38,0.3,20.72,0.51,998.0,0.057,5.7,0.068,24.2,40.0,62.7,0.0,0.0,11.1,116.4,37.8,-0.55,6,Monsoon,6,0,2,5,16,45.65,29.08,2.64,140.49,283.74,47.65,0.3,1,Steel Plant,Bokaro Steel City Thermal Anomaly Event #110,State Disaster Management & SPCB Field Report,https://ndma.gov.in/incident-log/inc-0110,CONFIRMED_PIXEL,1,MATCH_RADIUS_500M,EXACT_TIME_COINCIDENCE,VERIFIED,7,0,TIER_1_CERTIFIED,GROUND_TRUTH_VERIFIED,NDMA_SATELLITE_CELL,COMPUTED_LEAKAGE_FREE,1,0,0.24,0.43,7.471
INC-0111,271.58,440.39,331.68,0.51,0.51,VIIRS_NOAA21,VIIRS,D,79.1,22.35407,82.70958,Industrial / Built-up,302.9,13.2,0.5,1.16,23.1,1.55,1567.3,0.143,14.3,0.172,34.0,40.8,56.9,0.53,0.53,16.3,129.1,26.2,-0.29,1,Winter,21,1,0,6,15,10.93,13.98,19.17,81.53,29.38,115.03,1.16,0,Thermal Power Plant,Korba Super Thermal Power Thermal Anomaly Event #111,State Disaster Management & SPCB Field Report,https://ndma.gov.in/incident-log/inc-0111,CONFIRMED_PIXEL,1,MATCH_RADIUS_500M,EXACT_TIME_COINCIDENCE,VERIFIED,3,0,TIER_1_CERTIFIED,GROUND_TRUTH_VERIFIED,NDMA_SATELLITE_CELL,COMPUTED_LEAKAGE_FREE,1,0,4.14,2.91,7.259
INC-0112,381.33,355.94,330.03,0.45,0.38,VIIRS_SNPP,VIIRS,D,89.6,24.21936,82.6469,Industrial / Built-up,370.4,17.87,1.66,0.84,22.18,0.65,3319.7,0.076,7.6,0.091,14.6,31.4,30.7,0.0,0.0,21.7,84.4,9.9,-2.82,12,Winter,2,0,2,8,22,11.15,9.66,70.51,20.96,115.41,81.61,0.84,0,Coal Mine & Power,Singrauli Coal & Power Thermal Anomaly Event #112,State Disaster Management & SPCB Field Report,https://ndma.gov.in/incident-log/inc-0112,CONFIRMED_PIXEL,1,MATCH_RADIUS_500M,EXACT_TIME_COINCIDENCE,VERIFIED,6,0,TIER_1_CERTIFIED,GROUND_TRUTH_VERIFIED,NDMA_SATELLITE_CELL,COMPUTED_LEAKAGE_FREE,1,0,3.31,1.71,2.433
INC-0113,387.22,416.46,308.5,0.39,0.43,VIIRS_NOAA20,VIIRS,D,74.8,21.74683,72.62195,Industrial / Built-up,19.3,12.82,2.57,0.92,1.93,0.25,4440.2,0.147,14.7,0.177,30.0,25.0,74.0,0.0,0.0,12.5,134.0,15.2,-0.81,1,Winter,10,0,1,8,9,6.35,3.97,46.94,87.89,281.63,71.68,0.92,0,Petrochemical Complex,Dahej SEZ Gujarat Thermal Anomaly Event #113,State Disaster Management & SPCB Field Report,https://ndma.gov.in/incident-log/inc-0113,CONFIRMED_PIXEL,1,MATCH_RADIUS_500M,EXACT_TIME_COINCIDENCE,VERIFIED,4,0,TIER_1_CERTIFIED,GROUND_TRUTH_VERIFIED,NDMA_SATELLITE_CELL,COMPUTED_LEAKAGE_FREE,1,0,4.0,0.08,10.59
INC-0114,262.11,356.52,312.53,1.69,2.09,MODIS_TERRA,MODIS,N,84.4,21.81971,72.61709,Industrial / Built-up,38.5,4.49,2.48,0.15,0.97,0.28,363.3,0.148,14.8,0.177,13.5,22.3,70.3,0.0,0.0,31.5,136.5,6.9,-2.53,10,Post-Monsoon,19,1,2,10,12,12.57,6.77,99.99,134.63,25.6,184.6,0.15,1,Petrochemical Complex,Dahej SEZ Gujarat Thermal Anomaly Event #114,State Disaster Management & SPCB Field Report,https://ndma.gov.in/incident-log/inc-0114,CONFIRMED_PIXEL,1,MATCH_RADIUS_500M,EXACT_TIME_COINCIDENCE,VERIFIED,5,0,TIER_1_CERTIFIED,GROUND_TRUTH_VERIFIED,NDMA_SATELLITE_CELL,COMPUTED_LEAKAGE_FREE,1,0,2.93,2.1,10.403
INC-0115,362.21,415.04,313.68,0.52,0.42,VIIRS_NOAA21,VIIRS,D,98.8,24.25041,82.65804,Industrial / Built-up,352.2,9.81,0.56,0.16,14.81,1.79,1758.6,0.027,2.7,0.033,32.9,43.2,69.9,0.0,0.0,32.9,194.8,37.2,-0.7,2,Winter,8,1,3,6,20,26.54,10.5,20.4,106.26,131.87,64.41,0.16,1,Coal Mine & Power,Singrauli Coal & Power Thermal Anomaly Event #115,State Disaster Management & SPCB Field Report,https://ndma.gov.in/incident-log/inc-0115,CONFIRMED_PIXEL,1,MATCH_RADIUS_500M,EXACT_TIME_COINCIDENCE,VERIFIED,5,0,TIER_1_CERTIFIED,GROUND_TRUTH_VERIFIED,NDMA_SATELLITE_CELL,COMPUTED_LEAKAGE_FREE,1,0,4.34,2.31,11.912
INC-0116,385.57,406.4,316.84,2.04,1.5,MODIS_TERRA,MODIS,D,89.4,23.68151,86.2223,Industrial / Built-up,222.8,15.85,2.94,0.48,10.45,1.1,3719.1,0.074,7.4,0.089,16.9,33.2,34.3,0.0,1.69,19.7,103.1,14.9,0.05,10,Post-Monsoon,6,2,1,4,17,65.66,11.49,8.1,69.78,209.45,93.92,0.48,1,Steel Plant,Bokaro Steel City Thermal Anomaly Event #116,State Disaster Management & SPCB Field Report,https://ndma.gov.in/incident-log/inc-0116,CONFIRMED_PIXEL,1,MATCH_RADIUS_500M,EXACT_TIME_COINCIDENCE,VERIFIED,6,0,TIER_1_CERTIFIED,GROUND_TRUTH_VERIFIED,NDMA_SATELLITE_CELL,COMPUTED_LEAKAGE_FREE,1,0,0.14,0.52,9.313
INC-0117,445.04,386.68,304.41,1.6,1.4,MODIS_TERRA,MODIS,N,80.4,22.09369,88.09377,Industrial / Built-up,18.2,32.09,3.48,0.77,0.97,1.62,675.3,0.143,14.3,0.172,14.8,38.1,52.1,0.0,0.0,32.3,153.6,30.9,0.5,10,Post-Monsoon,16,0,3,2,13,2.57,15.6,15.41,100.75,276.88,108.36,0.77,1,Chemical & Refinery,Haldia Industrial Complex Thermal Anomaly Event #117,State Disaster Management & SPCB Field Report,https://ndma.gov.in/incident-log/inc-0117,CONFIRMED_PIXEL,1,MATCH_RADIUS_500M,EXACT_TIME_COINCIDENCE,VERIFIED,5,0,TIER_1_CERTIFIED,GROUND_TRUTH_VERIFIED,NDMA_SATELLITE_CELL,COMPUTED_LEAKAGE_FREE,1,0,3.6,1.89,11.523
INC-0118,370.43,371.24,304.23,0.51,0.55,VIIRS_SNPP,VIIRS,D,80.1,22.08111,88.0769,Industrial / Built-up,17.8,7.89,2.21,1.07,2.73,1.5,1967.9,0.087,8.7,0.105,24.7,41.2,65.4,0.0,0.0,26.3,71.4,10.8,2.0,7,Monsoon,13,0,3,4,19,3.21,8.81,89.87,147.38,62.76,140.69,1.07,0,Chemical & Refinery,Haldia Industrial Complex Thermal Anomaly Event #118,State Disaster Management & SPCB Field Report,https://ndma.gov.in/incident-log/inc-0118,CONFIRMED_PIXEL,1,MATCH_RADIUS_500M,EXACT_TIME_COINCIDENCE,VERIFIED,3,0,TIER_1_CERTIFIED,GROUND_TRUTH_VERIFIED,NDMA_SATELLITE_CELL,COMPUTED_LEAKAGE_FREE,1,0,3.27,0.78,8.226
INC-0119,256.74,445.35,333.34,0.51,0.5,VIIRS_NOAA20,VIIRS,N,97.0,24.16093,82.69653,Industrial / Built-up,384.4,12.1,5.71,0.89,7.05,0.95,3792.9,0.144,14.4,0.173,23.5,30.6,47.7,0.0,0.0,8.9,188.8,43.5,-0.16,7,Monsoon,18,1,2,5,15,64.73,16.86,68.5,9.42,232.29,25.45,0.89,0,Coal Mine & Power,Singrauli Coal & Power Thermal Anomaly Event #119,State Disaster Management & SPCB Field Report,https://ndma.gov.in/incident-log/inc-0119,CONFIRMED_PIXEL,1,MATCH_RADIUS_500M,EXACT_TIME_COINCIDENCE,VERIFIED,4,0,TIER_1_CERTIFIED,GROUND_TRUTH_VERIFIED,NDMA_SATELLITE_CELL,COMPUTED_LEAKAGE_FREE,1,0,4.16,0.7,10.491
INC-0120,136.1,420.56,328.17,0.39,0.36,VIIRS_NOAA21,VIIRS,N,85.2,22.40995,69.83099,Industrial / Built-up,15.1,18.62,5.78,0.83,3.19,1.49,1310.3,0.067,6.7,0.08,12.9,38.5,39.3,0.0,0.0,12.8,9.3,16.4,-0.45,5,Summer,3,0,3,5,21,2.97,3.32,42.35,54.47,261.05,151.52,0.83,0,Oil Refinery,Jamnagar Reliance Refinery Thermal Anomaly Event #120,State Disaster Management & SPCB Field Report,https://ndma.gov.in/incident-log/inc-0120,CONFIRMED_PIXEL,1,MATCH_RADIUS_500M,EXACT_TIME_COINCIDENCE,VERIFIED,6,0,TIER_1_CERTIFIED,GROUND_TRUTH_VERIFIED,NDMA_SATELLITE_CELL,COMPUTED_LEAKAGE_FREE,1,0,3.7,0.42,7.875
INC-0121,79.15,472.19,298.5,0.33,0.47,VIIRS_NOAA21,VIIRS,D,83.6,21.75201,72.68149,Industrial / Built-up,15.8,32.52,1.99,0.48,2.03,1.78,3919.5,0.102,10.2,0.122,21.8,35.1,42.5,0.0,0.0,8.0,46.5,26.5,1.65,9,Monsoon,23,0,1,6,15,75.64,22.45,17.8,21.42,209.02,86.02,0.48,1,Petrochemical Complex,Dahej SEZ Gujarat Thermal Anomaly Event #121,State Disaster Management & SPCB Field Report,https://ndma.gov.in/incident-log/inc-0121,CONFIRMED_PIXEL,1,MATCH_RADIUS_500M,EXACT_TIME_COINCIDENCE,VERIFIED,3,0,TIER_1_CERTIFIED,GROUND_TRUTH_VERIFIED,NDMA_SATELLITE_CELL,COMPUTED_LEAKAGE_FREE,1,0,1.73,1.63,8.708
INC-0122,378.72,485.9,307.86,1.42,1.9,MODIS_TERRA,MODIS,D,96.3,24.19438,82.70258,Urban / Developed,375.5,14.72,4.59,0.55,20.81,1.14,2540.7,0.142,14.2,0.17,16.4,26.4,47.3,0.0,0.0,23.9,187.6,11.0,-3.14,8,Monsoon,3,0,1,4,21,74.73,28.49,16.24,55.12,150.51,163.08,0.55,1,Coal Mine & Power,Singrauli Coal & Power Thermal Anomaly Event #122,State Disaster Management & SPCB Field Report,https://ndma.gov.in/incident-log/inc-0122,CONFIRMED_PIXEL,1,MATCH_RADIUS_500M,EXACT_TIME_COINCIDENCE,VERIFIED,6,0,TIER_1_CERTIFIED,GROUND_TRUTH_VERIFIED,NDMA_SATELLITE_CELL,COMPUTED_LEAKAGE_FREE,1,0,3.38,0.53,1.573
INC-0123,406.33,425.7,322.34,0.34,0.42,VIIRS_SNPP,VIIRS,N,73.1,22.33974,82.69387,Industrial / Built-up,282.6,31.11,0.74,0.35,22.14,1.53,630.5,0.079,7.9,0.095,27.0,40.7,71.5,0.0,0.0,11.7,122.1,24.9,-1.09,5,Summer,15,0,3,6,4,6.32,15.99,57.66,10.1,135.24,118.41,0.35,1,Thermal Power Plant,Korba Super Thermal Power Thermal Anomaly Event #123,State Disaster Management & SPCB Field Report,https://ndma.gov.in/incident-log/inc-0123,CONFIRMED_PIXEL,1,MATCH_RADIUS_500M,EXACT_TIME_COINCIDENCE,VERIFIED,3,0,TIER_1_CERTIFIED,GROUND_TRUTH_VERIFIED,NDMA_SATELLITE_CELL,COMPUTED_LEAKAGE_FREE,1,0,4.0,2.85,8.951
INC-0124,418.13,411.12,295.18,1.2,1.52,MODIS_TERRA,MODIS,D,75.1,21.71783,72.55806,Urban / Developed,15.1,16.92,1.35,0.81,2.51,0.44,2325.5,0.178,17.8,0.214,26.0,35.2,22.3,0.0,0.0,23.0,187.2,29.4,-2.05,10,Post-Monsoon,4,1,5,5,25,71.64,13.82,22.86,66.79,235.17,114.05,0.81,0,Petrochemical Complex,Dahej SEZ Gujarat Thermal Anomaly Event #124,State Disaster Management & SPCB Field Report,https://ndma.gov.in/incident-log/inc-0124,CONFIRMED_PIXEL,1,MATCH_RADIUS_500M,EXACT_TIME_COINCIDENCE,VERIFIED,7,0,TIER_1_CERTIFIED,GROUND_TRUTH_VERIFIED,NDMA_SATELLITE_CELL,COMPUTED_LEAKAGE_FREE,1,0,1.48,1.9,1.668
INC-0125,425.51,480.81,331.23,0.44,0.35,VIIRS_NOAA21,VIIRS,N,98.7,13.16254,80.31567,Industrial / Built-up,33.8,21.07,5.04,0.4,1.45,0.7,1007.9,0.04,4.0,0.048,23.2,24.9,33.8,0.0,0.0,28.1,173.6,25.8,1.86,8,Monsoon,15,0,0,6,16,40.05,9.28,96.55,136.1,111.03,38.05,0.4,1,Petrochemical Plant,Manali Petrochem Chennai Thermal Anomaly Event #125,State Disaster Management & SPCB Field Report,https://ndma.gov.in/incident-log/inc-0125,CONFIRMED_PIXEL,1,MATCH_RADIUS_500M,EXACT_TIME_COINCIDENCE,VERIFIED,4,0,TIER_1_CERTIFIED,GROUND_TRUTH_VERIFIED,NDMA_SATELLITE_CELL,COMPUTED_LEAKAGE_FREE,1,0,0.49,1.66,11.023
INC-0126,170.65,427.84,321.61,0.5,0.37,VIIRS_NOAA21,VIIRS,N,76.3,17.58631,83.13732,Industrial / Built-up,26.3,27.1,3.33,0.43,21.26,0.69,2211.1,0.097,9.7,0.117,27.2,25.4,35.7,0.0,0.0,15.4,118.3,16.4,-0.87,3,Summer,9,0,0,8,14,43.06,12.64,12.9,75.01,143.78,134.6,0.43,1,Steel Plant,Visakhapatnam Steel Zone Thermal Anomaly Event #126,State Disaster Management & SPCB Field Report,https://ndma.gov.in/incident-log/inc-0126,CONFIRMED_PIXEL,1,MATCH_RADIUS_500M,EXACT_TIME_COINCIDENCE,VERIFIED,5,0,TIER_1_CERTIFIED,GROUND_TRUTH_VERIFIED,NDMA_SATELLITE_CELL,COMPUTED_LEAKAGE_FREE,1,0,4.22,0.38,10.105
INC-0127,252.52,465.23,329.01,1.6,1.37,MODIS_TERRA,MODIS,D,93.4,21.19457,72.6765,Industrial / Built-up,13.6,7.46,1.13,0.97,14.18,1.02,269.6,0.173,17.3,0.208,18.9,30.4,36.9,0.0,0.0,26.2,184.2,11.4,-3.21,1,Winter,13,0,3,6,23,56.04,25.91,66.6,132.92,234.78,36.23,0.97,0,LNG Terminal,Hazira LNG Terminal Thermal Anomaly Event #127,State Disaster Management & SPCB Field Report,https://ndma.gov.in/incident-log/inc-0127,CONFIRMED_PIXEL,1,MATCH_RADIUS_500M,EXACT_TIME_COINCIDENCE,VERIFIED,7,0,TIER_1_CERTIFIED,GROUND_TRUTH_VERIFIED,NDMA_SATELLITE_CELL,COMPUTED_LEAKAGE_FREE,1,0,0.12,0.28,3.492
INC-0128,150.68,476.25,299.19,0.38,0.34,VIIRS_NOAA20,VIIRS,N,97.5,22.3935,69.83193,Industrial / Built-up,27.9,31.51,4.03,0.53,1.1,0.81,3853.1,0.194,19.4,0.233,20.5,33.2,66.3,0.0,0.0,20.1,315.9,6.6,0.93,2,Winter,14,1,2,5,16,2.08,10.25,97.21,39.27,281.6,134.98,0.53,1,Oil Refinery,Jamnagar Reliance Refinery Thermal Anomaly Event #128,State Disaster Management & SPCB Field Report,https://ndma.gov.in/incident-log/inc-0128,CONFIRMED_PIXEL,1,MATCH_RADIUS_500M,EXACT_TIME_COINCIDENCE,VERIFIED,3,0,TIER_1_CERTIFIED,GROUND_TRUTH_VERIFIED,NDMA_SATELLITE_CELL,COMPUTED_LEAKAGE_FREE,1,0,2.1,2.27,9.852
INC-0129,205.39,443.5,312.42,0.41,0.49,VIIRS_NOAA21,VIIRS,D,65.7,21.74233,72.5304,Industrial / Built-up,22.7,29.91,1.06,0.83,0.95,0.13,130.0,0.027,2.7,0.033,32.6,32.0,75.8,0.0,0.0,9.2,310.7,15.6,-0.25,1,Winter,16,0,2,5,19,17.51,18.59,73.82,72.82,30.79,60.38,0.83,0,Petrochemical Complex,Dahej SEZ Gujarat Thermal Anomaly Event #129,State Disaster Management & SPCB Field Report,https://ndma.gov.in/incident-log/inc-0129,CONFIRMED_PIXEL,1,MATCH_RADIUS_500M,EXACT_TIME_COINCIDENCE,VERIFIED,3,0,TIER_1_CERTIFIED,GROUND_TRUTH_VERIFIED,NDMA_SATELLITE_CELL,COMPUTED_LEAKAGE_FREE,1,0,2.07,2.66,3.639
INC-0130,242.98,423.39,313.18,0.51,0.33,VIIRS_NOAA21,VIIRS,D,73.3,21.63814,72.56942,Industrial / Built-up,20.8,4.47,2.06,0.55,2.25,0.96,242.1,0.124,12.4,0.149,10.3,22.7,57.5,0.0,0.0,5.3,358.1,24.3,0.66,1,Winter,5,0,3,3,15,30.34,12.25,31.81,42.94,279.24,20.86,0.55,1,Petrochemical Complex,Dahej SEZ Gujarat Thermal Anomaly Event #130,State Disaster Management & SPCB Field Report,https://ndma.gov.in/incident-log/inc-0130,CONFIRMED_PIXEL,1,MATCH_RADIUS_500M,EXACT_TIME_COINCIDENCE,VERIFIED,6,0,TIER_1_CERTIFIED,GROUND_TRUTH_VERIFIED,NDMA_SATELLITE_CELL,COMPUTED_LEAKAGE_FREE,1,0,0.99,3.07,7.365
INC-0131,151.46,472.22,313.72,0.47,0.38,VIIRS_NOAA20,VIIRS,N,74.8,22.07511,88.1201,Industrial / Built-up,3.7,32.47,2.74,0.27,1.86,1.83,2021.5,0.201,20.1,0.242,13.1,36.7,26.5,0.0,11.92,13.0,336.1,33.8,0.65,2,Winter,14,0,3,6,18,3.24,2.91,72.33,89.24,182.27,148.14,0.27,1,Chemical & Refinery,Haldia Industrial Complex Thermal Anomaly Event #131,State Disaster Management & SPCB Field Report,https://ndma.gov.in/incident-log/inc-0131,CONFIRMED_PIXEL,1,MATCH_RADIUS_500M,EXACT_TIME_COINCIDENCE,VERIFIED,5,0,TIER_1_CERTIFIED,GROUND_TRUTH_VERIFIED,NDMA_SATELLITE_CELL,COMPUTED_LEAKAGE_FREE,1,0,2.38,1.5,3.78
INC-0132,318.71,444.9,327.0,0.43,0.42,VIIRS_NOAA20,VIIRS,N,91.6,22.32524,69.8658,Urban / Developed,33.1,30.65,3.02,0.35,0.92,1.02,551.1,0.115,11.5,0.138,34.8,39.9,54.3,0.0,0.0,35.7,341.0,19.8,-2.75,4,Summer,6,1,1,8,19,3.56,11.97,77.48,26.38,51.63,125.44,0.35,1,Oil Refinery,Jamnagar Reliance Refinery Thermal Anomaly Event #132,State Disaster Management & SPCB Field Report,https://ndma.gov.in/incident-log/inc-0132,CONFIRMED_PIXEL,1,MATCH_RADIUS_500M,EXACT_TIME_COINCIDENCE,VERIFIED,4,0,TIER_1_CERTIFIED,GROUND_TRUTH_VERIFIED,NDMA_SATELLITE_CELL,COMPUTED_LEAKAGE_FREE,1,0,0.85,0.89,6.114
INC-0133,355.9,480.66,336.05,0.41,0.4,VIIRS_NOAA21,VIIRS,D,91.1,17.64647,83.19379,Industrial / Built-up,35.6,11.59,1.22,0.4,22.59,1.95,1190.5,0.022,2.2,0.026,21.1,42.1,35.8,0.0,0.0,22.8,18.2,6.8,0.46,5,Summer,14,0,2,8,23,69.45,4.19,14.24,51.5,141.42,193.07,0.4,1,Steel Plant,Visakhapatnam Steel Zone Thermal Anomaly Event #133,State Disaster Management & SPCB Field Report,https://ndma.gov.in/incident-log/inc-0133,CONFIRMED_PIXEL,1,MATCH_RADIUS_500M,EXACT_TIME_COINCIDENCE,VERIFIED,5,0,TIER_1_CERTIFIED,GROUND_TRUTH_VERIFIED,NDMA_SATELLITE_CELL,COMPUTED_LEAKAGE_FREE,1,0,1.8,1.58,4.266
INC-0134,57.94,350.76,324.69,0.54,0.38,VIIRS_NOAA21,VIIRS,D,83.6,23.78479,86.37742,Industrial / Built-up,244.0,27.67,5.96,0.81,3.16,0.3,2750.4,0.206,20.6,0.247,33.7,32.6,45.0,0.0,0.0,30.2,95.0,5.2,0.18,9,Monsoon,14,0,3,9,20,71.08,16.3,84.24,32.43,260.57,118.11,0.81,0,Coal Colliery,Jharia Dhanbad Coal Belt Thermal Anomaly Event #134,State Disaster Management & SPCB Field Report,https://ndma.gov.in/incident-log/inc-0134,CONFIRMED_PIXEL,1,MATCH_RADIUS_500M,EXACT_TIME_COINCIDENCE,VERIFIED,5,0,TIER_1_CERTIFIED,GROUND_TRUTH_VERIFIED,NDMA_SATELLITE_CELL,COMPUTED_LEAKAGE_FREE,1,0,0.95,0.73,8.86
INC-0135,270.54,392.85,305.53,0.38,0.48,VIIRS_SNPP,VIIRS,N,88.9,21.11129,72.69867,Urban / Developed,2.2,12.32,4.1,0.66,23.71,0.85,400.2,0.111,11.1,0.133,21.8,30.2,51.0,0.0,18.49,26.9,228.0,9.0,-0.18,6,Monsoon,7,1,1,8,17,57.04,15.19,56.13,46.02,98.64,179.81,0.66,1,LNG Terminal,Hazira LNG Terminal Thermal Anomaly Event #135,State Disaster Management & SPCB Field Report,https://ndma.gov.in/incident-log/inc-0135,CONFIRMED_PIXEL,1,MATCH_RADIUS_500M,EXACT_TIME_COINCIDENCE,VERIFIED,4,0,TIER_1_CERTIFIED,GROUND_TRUTH_VERIFIED,NDMA_SATELLITE_CELL,COMPUTED_LEAKAGE_FREE,1,0,3.8,1.88,7.431
INC-0136,196.64,448.27,298.6,0.39,0.47,VIIRS_SNPP,VIIRS,N,88.3,21.63481,72.59038,Industrial / Built-up,10.2,22.27,3.58,0.9,2.86,0.34,2516.6,0.05,5.0,0.06,21.7,37.1,75.9,0.0,0.99,25.0,159.8,12.5,0.09,2,Winter,0,0,2,2,17,6.38,21.0,37.13,127.23,197.15,107.93,0.9,0,Petrochemical Complex,Dahej SEZ Gujarat Thermal Anomaly Event #136,State Disaster Management & SPCB Field Report,https://ndma.gov.in/incident-log/inc-0136,CONFIRMED_PIXEL,1,MATCH_RADIUS_500M,EXACT_TIME_COINCIDENCE,VERIFIED,5,0,TIER_1_CERTIFIED,GROUND_TRUTH_VERIFIED,NDMA_SATELLITE_CELL,COMPUTED_LEAKAGE_FREE,1,0,0.91,1.41,9.813
INC-0137,166.63,359.11,323.77,0.49,0.34,VIIRS_NOAA21,VIIRS,N,90.1,21.99915,88.12526,Urban / Developed,26.5,8.16,4.05,0.44,2.51,1.16,2038.0,0.107,10.7,0.129,16.7,40.0,20.6,0.0,0.0,17.5,179.0,31.7,-3.43,1,Winter,1,0,4,6,23,1.1,19.87,20.46,140.33,172.51,172.88,0.44,1,Chemical & Refinery,Haldia Industrial Complex Thermal Anomaly Event #137,State Disaster Management & SPCB Field Report,https://ndma.gov.in/incident-log/inc-0137,CONFIRMED_PIXEL,1,MATCH_RADIUS_500M,EXACT_TIME_COINCIDENCE,VERIFIED,3,0,TIER_1_CERTIFIED,GROUND_TRUTH_VERIFIED,NDMA_SATELLITE_CELL,COMPUTED_LEAKAGE_FREE,1,0,3.68,3.07,10.606
INC-0138,292.72,469.17,298.53,0.42,0.43,VIIRS_SNPP,VIIRS,N,66.3,23.75412,86.32444,Urban / Developed,213.0,30.36,1.67,0.82,14.49,1.68,580.8,0.103,10.3,0.124,18.2,34.3,66.8,0.0,0.0,23.9,197.1,30.6,-2.07,4,Summer,7,0,3,4,22,14.38,4.76,60.11,116.91,285.25,88.24,0.82,0,Coal Colliery,Jharia Dhanbad Coal Belt Thermal Anomaly Event #138,State Disaster Management & SPCB Field Report,https://ndma.gov.in/incident-log/inc-0138,CONFIRMED_PIXEL,1,MATCH_RADIUS_500M,EXACT_TIME_COINCIDENCE,VERIFIED,4,0,TIER_1_CERTIFIED,GROUND_TRUTH_VERIFIED,NDMA_SATELLITE_CELL,COMPUTED_LEAKAGE_FREE,1,0,3.76,0.97,10.5
INC-0139,463.18,408.85,305.73,1.5,1.88,MODIS_TERRA,MODIS,D,83.3,24.15961,82.70737,Industrial / Built-up,373.7,22.72,1.08,0.71,13.51,1.73,3190.2,0.067,6.7,0.08,24.3,31.1,33.0,0.0,0.0,25.4,264.3,19.8,0.46,1,Winter,11,1,2,5,27,44.8,8.4,70.81,22.05,174.21,198.12,0.71,1,Coal Mine & Power,Singrauli Coal & Power Thermal Anomaly Event #139,State Disaster Management & SPCB Field Report,https://ndma.gov.in/incident-log/inc-0139,CONFIRMED_PIXEL,1,MATCH_RADIUS_500M,EXACT_TIME_COINCIDENCE,VERIFIED,3,0,TIER_1_CERTIFIED,GROUND_TRUTH_VERIFIED,NDMA_SATELLITE_CELL,COMPUTED_LEAKAGE_FREE,1,0,3.8,2.33,10.738
INC-0140,50.12,489.61,307.65,0.53,0.54,VIIRS_SNPP,VIIRS,D,66.6,22.35311,82.78856,Industrial / Built-up,286.4,9.48,3.69,1.09,9.36,1.37,2823.7,0.083,8.3,0.099,14.5,41.8,68.3,0.0,0.0,15.1,354.1,31.7,-3.26,7,Monsoon,4,1,1,7,18,19.09,19.12,40.28,75.11,83.08,139.6,1.09,0,Thermal Power Plant,Korba Super Thermal Power Thermal Anomaly Event #140,State Disaster Management & SPCB Field Report,https://ndma.gov.in/incident-log/inc-0140,CONFIRMED_PIXEL,1,MATCH_RADIUS_500M,EXACT_TIME_COINCIDENCE,VERIFIED,7,0,TIER_1_CERTIFIED,GROUND_TRUTH_VERIFIED,NDMA_SATELLITE_CELL,COMPUTED_LEAKAGE_FREE,1,0,3.43,2.07,1.447
INC-0141,493.59,392.62,310.3,1.33,2.2,MODIS_TERRA,MODIS,N,91.3,21.61913,86.32874,Dense Forest / Woodland,786.2,0.08,19.96,71.88,65.64,107.99,254.2,0.751,75.1,0.902,5.5,35.7,66.2,0.0,0.0,8.8,317.7,28.3,-2.8,11,Post-Monsoon,22,2,5,7,17,161.67,105.76,72.89,74.53,45.33,11.04,71.88,0,National Forest Reserve,Simlipal Tiger Reserve Thermal Anomaly Event #141,State Disaster Management & SPCB Field Report,https://ndma.gov.in/incident-log/inc-0141,CONFIRMED_PIXEL,1,MATCH_RADIUS_500M,EXACT_TIME_COINCIDENCE,VERIFIED,6,0,TIER_1_CERTIFIED,GROUND_TRUTH_VERIFIED,NDMA_SATELLITE_CELL,COMPUTED_LEAKAGE_FREE,1,0,3.6,1.12,0.088
INC-0142,203.24,378.09,296.99,0.37,0.46,VIIRS_NOAA21,VIIRS,D,68.1,21.61234,86.26642,Dense Forest / Woodland,793.4,0.02,21.51,70.19,64.21,91.18,288.6,0.72,72.0,0.864,20.8,23.0,18.9,0.0,4.72,31.7,320.2,25.8,-0.39,7,Monsoon,10,0,4,8,16,67.66,66.66,59.52,119.25,28.77,169.36,70.19,0,National Forest Reserve,Simlipal Tiger Reserve Thermal Anomaly Event #142,State Disaster Management & SPCB Field Report,https://ndma.gov.in/incident-log/inc-0142,CONFIRMED_PIXEL,1,MATCH_RADIUS_500M,EXACT_TIME_COINCIDENCE,VERIFIED,6,0,TIER_1_CERTIFIED,GROUND_TRUTH_VERIFIED,NDMA_SATELLITE_CELL,COMPUTED_LEAKAGE_FREE,1,0,3.91,3.15,6.339
INC-0143,209.46,381.7,311.45,0.44,0.38,VIIRS_NOAA20,VIIRS,N,97.9,21.72877,86.32869,Dense Forest / Woodland,791.5,0.37,25.34,73.72,113.06,99.97,147.0,0.742,74.2,0.89,9.9,29.0,43.5,0.0,0.0,21.2,304.0,14.6,-1.22,11,Post-Monsoon,10,0,5,7,11,121.23,113.94,109.57,70.49,43.06,172.49,73.72,0,National Forest Reserve,Simlipal Tiger Reserve Thermal Anomaly Event #143,State Disaster Management & SPCB Field Report,https://ndma.gov.in/incident-log/inc-0143,CONFIRMED_PIXEL,1,MATCH_RADIUS_500M,EXACT_TIME_COINCIDENCE,VERIFIED,4,0,TIER_1_CERTIFIED,GROUND_TRUTH_VERIFIED,NDMA_SATELLITE_CELL,COMPUTED_LEAKAGE_FREE,1,0,1.78,1.35,8.734
INC-0144,208.01,391.68,292.38,0.46,0.5,VIIRS_SNPP,VIIRS,N,91.2,21.57816,86.28667,Dense Forest / Woodland,776.8,0.17,24.28,81.98,65.83,76.45,107.0,0.72,72.0,0.865,12.5,27.1,27.1,0.0,1.77,4.3,225.8,17.7,1.85,8,Monsoon,2,0,5,3,12,144.8,92.27,82.14,61.12,89.53,132.27,81.98,0,National Forest Reserve,Simlipal Tiger Reserve Thermal Anomaly Event #144,State Disaster Management & SPCB Field Report,https://ndma.gov.in/incident-log/inc-0144,CONFIRMED_PIXEL,1,MATCH_RADIUS_500M,EXACT_TIME_COINCIDENCE,VERIFIED,3,0,TIER_1_CERTIFIED,GROUND_TRUTH_VERIFIED,NDMA_SATELLITE_CELL,COMPUTED_LEAKAGE_FREE,1,0,2.46,1.76,7.849
INC-0145,419.54,340.32,302.81,0.36,0.51,VIIRS_NOAA20,VIIRS,D,91.9,11.65396,76.68883,Dense Forest / Woodland,862.2,0.2,47.93,49.95,144.5,78.54,36.2,0.762,76.2,0.915,13.2,32.4,61.1,0.0,0.0,37.0,13.5,17.6,-1.77,12,Winter,23,3,5,7,16,139.97,104.3,70.28,57.1,26.02,99.27,49.95,0,National Forest Reserve,Bandipur Forest Belt Thermal Anomaly Event #145,State Disaster Management & SPCB Field Report,https://ndma.gov.in/incident-log/inc-0145,CONFIRMED_PIXEL,1,MATCH_RADIUS_500M,EXACT_TIME_COINCIDENCE,VERIFIED,3,0,TIER_1_CERTIFIED,GROUND_TRUTH_VERIFIED,NDMA_SATELLITE_CELL,COMPUTED_LEAKAGE_FREE,1,0,0.64,1.66,7.027
INC-0146,365.12,429.14,294.1,0.49,0.42,VIIRS_SNPP,VIIRS,D,75.8,11.70241,76.62066,Dense Forest / Woodland,865.6,0.06,43.12,72.38,143.19,62.31,214.2,0.818,81.8,0.982,14.0,43.6,60.7,0.0,0.0,21.6,55.3,41.9,0.67,10,Post-Monsoon,12,2,2,3,11,193.03,35.69,106.33,99.94,24.57,51.86,72.38,0,National Forest Reserve,Bandipur Forest Belt Thermal Anomaly Event #146,State Disaster Management & SPCB Field Report,https://ndma.gov.in/incident-log/inc-0146,CONFIRMED_PIXEL,1,MATCH_RADIUS_500M,EXACT_TIME_COINCIDENCE,VERIFIED,7,0,TIER_1_CERTIFIED,GROUND_TRUTH_VERIFIED,NDMA_SATELLITE_CELL,COMPUTED_LEAKAGE_FREE,1,0,2.09,2.55,10.065
INC-0147,323.33,435.72,305.68,0.38,0.33,VIIRS_SNPP,VIIRS,D,89.7,11.6906,76.64915,Dense Forest / Woodland,868.4,0.12,46.74,72.8,80.35,67.63,162.4,0.796,79.6,0.956,6.6,23.3,58.9,0.0,0.0,33.7,306.4,36.1,-2.02,12,Winter,0,1,5,6,13,198.75,39.18,84.51,25.1,25.0,32.44,72.8,0,National Forest Reserve,Bandipur Forest Belt Thermal Anomaly Event #147,State Disaster Management & SPCB Field Report,https://ndma.gov.in/incident-log/inc-0147,CONFIRMED_PIXEL,1,MATCH_RADIUS_500M,EXACT_TIME_COINCIDENCE,VERIFIED,7,0,TIER_1_CERTIFIED,GROUND_TRUTH_VERIFIED,NDMA_SATELLITE_CELL,COMPUTED_LEAKAGE_FREE,1,0,3.21,0.15,10.444
INC-0148,529.54,406.25,310.03,2.15,1.51,MODIS_TERRA,MODIS,D,71.9,21.73395,86.29458,Dense Forest / Woodland,783.6,0.13,25.55,56.24,105.18,90.54,19.0,0.554,55.4,0.665,13.2,43.5,53.7,0.0,1.7,19.0,210.5,37.6,1.94,10,Post-Monsoon,20,1,6,6,17,96.0,115.38,58.67,101.19,97.25,86.38,56.24,0,National Forest Reserve,Simlipal Tiger Reserve Thermal Anomaly Event #148,State Disaster Management & SPCB Field Report,https://ndma.gov.in/incident-log/inc-0148,CONFIRMED_PIXEL,1,MATCH_RADIUS_500M,EXACT_TIME_COINCIDENCE,VERIFIED,4,0,TIER_1_CERTIFIED,GROUND_TRUTH_VERIFIED,NDMA_SATELLITE_CELL,COMPUTED_LEAKAGE_FREE,1,0,2.3,1.01,11.685
INC-0149,411.52,356.64,294.29,0.43,0.49,VIIRS_NOAA20,VIIRS,D,97.8,11.62052,76.59513,Dense Forest / Woodland,854.1,0.12,43.3,32.67,115.49,62.66,236.1,0.62,62.0,0.744,18.2,33.8,73.2,0.0,0.0,31.0,65.3,33.5,-1.38,7,Monsoon,21,2,2,8,12,60.03,41.42,142.7,99.38,89.39,46.19,32.67,0,National Forest Reserve,Bandipur Forest Belt Thermal Anomaly Event #149,State Disaster Management & SPCB Field Report,https://ndma.gov.in/incident-log/inc-0149,CONFIRMED_PIXEL,1,MATCH_RADIUS_500M,EXACT_TIME_COINCIDENCE,VERIFIED,5,0,TIER_1_CERTIFIED,GROUND_TRUTH_VERIFIED,NDMA_SATELLITE_CELL,COMPUTED_LEAKAGE_FREE,1,0,0.58,3.16,7.436
INC-0150,374.57,430.07,314.56,0.39,0.39,VIIRS_NOAA21,VIIRS,D,90.7,21.70637,86.3305,Shrubland / Grassland,795.6,0.05,17.54,81.44,79.47,40.14,113.3,0.611,61.1,0.734,10.7,31.6,81.4,0.0,0.0,31.6,353.2,42.1,1.44,10,Post-Monsoon,21,1,2,7,21,91.33,60.64,149.01,84.94,61.88,77.03,81.44,0,National Forest Reserve,Simlipal Tiger Reserve Thermal Anomaly Event #150,State Disaster Management & SPCB Field Report,https://ndma.gov.in/incident-log/inc-0150,CONFIRMED_PIXEL,1,MATCH_RADIUS_500M,EXACT_TIME_COINCIDENCE,VERIFIED,4,0,TIER_1_CERTIFIED,GROUND_TRUTH_VERIFIED,NDMA_SATELLITE_CELL,COMPUTED_LEAKAGE_FREE,1,0,0.53,2.88,4.205
INC-0151,338.51,387.77,295.07,0.33,0.49,VIIRS_NOAA20,VIIRS,N,93.4,21.70222,86.28682,Dense Forest / Woodland,783.9,0.32,41.57,31.3,104.8,96.22,12.8,0.753,75.3,0.904,5.4,37.3,40.9,0.0,7.11,21.7,267.2,25.4,-1.18,3,Summer,10,1,7,7,10,170.98,86.62,56.79,79.01,76.81,194.13,31.3,0,National Forest Reserve,Simlipal Tiger Reserve Thermal Anomaly Event #151,State Disaster Management & SPCB Field Report,https://ndma.gov.in/incident-log/inc-0151,CONFIRMED_PIXEL,1,MATCH_RADIUS_500M,EXACT_TIME_COINCIDENCE,VERIFIED,7,0,TIER_1_CERTIFIED,GROUND_TRUTH_VERIFIED,NDMA_SATELLITE_CELL,COMPUTED_LEAKAGE_FREE,1,0,2.04,0.11,0.903
INC-0152,71.52,350.83,309.28,0.35,0.33,VIIRS_SNPP,VIIRS,N,65.4,11.66167,76.67248,Dense Forest / Woodland,856.2,0.25,44.0,26.84,132.85,103.06,236.6,0.61,61.0,0.732,8.0,38.4,59.5,0.0,0.0,30.7,166.5,42.6,-0.82,1,Winter,15,1,3,8,10,96.26,93.78,63.63,144.53,23.23,168.15,26.84,0,National Forest Reserve,Bandipur Forest Belt Thermal Anomaly Event #152,State Disaster Management & SPCB Field Report,https://ndma.gov.in/incident-log/inc-0152,CONFIRMED_PIXEL,1,MATCH_RADIUS_500M,EXACT_TIME_COINCIDENCE,VERIFIED,6,0,TIER_1_CERTIFIED,GROUND_TRUTH_VERIFIED,NDMA_SATELLITE_CELL,COMPUTED_LEAKAGE_FREE,1,0,3.94,0.36,5.241
INC-0153,427.72,421.67,298.7,1.54,2.03,MODIS_TERRA,MODIS,D,98.5,11.67539,76.67765,Dense Forest / Woodland,846.1,0.19,38.75,89.98,134.33,68.94,24.0,0.84,84.0,1.008,19.7,36.8,65.1,0.0,0.0,36.5,276.0,43.8,0.6,5,Summer,21,1,5,4,15,61.45,86.36,117.43,125.71,72.06,171.35,89.98,0,National Forest Reserve,Bandipur Forest Belt Thermal Anomaly Event #153,State Disaster Management & SPCB Field Report,https://ndma.gov.in/incident-log/inc-0153,CONFIRMED_PIXEL,1,MATCH_RADIUS_500M,EXACT_TIME_COINCIDENCE,VERIFIED,4,0,TIER_1_CERTIFIED,GROUND_TRUTH_VERIFIED,NDMA_SATELLITE_CELL,COMPUTED_LEAKAGE_FREE,1,0,3.84,2.72,4.283
INC-0154,69.23,330.17,303.08,1.94,1.81,MODIS_TERRA,MODIS,N,69.0,21.59798,86.33649,Dense Forest / Woodland,779.1,0.4,49.76,74.48,145.52,111.02,295.6,0.692,69.2,0.83,15.7,29.3,66.8,0.0,11.0,5.8,195.5,15.4,-0.27,3,Summer,22,2,2,3,11,104.55,44.94,122.05,60.39,50.26,191.71,74.48,0,National Forest Reserve,Simlipal Tiger Reserve Thermal Anomaly Event #154,State Disaster Management & SPCB Field Report,https://ndma.gov.in/incident-log/inc-0154,CONFIRMED_PIXEL,1,MATCH_RADIUS_500M,EXACT_TIME_COINCIDENCE,VERIFIED,7,0,TIER_1_CERTIFIED,GROUND_TRUTH_VERIFIED,NDMA_SATELLITE_CELL,COMPUTED_LEAKAGE_FREE,1,0,4.26,0.5,7.718
INC-0155,388.09,413.48,303.32,0.53,0.39,VIIRS_NOAA20,VIIRS,D,71.5,21.6338,86.37803,Dense Forest / Woodland,794.2,0.38,19.55,45.08,111.14,117.12,237.2,0.822,82.2,0.987,17.3,29.3,46.6,0.0,16.27,22.8,219.1,42.1,0.16,2,Winter,10,2,2,3,9,73.38,32.03,46.13,75.09,24.19,58.59,45.08,0,National Forest Reserve,Simlipal Tiger Reserve Thermal Anomaly Event #155,State Disaster Management & SPCB Field Report,https://ndma.gov.in/incident-log/inc-0155,CONFIRMED_PIXEL,1,MATCH_RADIUS_500M,EXACT_TIME_COINCIDENCE,VERIFIED,4,0,TIER_1_CERTIFIED,GROUND_TRUTH_VERIFIED,NDMA_SATELLITE_CELL,COMPUTED_LEAKAGE_FREE,1,0,0.31,0.52,4.973
INC-0156,118.83,383.8,309.85,0.38,0.41,VIIRS_NOAA20,VIIRS,D,78.6,21.57109,86.38468,Dense Forest / Woodland,772.8,0.04,36.94,70.35,102.99,71.33,148.9,0.672,67.2,0.806,14.8,28.3,35.2,0.0,0.0,36.8,246.2,36.7,-1.89,4,Summer,1,0,4,8,12,147.07,117.18,50.44,100.6,51.2,64.44,70.35,0,National Forest Reserve,Simlipal Tiger Reserve Thermal Anomaly Event #156,State Disaster Management & SPCB Field Report,https://ndma.gov.in/incident-log/inc-0156,CONFIRMED_PIXEL,1,MATCH_RADIUS_500M,EXACT_TIME_COINCIDENCE,VERIFIED,5,0,TIER_1_CERTIFIED,GROUND_TRUTH_VERIFIED,NDMA_SATELLITE_CELL,COMPUTED_LEAKAGE_FREE,1,0,4.5,0.89,3.952
INC-0157,430.74,427.35,295.54,0.45,0.54,VIIRS_NOAA21,VIIRS,D,82.7,11.71408,76.62835,Dense Forest / Woodland,841.2,0.19,54.31,74.58,101.31,93.66,125.7,0.772,77.2,0.927,14.2,22.4,58.5,0.0,0.0,13.6,247.2,32.0,-2.28,11,Post-Monsoon,14,1,5,9,23,178.63,30.86,84.32,43.43,92.58,110.95,74.58,0,National Forest Reserve,Bandipur Forest Belt Thermal Anomaly Event #157,State Disaster Management & SPCB Field Report,https://ndma.gov.in/incident-log/inc-0157,CONFIRMED_PIXEL,1,MATCH_RADIUS_500M,EXACT_TIME_COINCIDENCE,VERIFIED,4,0,TIER_1_CERTIFIED,GROUND_TRUTH_VERIFIED,NDMA_SATELLITE_CELL,COMPUTED_LEAKAGE_FREE,1,0,3.74,1.39,3.313
INC-0158,261.66,340.03,307.97,1.95,1.01,MODIS_TERRA,MODIS,N,75.3,11.67773,76.70104,Dense Forest / Woodland,847.8,0.08,33.57,39.81,108.39,69.72,60.5,0.814,81.4,0.977,12.4,25.2,18.6,0.0,7.46,15.5,210.8,17.6,-3.02,6,Monsoon,16,1,4,6,12,122.85,78.35,62.39,88.14,32.46,186.16,39.81,0,National Forest Reserve,Bandipur Forest Belt Thermal Anomaly Event #158,State Disaster Management & SPCB Field Report,https://ndma.gov.in/incident-log/inc-0158,CONFIRMED_PIXEL,1,MATCH_RADIUS_500M,EXACT_TIME_COINCIDENCE,VERIFIED,4,0,TIER_1_CERTIFIED,GROUND_TRUTH_VERIFIED,NDMA_SATELLITE_CELL,COMPUTED_LEAKAGE_FREE,1,0,4.34,1.91,5.659
INC-0159,201.33,356.1,296.57,0.53,0.48,VIIRS_SNPP,VIIRS,D,91.2,11.6641,76.63641,Dense Forest / Woodland,857.7,0.3,37.64,29.41,122.36,104.48,49.1,0.804,80.4,0.964,13.9,23.8,24.0,0.0,0.0,18.2,155.5,7.2,-0.66,6,Monsoon,16,3,5,5,13,100.53,89.77,86.93,52.5,91.13,48.3,29.41,0,National Forest Reserve,Bandipur Forest Belt Thermal Anomaly Event #159,State Disaster Management & SPCB Field Report,https://ndma.gov.in/incident-log/inc-0159,CONFIRMED_PIXEL,1,MATCH_RADIUS_500M,EXACT_TIME_COINCIDENCE,VERIFIED,6,0,TIER_1_CERTIFIED,GROUND_TRUTH_VERIFIED,NDMA_SATELLITE_CELL,COMPUTED_LEAKAGE_FREE,1,0,4.31,2.74,2.774
INC-0160,93.49,418.66,296.33,1.58,2.19,MODIS_TERRA,MODIS,N,89.0,21.63712,86.3186,Dense Forest / Woodland,775.5,0.24,18.16,26.71,76.1,83.05,230.5,0.711,71.1,0.853,17.0,43.2,52.1,0.0,0.0,15.0,8.3,25.0,-0.84,8,Monsoon,19,1,4,3,9,187.07,106.18,93.95,92.77,22.96,24.72,26.71,0,National Forest Reserve,Simlipal Tiger Reserve Thermal Anomaly Event #160,State Disaster Management & SPCB Field Report,https://ndma.gov.in/incident-log/inc-0160,CONFIRMED_PIXEL,1,MATCH_RADIUS_500M,EXACT_TIME_COINCIDENCE,VERIFIED,7,0,TIER_1_CERTIFIED,GROUND_TRUTH_VERIFIED,NDMA_SATELLITE_CELL,COMPUTED_LEAKAGE_FREE,1,0,2.4,0.54,8.003
INC-0161,354.45,362.37,292.16,0.44,0.51,VIIRS_NOAA21,VIIRS,D,95.1,11.67591,76.62824,Dense Forest / Woodland,854.7,0.13,35.68,40.39,112.73,64.12,184.3,0.666,66.6,0.799,14.1,36.4,22.1,0.0,0.0,8.9,331.3,22.6,1.97,6,Monsoon,13,2,1,8,9,195.52,93.27,55.04,99.12,53.34,75.25,40.39,0,National Forest Reserve,Bandipur Forest Belt Thermal Anomaly Event #161,State Disaster Management & SPCB Field Report,https://ndma.gov.in/incident-log/inc-0161,CONFIRMED_PIXEL,1,MATCH_RADIUS_500M,EXACT_TIME_COINCIDENCE,VERIFIED,5,0,TIER_1_CERTIFIED,GROUND_TRUTH_VERIFIED,NDMA_SATELLITE_CELL,COMPUTED_LEAKAGE_FREE,1,0,3.16,1.37,6.791
INC-0162,104.0,403.87,290.11,0.32,0.51,VIIRS_NOAA21,VIIRS,D,70.0,21.67859,86.34065,Dense Forest / Woodland,795.6,0.05,19.27,46.65,87.36,57.14,234.2,0.793,79.3,0.952,16.7,39.2,68.6,0.0,0.0,25.7,226.3,27.1,1.93,12,Winter,16,2,1,4,12,141.92,69.86,43.76,94.21,45.57,166.98,46.65,0,National Forest Reserve,Simlipal Tiger Reserve Thermal Anomaly Event #162,State Disaster Management & SPCB Field Report,https://ndma.gov.in/incident-log/inc-0162,CONFIRMED_PIXEL,1,MATCH_RADIUS_500M,EXACT_TIME_COINCIDENCE,VERIFIED,7,0,TIER_1_CERTIFIED,GROUND_TRUTH_VERIFIED,NDMA_SATELLITE_CELL,COMPUTED_LEAKAGE_FREE,1,0,2.61,1.71,0.468
INC-0163,341.08,395.3,294.1,0.42,0.45,VIIRS_SNPP,VIIRS,N,88.7,21.69474,86.29526,Shrubland / Grassland,793.2,0.39,32.72,39.78,67.13,93.41,179.6,0.667,66.7,0.8,10.3,40.7,58.8,0.0,0.0,21.7,162.2,5.5,-0.44,1,Winter,21,1,7,2,15,145.32,87.92,49.68,109.46,91.48,131.6,39.78,0,National Forest Reserve,Simlipal Tiger Reserve Thermal Anomaly Event #163,State Disaster Management & SPCB Field Report,https://ndma.gov.in/incident-log/inc-0163,CONFIRMED_PIXEL,1,MATCH_RADIUS_500M,EXACT_TIME_COINCIDENCE,VERIFIED,7,0,TIER_1_CERTIFIED,GROUND_TRUTH_VERIFIED,NDMA_SATELLITE_CELL,COMPUTED_LEAKAGE_FREE,1,0,1.99,1.8,3.952
INC-0164,426.26,415.1,301.39,0.43,0.39,VIIRS_SNPP,VIIRS,D,83.1,21.66266,86.33147,Dense Forest / Woodland,780.2,0.15,46.59,79.32,118.82,81.01,206.7,0.737,73.7,0.885,6.6,42.4,48.7,0.0,0.0,7.1,277.4,29.7,-0.21,9,Monsoon,1,2,1,5,13,124.21,87.81,114.78,11.02,64.7,62.05,79.32,0,National Forest Reserve,Simlipal Tiger Reserve Thermal Anomaly Event #164,State Disaster Management & SPCB Field Report,https://ndma.gov.in/incident-log/inc-0164,CONFIRMED_PIXEL,1,MATCH_RADIUS_500M,EXACT_TIME_COINCIDENCE,VERIFIED,6,0,TIER_1_CERTIFIED,GROUND_TRUTH_VERIFIED,NDMA_SATELLITE_CELL,COMPUTED_LEAKAGE_FREE,1,0,3.66,1.21,1.51
INC-0165,323.58,332.39,303.01,0.49,0.4,VIIRS_NOAA20,VIIRS,N,69.8,11.64865,76.65455,Dense Forest / Woodland,864.7,0.23,46.61,66.22,148.46,51.06,225.0,0.697,69.7,0.836,13.8,33.3,25.2,0.0,0.0,28.4,188.4,6.8,1.63,6,Monsoon,4,3,3,11,21,120.16,68.23,85.88,15.3,73.1,101.67,66.22,0,National Forest Reserve,Bandipur Forest Belt Thermal Anomaly Event #165,State Disaster Management & SPCB Field Report,https://ndma.gov.in/incident-log/inc-0165,CONFIRMED_PIXEL,1,MATCH_RADIUS_500M,EXACT_TIME_COINCIDENCE,VERIFIED,6,0,TIER_1_CERTIFIED,GROUND_TRUTH_VERIFIED,NDMA_SATELLITE_CELL,COMPUTED_LEAKAGE_FREE,1,0,1.09,1.98,5.201
INC-0166,484.13,361.78,292.16,0.36,0.47,VIIRS_NOAA21,VIIRS,D,93.6,21.59919,86.39619,Dense Forest / Woodland,784.3,0.15,40.94,76.48,82.43,97.29,125.7,0.617,61.7,0.74,17.2,32.6,59.4,0.0,26.09,21.4,264.2,21.4,-1.55,4,Summer,12,2,8,11,17,78.96,56.22,55.92,100.63,84.9,85.14,76.48,0,National Forest Reserve,Simlipal Tiger Reserve Thermal Anomaly Event #166,State Disaster Management & SPCB Field Report,https://ndma.gov.in/incident-log/inc-0166,CONFIRMED_PIXEL,1,MATCH_RADIUS_500M,EXACT_TIME_COINCIDENCE,VERIFIED,6,0,TIER_1_CERTIFIED,GROUND_TRUTH_VERIFIED,NDMA_SATELLITE_CELL,COMPUTED_LEAKAGE_FREE,1,0,0.65,2.99,7.263
INC-0167,363.53,414.61,299.21,0.5,0.32,VIIRS_NOAA20,VIIRS,D,87.1,11.69477,76.70079,Dense Forest / Woodland,867.7,0.33,53.43,36.19,77.1,62.85,177.0,0.632,63.2,0.759,8.4,42.8,47.7,0.0,0.0,35.7,27.4,25.0,0.28,11,Post-Monsoon,15,0,2,7,20,97.93,106.99,43.51,18.49,26.09,121.14,36.19,0,National Forest Reserve,Bandipur Forest Belt Thermal Anomaly Event #167,State Disaster Management & SPCB Field Report,https://ndma.gov.in/incident-log/inc-0167,CONFIRMED_PIXEL,1,MATCH_RADIUS_500M,EXACT_TIME_COINCIDENCE,VERIFIED,5,0,TIER_1_CERTIFIED,GROUND_TRUTH_VERIFIED,NDMA_SATELLITE_CELL,COMPUTED_LEAKAGE_FREE,1,0,4.11,2.72,1.539
INC-0168,172.18,428.94,313.18,0.39,0.37,VIIRS_NOAA20,VIIRS,D,88.7,21.60411,86.31924,Dense Forest / Woodland,771.6,0.36,32.28,72.89,97.59,49.81,92.5,0.556,55.6,0.667,6.7,25.7,69.9,0.0,0.0,21.2,247.5,30.3,0.96,7,Monsoon,15,2,7,3,12,189.91,70.87,120.79,45.29,49.37,199.36,72.89,0,National Forest Reserve,Simlipal Tiger Reserve Thermal Anomaly Event #168,State Disaster Management & SPCB Field Report,https://ndma.gov.in/incident-log/inc-0168,CONFIRMED_PIXEL,1,MATCH_RADIUS_500M,EXACT_TIME_COINCIDENCE,VERIFIED,7,0,TIER_1_CERTIFIED,GROUND_TRUTH_VERIFIED,NDMA_SATELLITE_CELL,COMPUTED_LEAKAGE_FREE,1,0,3.67,3.13,7.74
INC-0169,520.6,409.37,292.2,0.36,0.53,VIIRS_NOAA21,VIIRS,D,76.9,11.62938,76.63306,Dense Forest / Woodland,846.4,0.29,42.49,78.32,90.41,57.72,283.0,0.835,83.5,1.002,20.3,39.7,42.8,0.0,0.0,11.1,318.5,29.6,-1.14,1,Winter,10,3,5,5,16,131.68,79.4,99.22,96.74,65.21,195.39,78.32,0,National Forest Reserve,Bandipur Forest Belt Thermal Anomaly Event #169,State Disaster Management & SPCB Field Report,https://ndma.gov.in/incident-log/inc-0169,CONFIRMED_PIXEL,1,MATCH_RADIUS_500M,EXACT_TIME_COINCIDENCE,VERIFIED,5,0,TIER_1_CERTIFIED,GROUND_TRUTH_VERIFIED,NDMA_SATELLITE_CELL,COMPUTED_LEAKAGE_FREE,1,0,3.25,1.27,2.543
INC-0170,272.4,404.14,303.54,1.8,1.41,MODIS_TERRA,MODIS,D,67.5,11.66161,76.62064,Dense Forest / Woodland,858.7,0.3,17.62,89.9,125.24,109.11,263.6,0.813,81.3,0.976,8.4,37.3,45.4,0.0,0.0,4.4,108.2,28.1,-1.43,5,Summer,22,0,6,7,17,151.17,107.07,52.36,6.34,47.82,96.43,89.9,0,National Forest Reserve,Bandipur Forest Belt Thermal Anomaly Event #170,State Disaster Management & SPCB Field Report,https://ndma.gov.in/incident-log/inc-0170,CONFIRMED_PIXEL,1,MATCH_RADIUS_500M,EXACT_TIME_COINCIDENCE,VERIFIED,3,0,TIER_1_CERTIFIED,GROUND_TRUTH_VERIFIED,NDMA_SATELLITE_CELL,COMPUTED_LEAKAGE_FREE,1,0,3.3,1.24,0.107
INC-0171,238.8,349.84,311.04,0.41,0.43,VIIRS_SNPP,VIIRS,N,66.6,11.67975,76.62066,Shrubland / Grassland,856.0,0.12,15.57,31.24,79.71,44.34,118.8,0.568,56.8,0.681,10.2,29.8,62.3,0.0,0.0,23.6,250.7,11.6,-2.68,9,Monsoon,17,3,1,4,15,143.53,37.82,117.19,46.04,24.21,92.09,31.24,0,National Forest Reserve,Bandipur Forest Belt Thermal Anomaly Event #171,State Disaster Management & SPCB Field Report,https://ndma.gov.in/incident-log/inc-0171,CONFIRMED_PIXEL,1,MATCH_RADIUS_500M,EXACT_TIME_COINCIDENCE,VERIFIED,7,0,TIER_1_CERTIFIED,GROUND_TRUTH_VERIFIED,NDMA_SATELLITE_CELL,COMPUTED_LEAKAGE_FREE,1,0,0.76,2.55,10.652
INC-0172,381.7,420.77,297.62,0.45,0.53,VIIRS_SNPP,VIIRS,D,78.2,11.75682,76.63015,Dense Forest / Woodland,856.3,0.03,44.78,54.13,94.66,76.61,186.6,0.801,80.1,0.961,10.4,28.5,65.6,0.0,0.0,23.4,210.2,13.4,-3.09,6,Monsoon,14,1,3,5,8,96.22,94.4,119.37,143.99,42.59,35.25,54.13,0,National Forest Reserve,Bandipur Forest Belt Thermal Anomaly Event #172,State Disaster Management & SPCB Field Report,https://ndma.gov.in/incident-log/inc-0172,CONFIRMED_PIXEL,1,MATCH_RADIUS_500M,EXACT_TIME_COINCIDENCE,VERIFIED,4,0,TIER_1_CERTIFIED,GROUND_TRUTH_VERIFIED,NDMA_SATELLITE_CELL,COMPUTED_LEAKAGE_FREE,1,0,0.27,1.9,0.749
INC-0173,458.6,354.06,296.07,0.51,0.34,VIIRS_NOAA21,VIIRS,D,82.7,21.68777,86.32236,Dense Forest / Woodland,781.8,0.11,24.79,41.52,99.06,117.29,96.4,0.844,84.4,1.012,7.9,25.5,21.0,0.0,0.0,19.3,297.7,8.9,0.37,5,Summer,17,1,3,4,7,176.51,55.61,79.97,41.08,57.16,134.96,41.52,0,National Forest Reserve,Simlipal Tiger Reserve Thermal Anomaly Event #173,State Disaster Management & SPCB Field Report,https://ndma.gov.in/incident-log/inc-0173,CONFIRMED_PIXEL,1,MATCH_RADIUS_500M,EXACT_TIME_COINCIDENCE,VERIFIED,7,0,TIER_1_CERTIFIED,GROUND_TRUTH_VERIFIED,NDMA_SATELLITE_CELL,COMPUTED_LEAKAGE_FREE,1,0,3.98,2.69,6.99
INC-0174,40.51,378.31,311.08,0.47,0.5,VIIRS_NOAA21,VIIRS,N,93.5,11.63928,76.70699,Dense Forest / Woodland,858.2,0.12,54.23,35.13,70.64,94.99,237.4,0.597,59.7,0.716,21.2,26.9,66.7,0.0,19.7,6.2,19.8,12.5,1.5,3,Summer,19,1,0,3,13,109.34,94.17,57.35,63.61,40.18,94.3,35.13,0,National Forest Reserve,Bandipur Forest Belt Thermal Anomaly Event #174,State Disaster Management & SPCB Field Report,https://ndma.gov.in/incident-log/inc-0174,CONFIRMED_PIXEL,1,MATCH_RADIUS_500M,EXACT_TIME_COINCIDENCE,VERIFIED,4,0,TIER_1_CERTIFIED,GROUND_TRUTH_VERIFIED,NDMA_SATELLITE_CELL,COMPUTED_LEAKAGE_FREE,1,0,0.77,2.76,5.616
INC-0175,472.89,407.7,297.26,0.39,0.49,VIIRS_SNPP,VIIRS,N,66.7,21.67469,86.35061,Shrubland / Grassland,784.0,0.37,34.04,43.12,97.09,113.43,261.8,0.62,62.0,0.744,21.9,32.5,64.8,0.0,0.0,34.7,330.3,42.2,-2.01,11,Post-Monsoon,0,3,7,4,12,114.19,80.64,128.33,104.43,54.17,132.71,43.12,0,National Forest Reserve,Simlipal Tiger Reserve Thermal Anomaly Event #175,State Disaster Management & SPCB Field Report,https://ndma.gov.in/incident-log/inc-0175,CONFIRMED_PIXEL,1,MATCH_RADIUS_500M,EXACT_TIME_COINCIDENCE,VERIFIED,6,0,TIER_1_CERTIFIED,GROUND_TRUTH_VERIFIED,NDMA_SATELLITE_CELL,COMPUTED_LEAKAGE_FREE,1,0,1.83,1.87,6.186
INC-0176,253.87,345.49,302.83,0.37,0.38,VIIRS_NOAA21,VIIRS,D,70.9,21.67494,86.36041,Dense Forest / Woodland,784.8,0.19,29.66,71.91,57.47,113.16,48.3,0.627,62.7,0.752,5.2,33.0,82.7,0.0,0.0,21.0,50.7,13.7,0.06,11,Post-Monsoon,11,0,2,6,10,62.89,116.61,90.86,25.05,53.01,193.51,71.91,0,National Forest Reserve,Simlipal Tiger Reserve Thermal Anomaly Event #176,State Disaster Management & SPCB Field Report,https://ndma.gov.in/incident-log/inc-0176,CONFIRMED_PIXEL,1,MATCH_RADIUS_500M,EXACT_TIME_COINCIDENCE,VERIFIED,7,0,TIER_1_CERTIFIED,GROUND_TRUTH_VERIFIED,NDMA_SATELLITE_CELL,COMPUTED_LEAKAGE_FREE,1,0,2.13,2.3,8.834
INC-0177,130.87,343.82,293.46,0.41,0.34,VIIRS_SNPP,VIIRS,N,96.7,11.65611,76.64133,Dense Forest / Woodland,856.3,0.19,50.23,73.51,110.46,94.91,163.6,0.56,56.0,0.672,19.5,35.9,69.0,0.0,11.62,15.5,63.2,21.9,0.87,9,Monsoon,19,1,3,6,10,62.57,58.06,110.16,98.83,20.75,14.35,73.51,0,National Forest Reserve,Bandipur Forest Belt Thermal Anomaly Event #177,State Disaster Management & SPCB Field Report,https://ndma.gov.in/incident-log/inc-0177,CONFIRMED_PIXEL,1,MATCH_RADIUS_500M,EXACT_TIME_COINCIDENCE,VERIFIED,7,0,TIER_1_CERTIFIED,GROUND_TRUTH_VERIFIED,NDMA_SATELLITE_CELL,COMPUTED_LEAKAGE_FREE,1,0,0.33,0.35,7.91
INC-0178,75.59,413.93,304.61,0.53,0.36,VIIRS_NOAA21,VIIRS,N,99.8,21.57858,86.35054,Shrubland / Grassland,783.9,0.2,47.04,81.48,143.4,66.2,112.5,0.69,69.0,0.828,10.2,36.3,66.3,0.0,0.0,37.8,352.8,40.3,-0.34,5,Summer,3,1,2,3,12,79.02,51.32,125.38,122.6,97.72,172.93,81.48,0,National Forest Reserve,Simlipal Tiger Reserve Thermal Anomaly Event #178,State Disaster Management & SPCB Field Report,https://ndma.gov.in/incident-log/inc-0178,CONFIRMED_PIXEL,1,MATCH_RADIUS_500M,EXACT_TIME_COINCIDENCE,VERIFIED,7,0,TIER_1_CERTIFIED,GROUND_TRUTH_VERIFIED,NDMA_SATELLITE_CELL,COMPUTED_LEAKAGE_FREE,1,0,4.02,0.82,8.759
INC-0179,186.43,408.13,292.88,0.36,0.45,VIIRS_NOAA21,VIIRS,N,72.5,11.63416,76.63568,Dense Forest / Woodland,841.9,0.34,31.54,63.42,100.38,91.68,203.7,0.694,69.4,0.833,6.3,23.3,42.9,0.0,0.0,18.4,203.7,19.6,1.65,12,Winter,13,1,6,5,11,196.21,35.02,103.14,145.49,89.04,118.07,63.42,0,National Forest Reserve,Bandipur Forest Belt Thermal Anomaly Event #179,State Disaster Management & SPCB Field Report,https://ndma.gov.in/incident-log/inc-0179,CONFIRMED_PIXEL,1,MATCH_RADIUS_500M,EXACT_TIME_COINCIDENCE,VERIFIED,4,0,TIER_1_CERTIFIED,GROUND_TRUTH_VERIFIED,NDMA_SATELLITE_CELL,COMPUTED_LEAKAGE_FREE,1,0,3.63,2.41,9.531
INC-0180,479.04,411.7,300.36,0.33,0.32,VIIRS_NOAA21,VIIRS,D,88.1,11.70815,76.6565,Dense Forest / Woodland,842.9,0.16,56.85,47.33,146.35,112.82,248.1,0.588,58.8,0.706,17.8,28.8,56.0,0.0,0.0,36.4,139.0,36.5,-0.09,8,Monsoon,19,1,4,4,15,148.27,82.18,80.71,87.53,21.47,186.2,47.33,0,National Forest Reserve,Bandipur Forest Belt Thermal Anomaly Event #180,State Disaster Management & SPCB Field Report,https://ndma.gov.in/incident-log/inc-0180,CONFIRMED_PIXEL,1,MATCH_RADIUS_500M,EXACT_TIME_COINCIDENCE,VERIFIED,7,0,TIER_1_CERTIFIED,GROUND_TRUTH_VERIFIED,NDMA_SATELLITE_CELL,COMPUTED_LEAKAGE_FREE,1,0,0.69,2.93,5.649
INC-0181,217.1,417.69,301.07,0.41,0.4,VIIRS_NOAA20,VIIRS,N,71.2,21.73104,86.3404,Dense Forest / Woodland,794.8,0.29,51.07,76.46,147.77,102.93,133.5,0.771,77.1,0.926,15.2,29.1,23.3,0.0,0.0,20.5,326.2,38.4,-2.69,11,Post-Monsoon,18,0,6,6,15,167.79,107.17,40.02,115.63,48.99,143.07,76.46,0,National Forest Reserve,Simlipal Tiger Reserve Thermal Anomaly Event #181,State Disaster Management & SPCB Field Report,https://ndma.gov.in/incident-log/inc-0181,CONFIRMED_PIXEL,1,MATCH_RADIUS_500M,EXACT_TIME_COINCIDENCE,VERIFIED,3,0,TIER_1_CERTIFIED,GROUND_TRUTH_VERIFIED,NDMA_SATELLITE_CELL,COMPUTED_LEAKAGE_FREE,1,0,4.23,1.21,0.657
INC-0182,287.3,333.54,305.61,0.44,0.39,VIIRS_NOAA21,VIIRS,D,74.0,11.62516,76.62473,Dense Forest / Woodland,844.8,0.22,34.32,87.79,110.41,99.94,105.6,0.761,76.1,0.913,9.7,30.1,19.7,0.0,0.0,34.1,251.8,23.6,-0.68,12,Winter,22,1,6,5,12,191.09,83.24,41.33,40.27,22.74,176.46,87.79,0,National Forest Reserve,Bandipur Forest Belt Thermal Anomaly Event #182,State Disaster Management & SPCB Field Report,https://ndma.gov.in/incident-log/inc-0182,CONFIRMED_PIXEL,1,MATCH_RADIUS_500M,EXACT_TIME_COINCIDENCE,VERIFIED,7,0,TIER_1_CERTIFIED,GROUND_TRUTH_VERIFIED,NDMA_SATELLITE_CELL,COMPUTED_LEAKAGE_FREE,1,0,2.78,2.26,5.439
INC-0183,495.44,433.0,310.18,0.54,0.32,VIIRS_NOAA21,VIIRS,D,99.7,21.62085,86.31614,Dense Forest / Woodland,776.0,0.12,59.23,42.82,70.27,75.37,35.2,0.747,74.7,0.896,13.4,33.3,39.4,0.0,0.0,5.2,253.6,24.7,-2.98,7,Monsoon,21,0,5,7,12,67.96,118.06,104.73,127.78,64.56,123.34,42.82,0,National Forest Reserve,Simlipal Tiger Reserve Thermal Anomaly Event #183,State Disaster Management & SPCB Field Report,https://ndma.gov.in/incident-log/inc-0183,CONFIRMED_PIXEL,1,MATCH_RADIUS_500M,EXACT_TIME_COINCIDENCE,VERIFIED,5,0,TIER_1_CERTIFIED,GROUND_TRUTH_VERIFIED,NDMA_SATELLITE_CELL,COMPUTED_LEAKAGE_FREE,1,0,0.42,2.64,5.921
INC-0184,154.65,398.63,301.51,0.42,0.42,VIIRS_NOAA21,VIIRS,D,79.4,11.65722,76.58767,Shrubland / Grassland,842.3,0.01,20.37,67.19,106.72,84.27,230.0,0.737,73.7,0.885,18.3,29.6,51.4,0.0,0.0,8.8,184.7,14.7,-2.49,10,Post-Monsoon,11,3,3,8,13,64.46,72.24,141.71,128.12,51.81,175.94,67.19,0,National Forest Reserve,Bandipur Forest Belt Thermal Anomaly Event #184,State Disaster Management & SPCB Field Report,https://ndma.gov.in/incident-log/inc-0184,CONFIRMED_PIXEL,1,MATCH_RADIUS_500M,EXACT_TIME_COINCIDENCE,VERIFIED,3,0,TIER_1_CERTIFIED,GROUND_TRUTH_VERIFIED,NDMA_SATELLITE_CELL,COMPUTED_LEAKAGE_FREE,1,0,1.75,2.07,5.943
INC-0185,105.16,399.34,297.53,1.46,1.71,MODIS_TERRA,MODIS,N,87.7,21.6674,86.27317,Shrubland / Grassland,797.7,0.36,25.21,85.4,121.74,101.01,62.2,0.642,64.2,0.77,10.5,24.0,63.5,0.0,0.0,12.9,6.6,26.8,0.39,3,Summer,5,0,2,4,17,88.2,51.08,97.34,125.56,33.77,60.72,85.4,0,National Forest Reserve,Simlipal Tiger Reserve Thermal Anomaly Event #185,State Disaster Management & SPCB Field Report,https://ndma.gov.in/incident-log/inc-0185,CONFIRMED_PIXEL,1,MATCH_RADIUS_500M,EXACT_TIME_COINCIDENCE,VERIFIED,6,0,TIER_1_CERTIFIED,GROUND_TRUTH_VERIFIED,NDMA_SATELLITE_CELL,COMPUTED_LEAKAGE_FREE,1,0,2.65,2.49,3.999
INC-0186,295.61,367.01,308.15,0.42,0.34,VIIRS_NOAA20,VIIRS,N,86.7,21.70299,86.37119,Dense Forest / Woodland,796.2,0.05,48.75,31.45,133.9,114.51,201.8,0.75,75.0,0.9,9.0,37.8,51.3,2.19,9.6,31.2,210.6,44.9,-0.99,6,Monsoon,22,1,2,6,12,105.14,113.35,127.23,56.33,93.79,165.61,31.45,0,National Forest Reserve,Simlipal Tiger Reserve Thermal Anomaly Event #186,State Disaster Management & SPCB Field Report,https://ndma.gov.in/incident-log/inc-0186,CONFIRMED_PIXEL,1,MATCH_RADIUS_500M,EXACT_TIME_COINCIDENCE,VERIFIED,5,0,TIER_1_CERTIFIED,GROUND_TRUTH_VERIFIED,NDMA_SATELLITE_CELL,COMPUTED_LEAKAGE_FREE,1,0,2.99,2.83,6.929
INC-0187,315.25,346.98,296.27,0.48,0.53,VIIRS_NOAA20,VIIRS,N,80.2,11.59475,76.64522,Dense Forest / Woodland,854.1,0.32,27.57,48.92,57.76,97.08,223.2,0.675,67.5,0.81,10.1,35.5,41.7,0.0,1.27,35.2,359.4,36.2,-1.92,8,Monsoon,13,1,4,7,18,60.5,34.19,40.48,34.18,71.63,62.66,48.92,0,National Forest Reserve,Bandipur Forest Belt Thermal Anomaly Event #187,State Disaster Management & SPCB Field Report,https://ndma.gov.in/incident-log/inc-0187,CONFIRMED_PIXEL,1,MATCH_RADIUS_500M,EXACT_TIME_COINCIDENCE,VERIFIED,4,0,TIER_1_CERTIFIED,GROUND_TRUTH_VERIFIED,NDMA_SATELLITE_CELL,COMPUTED_LEAKAGE_FREE,1,0,0.14,1.6,6.381
INC-0188,277.23,364.91,305.57,1.21,1.33,MODIS_TERRA,MODIS,D,70.6,11.64871,76.59557,Dense Forest / Woodland,854.0,0.31,22.05,73.2,109.94,44.61,129.9,0.654,65.4,0.785,10.8,34.5,34.5,0.0,0.0,20.0,341.6,38.9,-1.67,11,Post-Monsoon,16,1,3,5,13,168.84,64.48,76.34,11.09,55.85,41.94,73.2,0,National Forest Reserve,Bandipur Forest Belt Thermal Anomaly Event #188,State Disaster Management & SPCB Field Report,https://ndma.gov.in/incident-log/inc-0188,CONFIRMED_PIXEL,1,MATCH_RADIUS_500M,EXACT_TIME_COINCIDENCE,VERIFIED,4,0,TIER_1_CERTIFIED,GROUND_TRUTH_VERIFIED,NDMA_SATELLITE_CELL,COMPUTED_LEAKAGE_FREE,1,0,1.84,2.63,6.818
INC-0189,324.89,434.54,291.81,0.44,0.44,VIIRS_NOAA20,VIIRS,D,99.1,21.67259,86.35576,Dense Forest / Woodland,775.1,0.08,39.92,49.88,65.73,91.42,176.6,0.612,61.2,0.734,10.0,23.1,18.1,0.0,0.0,33.9,117.8,16.6,-2.02,7,Monsoon,7,1,8,7,11,135.08,54.73,92.77,120.78,79.66,108.62,49.88,0,National Forest Reserve,Simlipal Tiger Reserve Thermal Anomaly Event #189,State Disaster Management & SPCB Field Report,https://ndma.gov.in/incident-log/inc-0189,CONFIRMED_PIXEL,1,MATCH_RADIUS_500M,EXACT_TIME_COINCIDENCE,VERIFIED,5,0,TIER_1_CERTIFIED,GROUND_TRUTH_VERIFIED,NDMA_SATELLITE_CELL,COMPUTED_LEAKAGE_FREE,1,0,1.72,1.39,4.333
INC-0190,474.3,418.65,293.31,0.45,0.52,VIIRS_NOAA20,VIIRS,N,72.8,11.70708,76.60277,Dense Forest / Woodland,855.5,0.17,28.26,28.25,98.72,68.43,195.8,0.565,56.5,0.678,19.4,31.5,48.4,0.0,0.0,13.3,43.8,27.2,-1.7,12,Winter,7,0,4,4,15,95.21,92.52,124.64,115.82,39.58,119.85,28.25,0,National Forest Reserve,Bandipur Forest Belt Thermal Anomaly Event #190,State Disaster Management & SPCB Field Report,https://ndma.gov.in/incident-log/inc-0190,CONFIRMED_PIXEL,1,MATCH_RADIUS_500M,EXACT_TIME_COINCIDENCE,VERIFIED,5,0,TIER_1_CERTIFIED,GROUND_TRUTH_VERIFIED,NDMA_SATELLITE_CELL,COMPUTED_LEAKAGE_FREE,1,0,3.94,1.41,4.959
INC-0191,481.79,334.74,304.35,2.01,1.36,MODIS_TERRA,MODIS,D,77.4,21.65201,86.33621,Dense Forest / Woodland,783.7,0.16,28.61,76.72,83.58,40.25,96.5,0.57,57.0,0.684,7.9,29.4,18.6,0.0,0.0,21.7,359.0,26.0,-0.51,5,Summer,23,1,4,4,13,194.34,83.29,130.15,124.44,86.02,86.69,76.72,0,National Forest Reserve,Simlipal Tiger Reserve Thermal Anomaly Event #191,State Disaster Management & SPCB Field Report,https://ndma.gov.in/incident-log/inc-0191,CONFIRMED_PIXEL,1,MATCH_RADIUS_500M,EXACT_TIME_COINCIDENCE,VERIFIED,5,0,TIER_1_CERTIFIED,GROUND_TRUTH_VERIFIED,NDMA_SATELLITE_CELL,COMPUTED_LEAKAGE_FREE,1,0,4.4,2.89,1.537
INC-0192,278.22,390.92,303.24,0.43,0.45,VIIRS_NOAA21,VIIRS,N,86.6,11.69724,76.62882,Dense Forest / Woodland,862.9,0.03,55.3,77.17,63.95,102.14,252.3,0.76,76.0,0.912,14.3,41.2,27.0,0.0,0.0,13.9,221.3,41.1,1.79,5,Summer,15,1,2,10,12,147.62,66.82,67.94,140.15,88.78,145.71,77.17,0,National Forest Reserve,Bandipur Forest Belt Thermal Anomaly Event #192,State Disaster Management & SPCB Field Report,https://ndma.gov.in/incident-log/inc-0192,CONFIRMED_PIXEL,1,MATCH_RADIUS_500M,EXACT_TIME_COINCIDENCE,VERIFIED,7,0,TIER_1_CERTIFIED,GROUND_TRUTH_VERIFIED,NDMA_SATELLITE_CELL,COMPUTED_LEAKAGE_FREE,1,0,3.1,2.72,8.326
INC-0193,329.51,428.37,301.88,0.34,0.41,VIIRS_NOAA21,VIIRS,D,72.9,21.62442,86.32533,Dense Forest / Woodland,803.4,0.09,18.34,82.94,134.77,119.41,78.0,0.721,72.1,0.865,11.5,26.0,18.9,0.0,0.0,24.9,67.8,16.4,-0.88,2,Winter,23,2,3,4,11,155.12,114.3,130.96,32.99,87.55,177.49,82.94,0,National Forest Reserve,Simlipal Tiger Reserve Thermal Anomaly Event #193,State Disaster Management & SPCB Field Report,https://ndma.gov.in/incident-log/inc-0193,CONFIRMED_PIXEL,1,MATCH_RADIUS_500M,EXACT_TIME_COINCIDENCE,VERIFIED,6,0,TIER_1_CERTIFIED,GROUND_TRUTH_VERIFIED,NDMA_SATELLITE_CELL,COMPUTED_LEAKAGE_FREE,1,0,3.29,0.27,11.462
INC-0194,533.45,382.57,308.18,0.52,0.43,VIIRS_SNPP,VIIRS,D,92.4,11.66811,76.56506,Dense Forest / Woodland,869.8,0.07,34.94,35.77,148.2,47.7,228.2,0.585,58.5,0.702,14.4,41.5,64.5,0.0,0.0,19.5,63.7,30.4,-1.5,4,Summer,18,0,3,2,11,142.49,86.38,99.19,38.2,72.97,109.12,35.77,0,National Forest Reserve,Bandipur Forest Belt Thermal Anomaly Event #194,State Disaster Management & SPCB Field Report,https://ndma.gov.in/incident-log/inc-0194,CONFIRMED_PIXEL,1,MATCH_RADIUS_500M,EXACT_TIME_COINCIDENCE,VERIFIED,3,0,TIER_1_CERTIFIED,GROUND_TRUTH_VERIFIED,NDMA_SATELLITE_CELL,COMPUTED_LEAKAGE_FREE,1,0,0.96,0.57,9.328
INC-0195,333.5,426.49,311.69,0.32,0.48,VIIRS_NOAA21,VIIRS,N,87.6,11.70737,76.66646,Dense Forest / Woodland,846.1,0.01,34.19,64.4,105.78,92.11,105.6,0.652,65.2,0.782,17.1,23.9,32.7,3.15,3.15,30.7,122.0,37.8,-2.78,5,Summer,5,0,5,7,14,81.57,88.19,60.09,47.23,80.04,79.5,64.4,0,National Forest Reserve,Bandipur Forest Belt Thermal Anomaly Event #195,State Disaster Management & SPCB Field Report,https://ndma.gov.in/incident-log/inc-0195,CONFIRMED_PIXEL,1,MATCH_RADIUS_500M,EXACT_TIME_COINCIDENCE,VERIFIED,5,0,TIER_1_CERTIFIED,GROUND_TRUTH_VERIFIED,NDMA_SATELLITE_CELL,COMPUTED_LEAKAGE_FREE,1,0,4.25,3.16,1.072
INC-0196,341.9,400.88,308.94,0.42,0.51,VIIRS_NOAA20,VIIRS,D,71.9,21.55582,86.35073,Shrubland / Grassland,803.2,0.33,46.75,62.53,138.97,96.02,105.2,0.836,83.6,1.004,7.2,35.8,71.2,0.0,0.0,28.1,48.4,37.6,-0.17,2,Winter,12,2,4,11,15,88.24,68.68,94.34,45.73,24.42,182.76,62.53,0,National Forest Reserve,Simlipal Tiger Reserve Thermal Anomaly Event #196,State Disaster Management & SPCB Field Report,https://ndma.gov.in/incident-log/inc-0196,CONFIRMED_PIXEL,1,MATCH_RADIUS_500M,EXACT_TIME_COINCIDENCE,VERIFIED,4,0,TIER_1_CERTIFIED,GROUND_TRUTH_VERIFIED,NDMA_SATELLITE_CELL,COMPUTED_LEAKAGE_FREE,1,0,0.39,2.01,7.027
INC-0197,266.61,389.81,292.51,0.46,0.44,VIIRS_SNPP,VIIRS,N,67.1,21.70411,86.36657,Dense Forest / Woodland,792.8,0.15,18.64,50.17,110.02,81.09,64.7,0.574,57.4,0.689,19.5,36.4,58.8,0.0,0.0,18.1,303.2,14.2,-3.47,12,Winter,17,0,3,2,12,157.24,34.99,71.3,52.1,85.54,12.87,50.17,0,National Forest Reserve,Simlipal Tiger Reserve Thermal Anomaly Event #197,State Disaster Management & SPCB Field Report,https://ndma.gov.in/incident-log/inc-0197,CONFIRMED_PIXEL,1,MATCH_RADIUS_500M,EXACT_TIME_COINCIDENCE,VERIFIED,6,0,TIER_1_CERTIFIED,GROUND_TRUTH_VERIFIED,NDMA_SATELLITE_CELL,COMPUTED_LEAKAGE_FREE,1,0,1.31,2.31,7.143
INC-0198,145.6,421.79,300.51,0.41,0.36,VIIRS_SNPP,VIIRS,N,97.3,11.71173,76.63539,Dense Forest / Woodland,863.0,0.35,53.86,49.15,70.89,102.01,62.4,0.558,55.8,0.669,5.3,28.9,53.1,0.0,0.0,34.3,59.7,11.0,-0.33,10,Post-Monsoon,23,2,3,6,13,120.63,47.28,139.49,87.55,35.85,140.98,49.15,0,National Forest Reserve,Bandipur Forest Belt Thermal Anomaly Event #198,State Disaster Management & SPCB Field Report,https://ndma.gov.in/incident-log/inc-0198,CONFIRMED_PIXEL,1,MATCH_RADIUS_500M,EXACT_TIME_COINCIDENCE,VERIFIED,4,0,TIER_1_CERTIFIED,GROUND_TRUTH_VERIFIED,NDMA_SATELLITE_CELL,COMPUTED_LEAKAGE_FREE,1,0,4.23,2.37,5.501
INC-0199,487.53,369.26,297.5,0.36,0.32,VIIRS_SNPP,VIIRS,D,79.6,21.67042,86.35807,Dense Forest / Woodland,786.4,0.02,16.94,81.55,117.84,92.84,250.2,0.658,65.8,0.789,20.8,30.8,81.9,0.0,18.99,20.5,165.7,27.7,-2.68,12,Winter,21,1,3,6,14,146.05,106.43,92.83,139.0,89.63,156.86,81.55,0,National Forest Reserve,Simlipal Tiger Reserve Thermal Anomaly Event #199,State Disaster Management & SPCB Field Report,https://ndma.gov.in/incident-log/inc-0199,CONFIRMED_PIXEL,1,MATCH_RADIUS_500M,EXACT_TIME_COINCIDENCE,VERIFIED,7,0,TIER_1_CERTIFIED,GROUND_TRUTH_VERIFIED,NDMA_SATELLITE_CELL,COMPUTED_LEAKAGE_FREE,1,0,4.26,1.97,3.063
INC-0200,393.25,431.67,307.81,0.41,0.42,VIIRS_NOAA21,VIIRS,D,81.5,11.68253,76.61867,Dense Forest / Woodland,874.9,0.29,16.81,50.12,90.63,53.35,102.2,0.846,84.6,1.016,10.9,30.1,21.1,0.0,0.0,17.9,98.6,10.3,1.01,3,Summer,1,2,5,2,14,63.23,42.0,112.01,120.21,84.18,15.68,50.12,0,National Forest Reserve,Bandipur Forest Belt Thermal Anomaly Event #200,State Disaster Management & SPCB Field Report,https://ndma.gov.in/incident-log/inc-0200,CONFIRMED_PIXEL,1,MATCH_RADIUS_500M,EXACT_TIME_COINCIDENCE,VERIFIED,5,0,TIER_1_CERTIFIED,GROUND_TRUTH_VERIFIED,NDMA_SATELLITE_CELL,COMPUTED_LEAKAGE_FREE,1,0,2.08,2.09,11.434
INC-0201,277.33,364.6,307.5,0.37,0.34,VIIRS_SNPP,VIIRS,N,86.7,21.66661,86.37117,Dense Forest / Woodland,804.5,0.29,59.52,42.72,137.5,101.33,231.3,0.71,71.0,0.852,10.0,28.3,39.7,0.0,0.0,9.5,111.6,41.0,0.28,1,Winter,1,2,1,10,13,110.71,96.07,51.45,8.23,83.15,125.02,42.72,0,National Forest Reserve,Simlipal Tiger Reserve Thermal Anomaly Event #201,State Disaster Management & SPCB Field Report,https://ndma.gov.in/incident-log/inc-0201,CONFIRMED_PIXEL,1,MATCH_RADIUS_500M,EXACT_TIME_COINCIDENCE,VERIFIED,3,0,TIER_1_CERTIFIED,GROUND_TRUTH_VERIFIED,NDMA_SATELLITE_CELL,COMPUTED_LEAKAGE_FREE,1,0,1.63,2.77,10.253
INC-0202,158.39,398.35,294.46,2.0,1.39,MODIS_TERRA,MODIS,N,82.1,11.58737,76.67425,Dense Forest / Woodland,842.2,0.02,58.16,29.67,107.94,112.18,188.7,0.618,61.8,0.741,6.1,29.2,33.9,0.0,0.0,27.3,268.0,38.4,-1.57,2,Winter,19,1,3,5,10,61.67,74.87,78.5,135.74,66.43,183.77,29.67,0,National Forest Reserve,Bandipur Forest Belt Thermal Anomaly Event #202,State Disaster Management & SPCB Field Report,https://ndma.gov.in/incident-log/inc-0202,CONFIRMED_PIXEL,1,MATCH_RADIUS_500M,EXACT_TIME_COINCIDENCE,VERIFIED,6,0,TIER_1_CERTIFIED,GROUND_TRUTH_VERIFIED,NDMA_SATELLITE_CELL,COMPUTED_LEAKAGE_FREE,1,0,1.81,1.96,9.067
INC-0203,152.59,332.73,299.59,0.32,0.53,VIIRS_NOAA20,VIIRS,D,85.0,11.62874,76.59745,Shrubland / Grassland,859.4,0.28,44.75,27.86,133.66,59.9,216.8,0.57,57.0,0.684,11.8,41.2,29.5,0.0,11.87,20.1,126.4,19.4,1.19,9,Monsoon,7,2,5,5,19,120.51,90.11,87.24,54.03,55.3,56.17,27.86,0,National Forest Reserve,Bandipur Forest Belt Thermal Anomaly Event #203,State Disaster Management & SPCB Field Report,https://ndma.gov.in/incident-log/inc-0203,CONFIRMED_PIXEL,1,MATCH_RADIUS_500M,EXACT_TIME_COINCIDENCE,VERIFIED,7,0,TIER_1_CERTIFIED,GROUND_TRUTH_VERIFIED,NDMA_SATELLITE_CELL,COMPUTED_LEAKAGE_FREE,1,0,0.25,2.64,6.555
INC-0204,382.21,352.49,313.32,1.57,1.96,MODIS_TERRA,MODIS,D,90.8,11.66506,76.61702,Dense Forest / Woodland,841.8,0.06,19.05,61.62,61.38,51.1,286.5,0.778,77.8,0.934,9.5,24.9,62.5,0.0,0.0,10.7,197.5,9.6,-3.37,5,Summer,15,0,1,8,17,102.0,55.35,106.47,101.33,85.34,33.08,61.62,0,National Forest Reserve,Bandipur Forest Belt Thermal Anomaly Event #204,State Disaster Management & SPCB Field Report,https://ndma.gov.in/incident-log/inc-0204,CONFIRMED_PIXEL,1,MATCH_RADIUS_500M,EXACT_TIME_COINCIDENCE,VERIFIED,4,0,TIER_1_CERTIFIED,GROUND_TRUTH_VERIFIED,NDMA_SATELLITE_CELL,COMPUTED_LEAKAGE_FREE,1,0,0.73,2.69,8.777
INC-0205,432.66,424.67,290.33,1.29,1.96,MODIS_TERRA,MODIS,D,80.2,21.66254,86.33343,Dense Forest / Woodland,778.9,0.01,46.81,66.32,64.83,101.29,46.0,0.827,82.7,0.993,10.8,43.3,39.4,1.12,2.83,29.6,337.4,8.5,-0.43,12,Winter,19,1,5,8,24,69.57,104.38,68.81,130.93,75.11,81.62,66.32,0,National Forest Reserve,Simlipal Tiger Reserve Thermal Anomaly Event #205,State Disaster Management & SPCB Field Report,https://ndma.gov.in/incident-log/inc-0205,CONFIRMED_PIXEL,1,MATCH_RADIUS_500M,EXACT_TIME_COINCIDENCE,VERIFIED,3,0,TIER_1_CERTIFIED,GROUND_TRUTH_VERIFIED,NDMA_SATELLITE_CELL,COMPUTED_LEAKAGE_FREE,1,0,0.94,2.83,8.499
INC-0206,231.0,332.04,308.12,0.46,0.55,VIIRS_NOAA21,VIIRS,N,81.3,21.58568,86.37908,Dense Forest / Woodland,793.9,0.13,41.92,53.36,148.08,68.5,114.1,0.74,74.0,0.888,7.2,27.9,69.1,0.0,0.0,27.6,28.7,28.8,-0.26,9,Monsoon,0,1,5,10,16,145.95,58.05,148.97,21.98,55.61,65.47,53.36,0,National Forest Reserve,Simlipal Tiger Reserve Thermal Anomaly Event #206,State Disaster Management & SPCB Field Report,https://ndma.gov.in/incident-log/inc-0206,CONFIRMED_PIXEL,1,MATCH_RADIUS_500M,EXACT_TIME_COINCIDENCE,VERIFIED,4,0,TIER_1_CERTIFIED,GROUND_TRUTH_VERIFIED,NDMA_SATELLITE_CELL,COMPUTED_LEAKAGE_FREE,1,0,1.56,2.89,1.195
INC-0207,361.03,390.96,307.63,0.5,0.45,VIIRS_NOAA20,VIIRS,N,84.1,21.61129,86.35755,Dense Forest / Woodland,795.3,0.3,32.7,78.71,76.73,62.2,208.4,0.619,61.9,0.743,13.0,31.2,35.6,1.95,1.95,27.0,89.9,27.9,1.69,3,Summer,0,1,3,9,11,133.13,68.77,111.29,133.25,49.14,137.84,78.71,0,National Forest Reserve,Simlipal Tiger Reserve Thermal Anomaly Event #207,State Disaster Management & SPCB Field Report,https://ndma.gov.in/incident-log/inc-0207,CONFIRMED_PIXEL,1,MATCH_RADIUS_500M,EXACT_TIME_COINCIDENCE,VERIFIED,4,0,TIER_1_CERTIFIED,GROUND_TRUTH_VERIFIED,NDMA_SATELLITE_CELL,COMPUTED_LEAKAGE_FREE,1,0,1.29,3.2,3.707
INC-0208,217.96,342.02,313.72,0.45,0.54,VIIRS_NOAA20,VIIRS,D,71.3,11.64017,76.57961,Dense Forest / Woodland,850.6,0.2,42.95,25.23,143.11,68.92,185.8,0.79,79.0,0.948,20.9,36.2,54.6,0.0,0.0,19.4,36.7,7.9,-0.96,7,Monsoon,8,1,5,4,17,115.57,45.67,81.6,37.3,84.32,72.83,25.23,0,National Forest Reserve,Bandipur Forest Belt Thermal Anomaly Event #208,State Disaster Management & SPCB Field Report,https://ndma.gov.in/incident-log/inc-0208,CONFIRMED_PIXEL,1,MATCH_RADIUS_500M,EXACT_TIME_COINCIDENCE,VERIFIED,7,0,TIER_1_CERTIFIED,GROUND_TRUTH_VERIFIED,NDMA_SATELLITE_CELL,COMPUTED_LEAKAGE_FREE,1,0,2.14,2.45,6.3
INC-0209,248.25,357.91,311.74,0.54,0.35,VIIRS_SNPP,VIIRS,D,68.1,21.67808,86.33451,Dense Forest / Woodland,798.2,0.32,26.85,25.26,99.55,48.02,116.4,0.636,63.6,0.763,18.3,39.5,52.5,0.0,0.0,26.3,138.6,38.5,1.72,3,Summer,5,0,5,8,20,165.61,54.85,88.8,8.63,26.96,158.87,25.26,0,National Forest Reserve,Simlipal Tiger Reserve Thermal Anomaly Event #209,State Disaster Management & SPCB Field Report,https://ndma.gov.in/incident-log/inc-0209,CONFIRMED_PIXEL,1,MATCH_RADIUS_500M,EXACT_TIME_COINCIDENCE,VERIFIED,6,0,TIER_1_CERTIFIED,GROUND_TRUTH_VERIFIED,NDMA_SATELLITE_CELL,COMPUTED_LEAKAGE_FREE,1,0,1.15,0.7,11.638
INC-0210,240.18,406.95,297.33,2.2,1.76,MODIS_TERRA,MODIS,D,92.8,11.619,76.66721,Dense Forest / Woodland,856.0,0.03,50.6,64.12,107.3,76.67,245.1,0.634,63.4,0.761,6.3,27.5,43.5,0.0,0.0,29.9,154.6,7.2,-2.57,12,Winter,5,0,1,9,13,98.79,71.77,89.5,9.13,66.7,177.76,64.12,0,National Forest Reserve,Bandipur Forest Belt Thermal Anomaly Event #210,State Disaster Management & SPCB Field Report,https://ndma.gov.in/incident-log/inc-0210,CONFIRMED_PIXEL,1,MATCH_RADIUS_500M,EXACT_TIME_COINCIDENCE,VERIFIED,5,0,TIER_1_CERTIFIED,GROUND_TRUTH_VERIFIED,NDMA_SATELLITE_CELL,COMPUTED_LEAKAGE_FREE,1,0,3.16,3.05,0.934
INC-0211,546.01,373.65,300.4,0.41,0.34,VIIRS_SNPP,VIIRS,N,89.3,21.65147,86.36249,Shrubland / Grassland,788.8,0.05,41.04,48.68,58.03,110.96,170.5,0.586,58.6,0.703,17.9,36.5,40.3,0.0,0.0,6.4,92.1,12.9,-3.41,5,Summer,3,0,3,4,15,87.77,97.37,71.05,87.96,85.03,117.33,48.68,0,National Forest Reserve,Simlipal Tiger Reserve Thermal Anomaly Event #211,State Disaster Management & SPCB Field Report,https://ndma.gov.in/incident-log/inc-0211,CONFIRMED_PIXEL,1,MATCH_RADIUS_500M,EXACT_TIME_COINCIDENCE,VERIFIED,6,0,TIER_1_CERTIFIED,GROUND_TRUTH_VERIFIED,NDMA_SATELLITE_CELL,COMPUTED_LEAKAGE_FREE,1,0,0.63,2.77,5.926
INC-0212,134.15,411.96,293.18,0.47,0.48,VIIRS_SNPP,VIIRS,D,96.3,21.61627,86.37808,Shrubland / Grassland,789.8,0.28,24.4,44.94,97.52,75.95,78.4,0.638,63.8,0.765,10.5,30.8,52.0,0.0,0.0,34.9,183.3,32.8,-2.89,12,Winter,16,1,3,2,14,159.2,86.11,110.88,37.08,77.12,197.46,44.94,0,National Forest Reserve,Simlipal Tiger Reserve Thermal Anomaly Event #212,State Disaster Management & SPCB Field Report,https://ndma.gov.in/incident-log/inc-0212,CONFIRMED_PIXEL,1,MATCH_RADIUS_500M,EXACT_TIME_COINCIDENCE,VERIFIED,5,0,TIER_1_CERTIFIED,GROUND_TRUTH_VERIFIED,NDMA_SATELLITE_CELL,COMPUTED_LEAKAGE_FREE,1,0,0.14,0.4,2.881
INC-0213,100.62,390.01,311.45,0.35,0.38,VIIRS_NOAA20,VIIRS,D,73.5,11.64804,76.61176,Dense Forest / Woodland,855.3,0.12,40.27,71.47,122.81,93.32,238.0,0.742,74.2,0.891,18.9,27.3,52.5,0.0,0.0,29.7,111.4,41.9,0.11,6,Monsoon,6,0,4,4,17,181.91,108.31,103.68,126.67,54.39,150.02,71.47,0,National Forest Reserve,Bandipur Forest Belt Thermal Anomaly Event #213,State Disaster Management & SPCB Field Report,https://ndma.gov.in/incident-log/inc-0213,CONFIRMED_PIXEL,1,MATCH_RADIUS_500M,EXACT_TIME_COINCIDENCE,VERIFIED,4,0,TIER_1_CERTIFIED,GROUND_TRUTH_VERIFIED,NDMA_SATELLITE_CELL,COMPUTED_LEAKAGE_FREE,1,0,3.56,1.5,11.989
INC-0214,361.53,422.8,296.53,0.33,0.35,VIIRS_SNPP,VIIRS,D,82.5,21.63655,86.3731,Shrubland / Grassland,785.5,0.25,34.56,52.72,102.67,68.91,195.1,0.831,83.1,0.997,11.2,25.0,26.0,0.0,5.1,8.0,305.9,43.3,1.77,1,Winter,20,4,6,10,11,147.65,32.75,146.69,123.59,93.98,140.84,52.72,0,National Forest Reserve,Simlipal Tiger Reserve Thermal Anomaly Event #214,State Disaster Management & SPCB Field Report,https://ndma.gov.in/incident-log/inc-0214,CONFIRMED_PIXEL,1,MATCH_RADIUS_500M,EXACT_TIME_COINCIDENCE,VERIFIED,6,0,TIER_1_CERTIFIED,GROUND_TRUTH_VERIFIED,NDMA_SATELLITE_CELL,COMPUTED_LEAKAGE_FREE,1,0,2.13,1.56,6.733
INC-0215,306.27,340.56,300.05,0.52,0.53,VIIRS_SNPP,VIIRS,N,93.9,11.73357,76.633,Dense Forest / Woodland,872.1,0.4,47.87,39.79,60.19,73.18,86.9,0.589,58.9,0.707,7.0,39.9,64.0,0.0,0.0,30.2,186.4,33.2,1.4,8,Monsoon,12,0,4,4,19,179.92,94.97,137.23,7.86,69.26,30.57,39.79,0,National Forest Reserve,Bandipur Forest Belt Thermal Anomaly Event #215,State Disaster Management & SPCB Field Report,https://ndma.gov.in/incident-log/inc-0215,CONFIRMED_PIXEL,1,MATCH_RADIUS_500M,EXACT_TIME_COINCIDENCE,VERIFIED,6,0,TIER_1_CERTIFIED,GROUND_TRUTH_VERIFIED,NDMA_SATELLITE_CELL,COMPUTED_LEAKAGE_FREE,1,0,0.7,0.54,8.21
INC-0216,470.13,366.22,292.2,0.53,0.42,VIIRS_NOAA21,VIIRS,D,95.4,11.70188,76.64763,Dense Forest / Woodland,863.8,0.14,17.05,35.26,63.72,87.13,217.4,0.736,73.6,0.883,12.5,37.6,45.2,8.56,8.56,22.7,25.4,26.6,1.41,5,Summer,18,0,6,6,17,185.74,101.38,100.12,127.9,53.77,48.45,35.26,0,National Forest Reserve,Bandipur Forest Belt Thermal Anomaly Event #216,State Disaster Management & SPCB Field Report,https://ndma.gov.in/incident-log/inc-0216,CONFIRMED_PIXEL,1,MATCH_RADIUS_500M,EXACT_TIME_COINCIDENCE,VERIFIED,7,0,TIER_1_CERTIFIED,GROUND_TRUTH_VERIFIED,NDMA_SATELLITE_CELL,COMPUTED_LEAKAGE_FREE,1,0,4.32,1.09,10.632
INC-0217,72.43,422.04,294.36,0.36,0.33,VIIRS_NOAA21,VIIRS,N,88.6,21.61295,86.30162,Shrubland / Grassland,803.3,0.16,40.96,80.57,147.42,75.16,238.9,0.643,64.3,0.771,13.5,36.3,68.7,0.0,0.0,31.6,157.3,10.0,-0.4,3,Summer,17,1,5,6,18,68.46,97.42,102.17,40.66,55.83,99.53,80.57,0,National Forest Reserve,Simlipal Tiger Reserve Thermal Anomaly Event #217,State Disaster Management & SPCB Field Report,https://ndma.gov.in/incident-log/inc-0217,CONFIRMED_PIXEL,1,MATCH_RADIUS_500M,EXACT_TIME_COINCIDENCE,VERIFIED,3,0,TIER_1_CERTIFIED,GROUND_TRUTH_VERIFIED,NDMA_SATELLITE_CELL,COMPUTED_LEAKAGE_FREE,1,0,4.38,0.27,5.021
INC-0218,407.85,402.81,301.03,1.95,1.91,MODIS_TERRA,MODIS,D,77.2,11.62067,76.66822,Dense Forest / Woodland,848.3,0.01,41.38,61.0,84.66,56.12,106.9,0.626,62.6,0.751,17.7,40.7,47.3,0.0,0.0,30.3,335.7,33.3,1.43,6,Monsoon,20,2,5,2,9,173.06,34.85,47.66,44.06,55.24,197.9,61.0,0,National Forest Reserve,Bandipur Forest Belt Thermal Anomaly Event #218,State Disaster Management & SPCB Field Report,https://ndma.gov.in/incident-log/inc-0218,CONFIRMED_PIXEL,1,MATCH_RADIUS_500M,EXACT_TIME_COINCIDENCE,VERIFIED,3,0,TIER_1_CERTIFIED,GROUND_TRUTH_VERIFIED,NDMA_SATELLITE_CELL,COMPUTED_LEAKAGE_FREE,1,0,4.39,1.08,11.078
INC-0219,273.71,397.47,296.81,0.34,0.4,VIIRS_NOAA21,VIIRS,N,86.5,11.65865,76.59933,Dense Forest / Woodland,866.4,0.05,20.13,47.6,126.29,88.64,168.3,0.751,75.1,0.901,8.0,25.4,43.2,0.0,0.0,11.9,123.8,29.6,1.23,9,Monsoon,12,2,0,4,16,74.36,106.7,106.15,20.34,96.87,61.36,47.6,0,National Forest Reserve,Bandipur Forest Belt Thermal Anomaly Event #219,State Disaster Management & SPCB Field Report,https://ndma.gov.in/incident-log/inc-0219,CONFIRMED_PIXEL,1,MATCH_RADIUS_500M,EXACT_TIME_COINCIDENCE,VERIFIED,6,0,TIER_1_CERTIFIED,GROUND_TRUTH_VERIFIED,NDMA_SATELLITE_CELL,COMPUTED_LEAKAGE_FREE,1,0,0.27,1.96,5.822
INC-0220,318.24,375.48,291.82,0.43,0.34,VIIRS_NOAA21,VIIRS,N,76.8,11.61692,76.6008,Dense Forest / Woodland,843.6,0.28,42.63,58.17,93.38,87.46,101.9,0.685,68.5,0.822,18.7,35.6,52.1,0.0,0.0,25.6,159.4,24.6,0.25,1,Winter,15,0,4,2,20,92.68,114.71,104.77,94.17,44.9,195.62,58.17,0,National Forest Reserve,Bandipur Forest Belt Thermal Anomaly Event #220,State Disaster Management & SPCB Field Report,https://ndma.gov.in/incident-log/inc-0220,CONFIRMED_PIXEL,1,MATCH_RADIUS_500M,EXACT_TIME_COINCIDENCE,VERIFIED,6,0,TIER_1_CERTIFIED,GROUND_TRUTH_VERIFIED,NDMA_SATELLITE_CELL,COMPUTED_LEAKAGE_FREE,1,0,0.46,1.78,3.263
INC-0221,69.79,333.62,305.13,2.19,1.26,MODIS_TERRA,MODIS,D,79.6,11.68967,76.67447,Dense Forest / Woodland,861.6,0.21,49.3,27.54,143.6,47.61,283.8,0.575,57.5,0.69,15.5,34.5,29.2,0.0,0.0,5.4,28.1,40.4,0.99,7,Monsoon,11,0,4,8,17,154.36,42.01,136.79,60.05,60.86,178.48,27.54,0,National Forest Reserve,Bandipur Forest Belt Thermal Anomaly Event #221,State Disaster Management & SPCB Field Report,https://ndma.gov.in/incident-log/inc-0221,CONFIRMED_PIXEL,1,MATCH_RADIUS_500M,EXACT_TIME_COINCIDENCE,VERIFIED,6,0,TIER_1_CERTIFIED,GROUND_TRUTH_VERIFIED,NDMA_SATELLITE_CELL,COMPUTED_LEAKAGE_FREE,1,0,2.73,2.51,4.074
INC-0222,356.74,427.82,295.25,0.35,0.47,VIIRS_NOAA21,VIIRS,D,76.3,11.66019,76.61696,Dense Forest / Woodland,869.1,0.28,37.33,53.01,145.44,56.46,125.6,0.847,84.7,1.016,20.1,34.7,64.9,0.0,0.87,8.4,32.9,12.1,0.29,3,Summer,0,1,1,5,13,103.64,57.7,71.79,22.41,57.48,9.09,53.01,0,National Forest Reserve,Bandipur Forest Belt Thermal Anomaly Event #222,State Disaster Management & SPCB Field Report,https://ndma.gov.in/incident-log/inc-0222,CONFIRMED_PIXEL,1,MATCH_RADIUS_500M,EXACT_TIME_COINCIDENCE,VERIFIED,3,0,TIER_1_CERTIFIED,GROUND_TRUTH_VERIFIED,NDMA_SATELLITE_CELL,COMPUTED_LEAKAGE_FREE,1,0,3.9,0.26,7.807
INC-0223,372.92,424.04,296.32,0.49,0.35,VIIRS_SNPP,VIIRS,N,78.4,11.65416,76.65337,Dense Forest / Woodland,849.1,0.21,24.52,77.73,127.36,51.62,206.4,0.565,56.5,0.678,15.3,34.6,51.6,0.0,0.0,11.0,272.1,23.1,1.77,12,Winter,14,0,4,5,16,124.94,99.73,77.11,82.27,70.65,130.42,77.73,0,National Forest Reserve,Bandipur Forest Belt Thermal Anomaly Event #223,State Disaster Management & SPCB Field Report,https://ndma.gov.in/incident-log/inc-0223,CONFIRMED_PIXEL,1,MATCH_RADIUS_500M,EXACT_TIME_COINCIDENCE,VERIFIED,3,0,TIER_1_CERTIFIED,GROUND_TRUTH_VERIFIED,NDMA_SATELLITE_CELL,COMPUTED_LEAKAGE_FREE,1,0,0.12,0.87,6.463
INC-0224,313.37,350.88,294.67,1.36,1.18,MODIS_TERRA,MODIS,D,72.9,11.64156,76.61252,Dense Forest / Woodland,867.7,0.27,20.42,32.98,106.53,61.61,143.0,0.806,80.6,0.967,17.2,33.2,28.3,0.0,6.88,32.1,15.3,21.8,-0.96,2,Winter,13,2,5,5,12,114.94,66.07,59.64,98.3,20.11,158.04,32.98,0,National Forest Reserve,Bandipur Forest Belt Thermal Anomaly Event #224,State Disaster Management & SPCB Field Report,https://ndma.gov.in/incident-log/inc-0224,CONFIRMED_PIXEL,1,MATCH_RADIUS_500M,EXACT_TIME_COINCIDENCE,VERIFIED,5,0,TIER_1_CERTIFIED,GROUND_TRUTH_VERIFIED,NDMA_SATELLITE_CELL,COMPUTED_LEAKAGE_FREE,1,0,4.37,2.97,9.571
INC-0225,341.31,368.36,298.17,0.55,0.47,VIIRS_NOAA21,VIIRS,N,98.5,11.64332,76.63916,Dense Forest / Woodland,850.7,0.18,24.55,38.13,135.92,94.22,201.9,0.686,68.6,0.824,18.5,35.7,79.4,0.0,0.0,31.9,184.3,33.7,-1.79,3,Summer,9,1,0,5,12,136.45,66.08,87.39,119.96,24.59,91.07,38.13,0,National Forest Reserve,Bandipur Forest Belt Thermal Anomaly Event #225,State Disaster Management & SPCB Field Report,https://ndma.gov.in/incident-log/inc-0225,CONFIRMED_PIXEL,1,MATCH_RADIUS_500M,EXACT_TIME_COINCIDENCE,VERIFIED,5,0,TIER_1_CERTIFIED,GROUND_TRUTH_VERIFIED,NDMA_SATELLITE_CELL,COMPUTED_LEAKAGE_FREE,1,0,4.45,0.55,6.201
INC-0226,542.97,376.78,305.1,0.45,0.5,VIIRS_NOAA21,VIIRS,D,75.3,11.63768,76.59514,Shrubland / Grassland,863.2,0.34,44.17,51.26,51.62,87.33,185.9,0.608,60.8,0.729,16.1,24.2,58.6,0.0,0.0,33.3,175.1,10.4,-1.91,3,Summer,1,0,2,4,13,61.77,30.11,107.77,101.7,35.12,180.78,51.26,0,National Forest Reserve,Bandipur Forest Belt Thermal Anomaly Event #226,State Disaster Management & SPCB Field Report,https://ndma.gov.in/incident-log/inc-0226,CONFIRMED_PIXEL,1,MATCH_RADIUS_500M,EXACT_TIME_COINCIDENCE,VERIFIED,7,0,TIER_1_CERTIFIED,GROUND_TRUTH_VERIFIED,NDMA_SATELLITE_CELL,COMPUTED_LEAKAGE_FREE,1,0,1.91,2.17,9.414
INC-0227,498.82,344.39,306.49,1.78,1.1,MODIS_TERRA,MODIS,D,69.7,21.57414,86.39998,Dense Forest / Woodland,773.5,0.2,28.99,57.74,66.18,69.55,222.8,0.576,57.6,0.691,11.5,24.8,43.8,0.0,0.0,35.8,279.8,11.1,-2.54,7,Monsoon,23,2,5,5,16,73.82,81.47,50.53,109.83,32.83,88.57,57.74,0,National Forest Reserve,Simlipal Tiger Reserve Thermal Anomaly Event #227,State Disaster Management & SPCB Field Report,https://ndma.gov.in/incident-log/inc-0227,CONFIRMED_PIXEL,1,MATCH_RADIUS_500M,EXACT_TIME_COINCIDENCE,VERIFIED,3,0,TIER_1_CERTIFIED,GROUND_TRUTH_VERIFIED,NDMA_SATELLITE_CELL,COMPUTED_LEAKAGE_FREE,1,0,3.27,2.08,6.786
INC-0228,219.76,430.61,304.38,0.46,0.45,VIIRS_NOAA20,VIIRS,N,78.3,21.65071,86.34103,Dense Forest / Woodland,796.5,0.2,16.3,29.17,103.79,97.5,99.8,0.774,77.4,0.929,11.9,39.5,35.8,0.0,0.0,26.3,160.5,18.9,1.1,4,Summer,1,3,2,6,11,90.15,94.97,129.17,29.22,52.95,50.77,29.17,0,National Forest Reserve,Simlipal Tiger Reserve Thermal Anomaly Event #228,State Disaster Management & SPCB Field Report,https://ndma.gov.in/incident-log/inc-0228,CONFIRMED_PIXEL,1,MATCH_RADIUS_500M,EXACT_TIME_COINCIDENCE,VERIFIED,6,0,TIER_1_CERTIFIED,GROUND_TRUTH_VERIFIED,NDMA_SATELLITE_CELL,COMPUTED_LEAKAGE_FREE,1,0,3.27,0.52,10.599
INC-0229,261.78,427.65,296.31,0.51,0.51,VIIRS_SNPP,VIIRS,D,84.9,11.63029,76.70711,Dense Forest / Woodland,840.7,0.34,42.8,73.86,71.4,97.32,14.3,0.586,58.6,0.703,9.3,24.0,79.4,0.0,5.96,6.8,301.4,29.5,-2.55,2,Winter,23,0,3,5,13,91.87,118.86,101.59,144.75,75.65,186.72,73.86,0,National Forest Reserve,Bandipur Forest Belt Thermal Anomaly Event #229,State Disaster Management & SPCB Field Report,https://ndma.gov.in/incident-log/inc-0229,CONFIRMED_PIXEL,1,MATCH_RADIUS_500M,EXACT_TIME_COINCIDENCE,VERIFIED,5,0,TIER_1_CERTIFIED,GROUND_TRUTH_VERIFIED,NDMA_SATELLITE_CELL,COMPUTED_LEAKAGE_FREE,1,0,1.82,1.81,8.222
INC-0230,413.09,434.6,292.09,0.5,0.33,VIIRS_NOAA20,VIIRS,D,99.4,11.71287,76.64453,Shrubland / Grassland,862.0,0.01,40.35,74.58,86.71,83.62,5.0,0.583,58.3,0.7,18.8,29.5,31.0,0.0,0.0,24.9,74.3,10.8,-2.84,3,Summer,17,4,5,6,18,132.29,38.53,75.37,92.1,21.55,102.32,74.58,0,National Forest Reserve,Bandipur Forest Belt Thermal Anomaly Event #230,State Disaster Management & SPCB Field Report,https://ndma.gov.in/incident-log/inc-0230,CONFIRMED_PIXEL,1,MATCH_RADIUS_500M,EXACT_TIME_COINCIDENCE,VERIFIED,6,0,TIER_1_CERTIFIED,GROUND_TRUTH_VERIFIED,NDMA_SATELLITE_CELL,COMPUTED_LEAKAGE_FREE,1,0,2.39,3.13,1.958
INC-0231,421.25,360.31,299.54,2.13,2.06,MODIS_TERRA,MODIS,N,67.9,21.60404,86.42575,Dense Forest / Woodland,804.0,0.1,34.38,55.77,124.42,101.21,237.0,0.692,69.2,0.83,17.8,34.2,32.3,0.0,0.0,19.6,188.3,14.6,1.41,1,Winter,14,1,5,7,15,82.2,83.35,138.58,87.02,28.7,63.96,55.77,0,National Forest Reserve,Simlipal Tiger Reserve Thermal Anomaly Event #231,State Disaster Management & SPCB Field Report,https://ndma.gov.in/incident-log/inc-0231,CONFIRMED_PIXEL,1,MATCH_RADIUS_500M,EXACT_TIME_COINCIDENCE,VERIFIED,6,0,TIER_1_CERTIFIED,GROUND_TRUTH_VERIFIED,NDMA_SATELLITE_CELL,COMPUTED_LEAKAGE_FREE,1,0,0.66,1.14,4.076
INC-0232,371.65,423.61,313.29,0.51,0.52,VIIRS_NOAA21,VIIRS,N,85.9,21.6556,86.31367,Dense Forest / Woodland,781.8,0.31,21.29,80.45,90.0,98.39,63.0,0.717,71.7,0.86,7.9,31.1,65.9,0.0,0.0,18.5,313.9,20.8,-1.67,8,Monsoon,9,2,4,5,17,134.38,104.57,86.81,88.26,24.94,64.14,80.45,0,National Forest Reserve,Simlipal Tiger Reserve Thermal Anomaly Event #232,State Disaster Management & SPCB Field Report,https://ndma.gov.in/incident-log/inc-0232,CONFIRMED_PIXEL,1,MATCH_RADIUS_500M,EXACT_TIME_COINCIDENCE,VERIFIED,3,0,TIER_1_CERTIFIED,GROUND_TRUTH_VERIFIED,NDMA_SATELLITE_CELL,COMPUTED_LEAKAGE_FREE,1,0,2.66,2.16,3.917
INC-0233,472.52,384.98,299.69,1.54,2.17,MODIS_TERRA,MODIS,D,66.7,21.66138,86.27257,Dense Forest / Woodland,804.1,0.02,37.79,81.61,71.35,74.11,268.5,0.706,70.6,0.847,15.7,26.8,77.3,1.47,1.47,24.9,105.2,21.8,0.39,5,Summer,17,2,5,4,17,191.53,68.57,79.42,110.93,55.24,127.87,81.61,0,National Forest Reserve,Simlipal Tiger Reserve Thermal Anomaly Event #233,State Disaster Management & SPCB Field Report,https://ndma.gov.in/incident-log/inc-0233,CONFIRMED_PIXEL,1,MATCH_RADIUS_500M,EXACT_TIME_COINCIDENCE,VERIFIED,6,0,TIER_1_CERTIFIED,GROUND_TRUTH_VERIFIED,NDMA_SATELLITE_CELL,COMPUTED_LEAKAGE_FREE,1,0,0.37,0.8,5.119
INC-0234,294.18,431.88,310.38,0.51,0.42,VIIRS_SNPP,VIIRS,N,66.3,21.63646,86.38726,Dense Forest / Woodland,775.6,0.39,46.89,29.06,53.52,53.47,58.5,0.826,82.6,0.992,10.8,23.0,83.3,7.37,7.37,4.3,248.1,44.2,1.81,9,Monsoon,13,2,1,4,21,161.9,46.54,96.26,86.72,27.46,163.84,29.06,0,National Forest Reserve,Simlipal Tiger Reserve Thermal Anomaly Event #234,State Disaster Management & SPCB Field Report,https://ndma.gov.in/incident-log/inc-0234,CONFIRMED_PIXEL,1,MATCH_RADIUS_500M,EXACT_TIME_COINCIDENCE,VERIFIED,5,0,TIER_1_CERTIFIED,GROUND_TRUTH_VERIFIED,NDMA_SATELLITE_CELL,COMPUTED_LEAKAGE_FREE,1,0,4.32,0.92,2.966
INC-0235,323.38,399.45,296.05,1.48,2.03,MODIS_TERRA,MODIS,D,71.3,21.61599,86.4106,Dense Forest / Woodland,773.1,0.1,54.8,32.32,117.97,60.82,117.6,0.776,77.6,0.931,11.2,27.4,56.7,0.0,1.34,28.1,350.9,14.3,0.75,12,Winter,17,2,5,6,9,126.58,56.95,75.56,105.44,40.83,56.66,32.32,0,National Forest Reserve,Simlipal Tiger Reserve Thermal Anomaly Event #235,State Disaster Management & SPCB Field Report,https://ndma.gov.in/incident-log/inc-0235,CONFIRMED_PIXEL,1,MATCH_RADIUS_500M,EXACT_TIME_COINCIDENCE,VERIFIED,6,0,TIER_1_CERTIFIED,GROUND_TRUTH_VERIFIED,NDMA_SATELLITE_CELL,COMPUTED_LEAKAGE_FREE,1,0,1.3,3.13,3.252
INC-0236,133.51,424.19,312.07,0.36,0.45,VIIRS_NOAA21,VIIRS,N,89.6,11.63938,76.61796,Dense Forest / Woodland,871.9,0.33,31.12,31.44,125.81,87.72,153.0,0.793,79.3,0.952,7.2,32.5,66.8,0.0,8.51,27.3,335.7,10.9,0.31,7,Monsoon,20,1,2,6,3,98.41,52.77,147.32,107.99,89.0,138.16,31.44,0,National Forest Reserve,Bandipur Forest Belt Thermal Anomaly Event #236,State Disaster Management & SPCB Field Report,https://ndma.gov.in/incident-log/inc-0236,CONFIRMED_PIXEL,1,MATCH_RADIUS_500M,EXACT_TIME_COINCIDENCE,VERIFIED,4,0,TIER_1_CERTIFIED,GROUND_TRUTH_VERIFIED,NDMA_SATELLITE_CELL,COMPUTED_LEAKAGE_FREE,1,0,2.63,0.14,3.166
INC-0237,451.43,355.94,301.53,0.33,0.35,VIIRS_NOAA21,VIIRS,N,71.6,21.65508,86.3246,Dense Forest / Woodland,789.4,0.14,57.96,70.28,103.92,80.84,288.5,0.795,79.5,0.954,10.1,34.4,62.2,0.0,0.0,30.9,104.0,20.5,-0.05,5,Summer,21,1,2,7,14,82.3,63.5,114.01,126.45,93.97,77.85,70.28,0,National Forest Reserve,Simlipal Tiger Reserve Thermal Anomaly Event #237,State Disaster Management & SPCB Field Report,https://ndma.gov.in/incident-log/inc-0237,CONFIRMED_PIXEL,1,MATCH_RADIUS_500M,EXACT_TIME_COINCIDENCE,VERIFIED,3,0,TIER_1_CERTIFIED,GROUND_TRUTH_VERIFIED,NDMA_SATELLITE_CELL,COMPUTED_LEAKAGE_FREE,1,0,4.21,3.06,11.507
INC-0238,458.09,338.91,297.91,2.15,1.28,MODIS_TERRA,MODIS,D,68.5,11.68708,76.5614,Dense Forest / Woodland,862.6,0.06,48.42,48.17,108.18,47.96,85.2,0.616,61.6,0.739,16.1,27.5,38.9,0.0,0.0,9.0,261.5,13.3,-1.12,1,Winter,1,1,3,6,9,102.9,75.08,65.49,89.21,63.35,100.87,48.17,0,National Forest Reserve,Bandipur Forest Belt Thermal Anomaly Event #238,State Disaster Management & SPCB Field Report,https://ndma.gov.in/incident-log/inc-0238,CONFIRMED_PIXEL,1,MATCH_RADIUS_500M,EXACT_TIME_COINCIDENCE,VERIFIED,7,0,TIER_1_CERTIFIED,GROUND_TRUTH_VERIFIED,NDMA_SATELLITE_CELL,COMPUTED_LEAKAGE_FREE,1,0,3.07,1.11,2.046
INC-0239,257.19,425.68,312.41,0.4,0.34,VIIRS_SNPP,VIIRS,D,83.1,11.6914,76.66294,Dense Forest / Woodland,862.8,0.02,57.65,33.37,53.44,73.15,273.9,0.755,75.5,0.907,8.2,22.5,55.8,0.0,0.0,36.1,296.6,30.5,-3.16,8,Monsoon,5,2,5,5,13,87.25,46.58,71.66,83.45,39.87,186.04,33.37,0,National Forest Reserve,Bandipur Forest Belt Thermal Anomaly Event #239,State Disaster Management & SPCB Field Report,https://ndma.gov.in/incident-log/inc-0239,CONFIRMED_PIXEL,1,MATCH_RADIUS_500M,EXACT_TIME_COINCIDENCE,VERIFIED,3,0,TIER_1_CERTIFIED,GROUND_TRUTH_VERIFIED,NDMA_SATELLITE_CELL,COMPUTED_LEAKAGE_FREE,1,0,3.78,1.99,7.609
INC-0240,299.05,363.63,301.49,0.37,0.5,VIIRS_NOAA20,VIIRS,D,85.7,11.7099,76.58112,Shrubland / Grassland,862.5,0.25,37.5,31.71,69.76,78.37,11.0,0.721,72.1,0.866,12.6,34.4,47.2,0.0,4.51,21.1,324.4,15.4,1.27,2,Winter,4,1,4,8,18,184.26,80.98,114.97,95.06,47.12,39.54,31.71,0,National Forest Reserve,Bandipur Forest Belt Thermal Anomaly Event #240,State Disaster Management & SPCB Field Report,https://ndma.gov.in/incident-log/inc-0240,CONFIRMED_PIXEL,1,MATCH_RADIUS_500M,EXACT_TIME_COINCIDENCE,VERIFIED,7,0,TIER_1_CERTIFIED,GROUND_TRUTH_VERIFIED,NDMA_SATELLITE_CELL,COMPUTED_LEAKAGE_FREE,1,0,1.67,1.22,3.826
INC-0241,453.39,382.41,311.32,2.14,1.76,MODIS_TERRA,MODIS,N,92.6,11.67377,76.57646,Dense Forest / Woodland,862.7,0.01,42.86,54.76,106.72,111.95,265.4,0.598,59.8,0.718,17.5,32.6,21.1,11.07,11.07,16.4,169.4,15.7,-1.6,1,Winter,0,1,3,3,19,195.79,87.1,124.05,144.16,26.7,176.77,54.76,0,National Forest Reserve,Bandipur Forest Belt Thermal Anomaly Event #241,State Disaster Management & SPCB Field Report,https://ndma.gov.in/incident-log/inc-0241,CONFIRMED_PIXEL,1,MATCH_RADIUS_500M,EXACT_TIME_COINCIDENCE,VERIFIED,7,0,TIER_1_CERTIFIED,GROUND_TRUTH_VERIFIED,NDMA_SATELLITE_CELL,COMPUTED_LEAKAGE_FREE,1,0,4.14,1.5,0.941
INC-0242,515.74,354.21,310.91,1.23,2.05,MODIS_TERRA,MODIS,D,85.0,21.70199,86.32144,Dense Forest / Woodland,778.8,0.35,50.86,47.52,127.44,61.0,103.5,0.706,70.6,0.847,11.7,36.5,56.9,0.0,0.0,12.0,159.3,11.2,-0.22,2,Winter,2,2,6,8,13,106.0,39.71,142.86,148.77,43.28,109.99,47.52,0,National Forest Reserve,Simlipal Tiger Reserve Thermal Anomaly Event #242,State Disaster Management & SPCB Field Report,https://ndma.gov.in/incident-log/inc-0242,CONFIRMED_PIXEL,1,MATCH_RADIUS_500M,EXACT_TIME_COINCIDENCE,VERIFIED,5,0,TIER_1_CERTIFIED,GROUND_TRUTH_VERIFIED,NDMA_SATELLITE_CELL,COMPUTED_LEAKAGE_FREE,1,0,2.81,0.35,9.373
INC-0243,157.22,378.14,311.4,2.16,2.18,MODIS_TERRA,MODIS,N,71.5,21.62583,86.28724,Shrubland / Grassland,772.9,0.11,35.04,71.3,87.59,114.22,275.0,0.747,74.7,0.896,7.8,27.4,26.7,0.0,0.0,33.3,299.2,16.3,-0.49,1,Winter,17,0,4,7,21,73.22,63.37,117.98,73.01,38.08,175.77,71.3,0,National Forest Reserve,Simlipal Tiger Reserve Thermal Anomaly Event #243,State Disaster Management & SPCB Field Report,https://ndma.gov.in/incident-log/inc-0243,CONFIRMED_PIXEL,1,MATCH_RADIUS_500M,EXACT_TIME_COINCIDENCE,VERIFIED,5,0,TIER_1_CERTIFIED,GROUND_TRUTH_VERIFIED,NDMA_SATELLITE_CELL,COMPUTED_LEAKAGE_FREE,1,0,3.62,2.68,3.657
INC-0244,492.91,354.11,306.96,0.53,0.51,VIIRS_SNPP,VIIRS,N,99.0,21.62225,86.39204,Dense Forest / Woodland,803.0,0.22,53.67,31.6,84.7,83.06,55.1,0.607,60.7,0.728,17.9,32.6,82.9,0.0,1.14,10.9,276.0,16.8,-3.38,7,Monsoon,0,0,2,8,14,173.58,49.48,128.32,57.1,51.97,19.03,31.6,0,National Forest Reserve,Simlipal Tiger Reserve Thermal Anomaly Event #244,State Disaster Management & SPCB Field Report,https://ndma.gov.in/incident-log/inc-0244,CONFIRMED_PIXEL,1,MATCH_RADIUS_500M,EXACT_TIME_COINCIDENCE,VERIFIED,3,0,TIER_1_CERTIFIED,GROUND_TRUTH_VERIFIED,NDMA_SATELLITE_CELL,COMPUTED_LEAKAGE_FREE,1,0,0.56,2.2,7.276
INC-0245,328.61,342.42,312.72,0.42,0.38,VIIRS_NOAA20,VIIRS,D,65.0,11.73399,76.65364,Shrubland / Grassland,851.8,0.3,54.83,62.67,74.68,64.74,152.3,0.85,85.0,1.02,14.1,27.8,32.9,0.0,4.84,20.8,137.3,12.4,-1.55,9,Monsoon,23,3,1,9,20,184.0,56.84,122.08,51.27,99.21,171.74,62.67,0,National Forest Reserve,Bandipur Forest Belt Thermal Anomaly Event #245,State Disaster Management & SPCB Field Report,https://ndma.gov.in/incident-log/inc-0245,CONFIRMED_PIXEL,1,MATCH_RADIUS_500M,EXACT_TIME_COINCIDENCE,VERIFIED,6,0,TIER_1_CERTIFIED,GROUND_TRUTH_VERIFIED,NDMA_SATELLITE_CELL,COMPUTED_LEAKAGE_FREE,1,0,2.55,2.33,4.586
INC-0246,127.83,331.72,295.26,1.6,1.57,MODIS_TERRA,MODIS,D,68.9,21.64375,86.39409,Dense Forest / Woodland,796.5,0.22,26.45,29.7,124.46,100.64,26.5,0.735,73.5,0.882,7.2,30.0,84.6,0.0,0.0,20.9,291.3,18.6,-1.36,7,Monsoon,21,1,3,4,14,199.7,111.0,141.87,134.66,83.86,67.72,29.7,0,National Forest Reserve,Simlipal Tiger Reserve Thermal Anomaly Event #246,State Disaster Management & SPCB Field Report,https://ndma.gov.in/incident-log/inc-0246,CONFIRMED_PIXEL,1,MATCH_RADIUS_500M,EXACT_TIME_COINCIDENCE,VERIFIED,3,0,TIER_1_CERTIFIED,GROUND_TRUTH_VERIFIED,NDMA_SATELLITE_CELL,COMPUTED_LEAKAGE_FREE,1,0,2.27,3.0,0.024
INC-0247,152.47,364.87,295.34,0.45,0.4,VIIRS_SNPP,VIIRS,N,93.7,21.72655,86.37105,Dense Forest / Woodland,793.7,0.36,19.6,34.29,136.2,71.92,230.2,0.766,76.6,0.919,15.7,42.6,60.8,0.0,0.0,33.3,47.1,18.0,-0.32,10,Post-Monsoon,6,0,3,4,16,83.7,75.96,85.83,59.48,37.53,62.17,34.29,0,National Forest Reserve,Simlipal Tiger Reserve Thermal Anomaly Event #247,State Disaster Management & SPCB Field Report,https://ndma.gov.in/incident-log/inc-0247,CONFIRMED_PIXEL,1,MATCH_RADIUS_500M,EXACT_TIME_COINCIDENCE,VERIFIED,7,0,TIER_1_CERTIFIED,GROUND_TRUTH_VERIFIED,NDMA_SATELLITE_CELL,COMPUTED_LEAKAGE_FREE,1,0,3.51,3.0,1.708
INC-0248,286.5,332.95,307.7,0.38,0.43,VIIRS_SNPP,VIIRS,N,87.8,21.65383,86.33167,Dense Forest / Woodland,784.8,0.21,55.22,41.69,74.03,61.06,255.7,0.828,82.8,0.993,8.7,30.6,77.6,0.0,0.0,21.9,98.3,41.3,-0.95,4,Summer,8,0,7,7,19,107.34,39.66,116.69,40.02,36.59,102.17,41.69,0,National Forest Reserve,Simlipal Tiger Reserve Thermal Anomaly Event #248,State Disaster Management & SPCB Field Report,https://ndma.gov.in/incident-log/inc-0248,CONFIRMED_PIXEL,1,MATCH_RADIUS_500M,EXACT_TIME_COINCIDENCE,VERIFIED,6,0,TIER_1_CERTIFIED,GROUND_TRUTH_VERIFIED,NDMA_SATELLITE_CELL,COMPUTED_LEAKAGE_FREE,1,0,4.38,1.3,7.192
INC-0249,52.89,381.56,299.97,0.44,0.37,VIIRS_NOAA20,VIIRS,D,72.0,21.60532,86.30809,Shrubland / Grassland,797.4,0.28,59.68,50.72,112.46,117.04,96.2,0.704,70.4,0.844,9.7,28.7,77.3,0.0,0.0,31.2,92.6,29.7,-0.97,11,Post-Monsoon,10,0,3,5,14,176.41,71.72,121.12,20.01,30.25,56.67,50.72,0,National Forest Reserve,Simlipal Tiger Reserve Thermal Anomaly Event #249,State Disaster Management & SPCB Field Report,https://ndma.gov.in/incident-log/inc-0249,CONFIRMED_PIXEL,1,MATCH_RADIUS_500M,EXACT_TIME_COINCIDENCE,VERIFIED,5,0,TIER_1_CERTIFIED,GROUND_TRUTH_VERIFIED,NDMA_SATELLITE_CELL,COMPUTED_LEAKAGE_FREE,1,0,2.24,1.52,7.858
INC-0250,380.02,331.48,295.12,0.39,0.53,VIIRS_SNPP,VIIRS,D,92.3,11.6733,76.58302,Dense Forest / Woodland,861.6,0.31,52.79,43.99,143.1,84.24,59.1,0.587,58.7,0.704,9.3,26.1,20.6,4.45,4.45,16.2,321.9,7.8,1.89,5,Summer,1,3,2,10,13,157.52,83.71,53.5,8.32,97.05,192.12,43.99,0,National Forest Reserve,Bandipur Forest Belt Thermal Anomaly Event #250,State Disaster Management & SPCB Field Report,https://ndma.gov.in/incident-log/inc-0250,CONFIRMED_PIXEL,1,MATCH_RADIUS_500M,EXACT_TIME_COINCIDENCE,VERIFIED,5,0,TIER_1_CERTIFIED,GROUND_TRUTH_VERIFIED,NDMA_SATELLITE_CELL,COMPUTED_LEAKAGE_FREE,1,0,1.67,2.1,8.917
INC-0251,132.74,423.58,307.57,0.52,0.42,VIIRS_SNPP,VIIRS,N,97.0,21.61543,86.341,Shrubland / Grassland,771.1,0.05,47.18,29.86,141.72,99.32,64.4,0.785,78.5,0.942,21.6,40.4,54.9,0.0,0.0,32.6,47.7,31.4,-0.34,10,Post-Monsoon,9,1,4,7,17,106.97,62.66,95.71,91.78,48.88,46.72,29.86,0,National Forest Reserve,Simlipal Tiger Reserve Thermal Anomaly Event #251,State Disaster Management & SPCB Field Report,https://ndma.gov.in/incident-log/inc-0251,CONFIRMED_PIXEL,1,MATCH_RADIUS_500M,EXACT_TIME_COINCIDENCE,VERIFIED,6,0,TIER_1_CERTIFIED,GROUND_TRUTH_VERIFIED,NDMA_SATELLITE_CELL,COMPUTED_LEAKAGE_FREE,1,0,4.11,1.63,3.235
INC-0252,45.77,434.67,308.12,0.32,0.47,VIIRS_NOAA20,VIIRS,D,78.5,11.70749,76.63873,Dense Forest / Woodland,872.7,0.39,56.92,72.9,119.4,66.95,37.6,0.683,68.3,0.819,16.7,25.5,19.0,0.0,0.0,22.8,300.0,37.1,-2.95,1,Winter,0,1,4,5,12,74.56,81.64,103.39,26.27,96.18,169.46,72.9,0,National Forest Reserve,Bandipur Forest Belt Thermal Anomaly Event #252,State Disaster Management & SPCB Field Report,https://ndma.gov.in/incident-log/inc-0252,CONFIRMED_PIXEL,1,MATCH_RADIUS_500M,EXACT_TIME_COINCIDENCE,VERIFIED,7,0,TIER_1_CERTIFIED,GROUND_TRUTH_VERIFIED,NDMA_SATELLITE_CELL,COMPUTED_LEAKAGE_FREE,1,0,2.57,1.52,7.884
INC-0253,494.04,379.45,303.75,0.38,0.51,VIIRS_SNPP,VIIRS,D,68.9,11.66416,76.58493,Dense Forest / Woodland,852.0,0.12,23.18,53.97,74.44,82.23,218.9,0.792,79.2,0.95,10.6,33.6,65.0,0.0,0.0,17.8,133.2,38.1,-2.64,12,Winter,10,1,3,6,15,98.54,107.8,106.81,11.42,20.02,151.95,53.97,0,National Forest Reserve,Bandipur Forest Belt Thermal Anomaly Event #253,State Disaster Management & SPCB Field Report,https://ndma.gov.in/incident-log/inc-0253,CONFIRMED_PIXEL,1,MATCH_RADIUS_500M,EXACT_TIME_COINCIDENCE,VERIFIED,6,0,TIER_1_CERTIFIED,GROUND_TRUTH_VERIFIED,NDMA_SATELLITE_CELL,COMPUTED_LEAKAGE_FREE,1,0,1.96,0.38,11.259
INC-0254,275.66,349.3,293.53,1.86,1.08,MODIS_TERRA,MODIS,N,82.4,21.68146,86.34745,Shrubland / Grassland,793.3,0.18,38.2,33.67,147.94,60.62,211.5,0.706,70.6,0.848,9.9,22.2,34.6,0.0,0.0,14.9,302.6,38.3,0.17,3,Summer,0,0,3,6,14,124.24,49.46,94.33,23.36,80.48,164.56,33.67,0,National Forest Reserve,Simlipal Tiger Reserve Thermal Anomaly Event #254,State Disaster Management & SPCB Field Report,https://ndma.gov.in/incident-log/inc-0254,CONFIRMED_PIXEL,1,MATCH_RADIUS_500M,EXACT_TIME_COINCIDENCE,VERIFIED,5,0,TIER_1_CERTIFIED,GROUND_TRUTH_VERIFIED,NDMA_SATELLITE_CELL,COMPUTED_LEAKAGE_FREE,1,0,0.16,1.15,1.594
INC-0255,435.55,437.43,295.41,1.59,1.84,MODIS_TERRA,MODIS,N,99.5,21.59814,86.31918,Shrubland / Grassland,774.8,0.21,52.31,27.59,149.56,88.18,171.7,0.788,78.8,0.945,9.0,27.9,45.1,0.0,25.2,5.6,317.3,40.8,-0.62,1,Winter,22,2,2,6,9,197.05,62.86,90.38,105.02,80.19,140.13,27.59,0,National Forest Reserve,Simlipal Tiger Reserve Thermal Anomaly Event #255,State Disaster Management & SPCB Field Report,https://ndma.gov.in/incident-log/inc-0255,CONFIRMED_PIXEL,1,MATCH_RADIUS_500M,EXACT_TIME_COINCIDENCE,VERIFIED,5,0,TIER_1_CERTIFIED,GROUND_TRUTH_VERIFIED,NDMA_SATELLITE_CELL,COMPUTED_LEAKAGE_FREE,1,0,2.94,2.8,7.189
INC-0256,200.32,393.32,304.85,1.22,1.59,MODIS_TERRA,MODIS,N,92.9,11.73675,76.6412,Dense Forest / Woodland,868.7,0.14,49.3,62.88,64.92,107.01,211.1,0.815,81.5,0.978,9.2,27.0,29.1,0.0,0.0,19.5,10.1,20.4,0.74,9,Monsoon,16,0,3,8,18,183.64,71.95,62.98,87.7,95.81,149.66,62.88,0,National Forest Reserve,Bandipur Forest Belt Thermal Anomaly Event #256,State Disaster Management & SPCB Field Report,https://ndma.gov.in/incident-log/inc-0256,CONFIRMED_PIXEL,1,MATCH_RADIUS_500M,EXACT_TIME_COINCIDENCE,VERIFIED,6,0,TIER_1_CERTIFIED,GROUND_TRUTH_VERIFIED,NDMA_SATELLITE_CELL,COMPUTED_LEAKAGE_FREE,1,0,4.28,0.14,1.682
INC-0257,217.86,437.58,307.6,0.35,0.38,VIIRS_NOAA21,VIIRS,N,75.7,11.66178,76.61199,Dense Forest / Woodland,860.8,0.02,25.62,49.32,68.26,45.83,164.0,0.563,56.3,0.675,12.3,39.8,82.2,0.0,0.0,33.4,44.4,38.8,-1.72,6,Monsoon,13,0,7,5,21,91.51,78.03,116.53,32.62,81.92,196.66,49.32,0,National Forest Reserve,Bandipur Forest Belt Thermal Anomaly Event #257,State Disaster Management & SPCB Field Report,https://ndma.gov.in/incident-log/inc-0257,CONFIRMED_PIXEL,1,MATCH_RADIUS_500M,EXACT_TIME_COINCIDENCE,VERIFIED,3,0,TIER_1_CERTIFIED,GROUND_TRUTH_VERIFIED,NDMA_SATELLITE_CELL,COMPUTED_LEAKAGE_FREE,1,0,0.27,1.6,10.782
INC-0258,400.56,404.49,304.68,0.39,0.32,VIIRS_NOAA21,VIIRS,N,94.2,21.62277,86.33891,Dense Forest / Woodland,802.4,0.17,53.04,70.26,127.13,103.4,276.5,0.725,72.5,0.87,12.5,39.3,48.5,0.0,8.65,22.7,74.4,18.6,-0.22,7,Monsoon,6,0,2,9,10,72.89,35.01,128.11,9.58,40.75,156.49,70.26,0,National Forest Reserve,Simlipal Tiger Reserve Thermal Anomaly Event #258,State Disaster Management & SPCB Field Report,https://ndma.gov.in/incident-log/inc-0258,CONFIRMED_PIXEL,1,MATCH_RADIUS_500M,EXACT_TIME_COINCIDENCE,VERIFIED,6,0,TIER_1_CERTIFIED,GROUND_TRUTH_VERIFIED,NDMA_SATELLITE_CELL,COMPUTED_LEAKAGE_FREE,1,0,2.32,1.71,11.121
INC-0259,191.38,428.86,304.84,0.35,0.51,VIIRS_SNPP,VIIRS,D,77.2,11.66465,76.57376,Dense Forest / Woodland,853.7,0.1,34.46,32.93,57.87,94.4,242.1,0.683,68.3,0.82,6.0,29.4,48.5,0.0,0.0,5.5,61.5,22.3,-1.54,5,Summer,2,1,4,3,12,117.0,95.36,52.11,133.58,68.79,40.54,32.93,0,National Forest Reserve,Bandipur Forest Belt Thermal Anomaly Event #259,State Disaster Management & SPCB Field Report,https://ndma.gov.in/incident-log/inc-0259,CONFIRMED_PIXEL,1,MATCH_RADIUS_500M,EXACT_TIME_COINCIDENCE,VERIFIED,4,0,TIER_1_CERTIFIED,GROUND_TRUTH_VERIFIED,NDMA_SATELLITE_CELL,COMPUTED_LEAKAGE_FREE,1,0,2.29,1.76,11.478
INC-0260,535.22,370.96,299.29,0.54,0.47,VIIRS_NOAA20,VIIRS,D,91.3,21.62091,86.34399,Shrubland / Grassland,772.5,0.05,48.31,75.05,146.9,101.87,216.1,0.644,64.4,0.772,20.4,30.9,20.7,0.0,0.0,15.2,313.2,34.9,-2.3,7,Monsoon,17,1,4,5,15,94.07,33.61,148.4,72.92,47.24,177.97,75.05,0,National Forest Reserve,Simlipal Tiger Reserve Thermal Anomaly Event #260,State Disaster Management & SPCB Field Report,https://ndma.gov.in/incident-log/inc-0260,CONFIRMED_PIXEL,1,MATCH_RADIUS_500M,EXACT_TIME_COINCIDENCE,VERIFIED,7,0,TIER_1_CERTIFIED,GROUND_TRUTH_VERIFIED,NDMA_SATELLITE_CELL,COMPUTED_LEAKAGE_FREE,1,0,0.32,1.7,0.404
INC-0261,515.21,399.37,313.35,2.16,1.79,MODIS_TERRA,MODIS,D,99.4,11.65046,76.66102,Dense Forest / Woodland,859.8,0.04,25.4,50.62,67.01,79.59,198.0,0.833,83.3,0.999,19.9,29.2,58.1,0.0,0.0,18.2,127.3,26.0,-0.2,10,Post-Monsoon,17,0,3,7,15,125.99,116.06,87.71,11.03,82.85,146.52,50.62,0,National Forest Reserve,Bandipur Forest Belt Thermal Anomaly Event #261,State Disaster Management & SPCB Field Report,https://ndma.gov.in/incident-log/inc-0261,CONFIRMED_PIXEL,1,MATCH_RADIUS_500M,EXACT_TIME_COINCIDENCE,VERIFIED,6,0,TIER_1_CERTIFIED,GROUND_TRUTH_VERIFIED,NDMA_SATELLITE_CELL,COMPUTED_LEAKAGE_FREE,1,0,2.29,1.73,7.917
INC-0262,276.17,421.04,301.28,2.16,1.69,MODIS_TERRA,MODIS,N,83.3,21.7005,86.3477,Shrubland / Grassland,796.9,0.39,55.02,75.14,91.15,54.71,256.6,0.651,65.1,0.781,21.8,42.6,84.3,0.0,0.0,9.3,91.3,8.6,-2.01,10,Post-Monsoon,13,1,2,7,18,191.8,77.91,133.76,133.36,47.37,56.39,75.14,0,National Forest Reserve,Simlipal Tiger Reserve Thermal Anomaly Event #262,State Disaster Management & SPCB Field Report,https://ndma.gov.in/incident-log/inc-0262,CONFIRMED_PIXEL,1,MATCH_RADIUS_500M,EXACT_TIME_COINCIDENCE,VERIFIED,5,0,TIER_1_CERTIFIED,GROUND_TRUTH_VERIFIED,NDMA_SATELLITE_CELL,COMPUTED_LEAKAGE_FREE,1,0,3.08,2.25,6.436
INC-0263,497.58,364.43,304.69,1.95,1.4,MODIS_TERRA,MODIS,D,83.7,11.62203,76.69989,Dense Forest / Woodland,858.1,0.06,34.97,46.16,55.66,106.66,147.9,0.75,75.0,0.9,14.8,28.6,81.7,0.0,0.0,34.6,260.3,6.2,-3.37,6,Monsoon,9,1,3,3,16,66.32,88.79,74.55,129.45,35.37,46.22,46.16,0,National Forest Reserve,Bandipur Forest Belt Thermal Anomaly Event #263,State Disaster Management & SPCB Field Report,https://ndma.gov.in/incident-log/inc-0263,CONFIRMED_PIXEL,1,MATCH_RADIUS_500M,EXACT_TIME_COINCIDENCE,VERIFIED,4,0,TIER_1_CERTIFIED,GROUND_TRUTH_VERIFIED,NDMA_SATELLITE_CELL,COMPUTED_LEAKAGE_FREE,1,0,0.85,0.69,11.02
INC-0264,142.73,398.92,292.03,2.12,2.07,MODIS_TERRA,MODIS,N,71.6,11.60814,76.57684,Dense Forest / Woodland,858.6,0.02,39.97,75.68,61.68,72.36,189.3,0.83,83.0,0.996,10.2,36.7,44.0,0.0,0.0,31.5,347.9,30.4,0.8,7,Monsoon,4,0,5,6,15,65.87,91.45,73.82,137.75,64.75,171.68,75.68,0,National Forest Reserve,Bandipur Forest Belt Thermal Anomaly Event #264,State Disaster Management & SPCB Field Report,https://ndma.gov.in/incident-log/inc-0264,CONFIRMED_PIXEL,1,MATCH_RADIUS_500M,EXACT_TIME_COINCIDENCE,VERIFIED,7,0,TIER_1_CERTIFIED,GROUND_TRUTH_VERIFIED,NDMA_SATELLITE_CELL,COMPUTED_LEAKAGE_FREE,1,0,0.52,1.17,3.021
INC-0265,302.98,432.38,313.31,0.41,0.48,VIIRS_NOAA21,VIIRS,D,99.2,21.65237,86.33409,Dense Forest / Woodland,772.3,0.05,22.23,68.99,104.14,41.48,258.5,0.817,81.7,0.981,15.1,41.5,19.2,0.0,0.0,16.0,165.1,44.3,-2.4,9,Monsoon,1,2,3,7,15,68.68,109.93,135.58,143.65,48.58,176.88,68.99,0,National Forest Reserve,Simlipal Tiger Reserve Thermal Anomaly Event #265,State Disaster Management & SPCB Field Report,https://ndma.gov.in/incident-log/inc-0265,CONFIRMED_PIXEL,1,MATCH_RADIUS_500M,EXACT_TIME_COINCIDENCE,VERIFIED,3,0,TIER_1_CERTIFIED,GROUND_TRUTH_VERIFIED,NDMA_SATELLITE_CELL,COMPUTED_LEAKAGE_FREE,1,0,2.21,2.76,10.751
INC-0266,52.17,359.39,303.07,0.37,0.43,VIIRS_NOAA21,VIIRS,D,82.0,29.69811,76.8397,Cropland / Agriculture,240.0,13.06,18.74,20.3,69.07,67.77,95.8,0.325,32.5,0.39,16.1,27.3,57.5,0.0,0.0,16.3,6.1,25.9,-1.66,6,Monsoon,23,5,13,30,66,110.65,32.64,106.96,122.51,93.49,90.12,20.3,0,Rural Agro Storage,Karnal Rice Basin Thermal Anomaly Event #266,State Disaster Management & SPCB Field Report,https://ndma.gov.in/incident-log/inc-0266,CONFIRMED_PIXEL,1,MATCH_RADIUS_500M,EXACT_TIME_COINCIDENCE,VERIFIED,3,0,TIER_1_CERTIFIED,GROUND_TRUTH_VERIFIED,NDMA_SATELLITE_CELL,COMPUTED_LEAKAGE_FREE,1,0,3.64,1.47,6.234
INC-0267,32.77,340.06,306.4,0.37,0.51,VIIRS_SNPP,VIIRS,D,79.5,29.70842,76.92315,Cropland / Agriculture,254.5,16.12,8.76,14.05,68.73,43.82,118.4,0.517,51.7,0.621,19.9,24.7,64.2,0.0,9.01,18.1,44.7,21.8,-2.43,10,Post-Monsoon,11,4,12,25,47,102.15,67.89,102.93,72.66,104.68,88.61,14.05,0,Rural Agro Storage,Karnal Rice Basin Thermal Anomaly Event #267,State Disaster Management & SPCB Field Report,https://ndma.gov.in/incident-log/inc-0267,CONFIRMED_PIXEL,1,MATCH_RADIUS_500M,EXACT_TIME_COINCIDENCE,VERIFIED,3,0,TIER_1_CERTIFIED,GROUND_TRUTH_VERIFIED,NDMA_SATELLITE_CELL,COMPUTED_LEAKAGE_FREE,1,0,3.7,0.68,6.955
INC-0268,32.93,319.52,309.2,1.69,1.02,MODIS_TERRA,MODIS,N,73.8,29.69699,76.92377,Cropland / Agriculture,271.8,42.22,14.64,20.63,47.43,77.44,276.7,0.282,28.2,0.338,16.5,38.3,58.5,0.0,12.14,16.4,265.0,25.5,0.56,12,Winter,15,1,6,28,44,56.79,24.12,82.99,53.97,74.02,21.76,20.63,0,Rural Agro Storage,Karnal Rice Basin Thermal Anomaly Event #268,State Disaster Management & SPCB Field Report,https://ndma.gov.in/incident-log/inc-0268,CONFIRMED_PIXEL,1,MATCH_RADIUS_500M,EXACT_TIME_COINCIDENCE,VERIFIED,5,0,TIER_1_CERTIFIED,GROUND_TRUTH_VERIFIED,NDMA_SATELLITE_CELL,COMPUTED_LEAKAGE_FREE,1,0,0.66,1.63,6.74
INC-0269,52.08,365.33,300.5,0.4,0.52,VIIRS_NOAA20,VIIRS,D,87.3,29.74803,76.99075,Cropland / Agriculture,275.0,36.63,11.25,13.43,49.95,50.7,150.4,0.389,38.9,0.466,14.0,41.3,25.0,0.0,0.0,18.7,119.6,21.5,-0.18,12,Winter,4,3,13,32,47,62.38,79.9,43.94,54.89,116.17,198.17,13.43,0,Rural Agro Storage,Karnal Rice Basin Thermal Anomaly Event #269,State Disaster Management & SPCB Field Report,https://ndma.gov.in/incident-log/inc-0269,CONFIRMED_PIXEL,1,MATCH_RADIUS_500M,EXACT_TIME_COINCIDENCE,VERIFIED,7,0,TIER_1_CERTIFIED,GROUND_TRUTH_VERIFIED,NDMA_SATELLITE_CELL,COMPUTED_LEAKAGE_FREE,1,0,3.16,2.38,3.117
INC-0270,51.37,342.16,306.9,0.47,0.37,VIIRS_SNPP,VIIRS,N,97.1,29.729,76.98623,Cropland / Agriculture,243.5,36.92,14.35,31.08,115.14,64.8,265.0,0.323,32.3,0.387,9.0,40.7,52.3,0.0,9.33,13.3,299.5,8.3,0.75,5,Summer,10,4,6,20,46,71.37,43.92,100.66,38.51,147.63,24.52,31.08,0,Rural Agro Storage,Karnal Rice Basin Thermal Anomaly Event #270,State Disaster Management & SPCB Field Report,https://ndma.gov.in/incident-log/inc-0270,CONFIRMED_PIXEL,1,MATCH_RADIUS_500M,EXACT_TIME_COINCIDENCE,VERIFIED,5,0,TIER_1_CERTIFIED,GROUND_TRUTH_VERIFIED,NDMA_SATELLITE_CELL,COMPUTED_LEAKAGE_FREE,1,0,3.3,2.2,10.842
INC-0271,58.04,373.4,299.54,2.12,1.63,MODIS_TERRA,MODIS,N,66.5,30.23347,75.80902,Cropland / Agriculture,237.6,34.27,3.15,13.09,95.14,33.95,27.8,0.431,43.1,0.518,18.8,34.8,30.9,0.0,0.0,27.7,175.5,19.6,-1.43,8,Monsoon,17,1,8,24,37,92.17,59.75,101.28,60.64,118.07,30.88,13.09,0,Rural Agro Storage,Sangrur Agricultural Belt Thermal Anomaly Event #271,State Disaster Management & SPCB Field Report,https://ndma.gov.in/incident-log/inc-0271,CONFIRMED_PIXEL,1,MATCH_RADIUS_500M,EXACT_TIME_COINCIDENCE,VERIFIED,3,0,TIER_1_CERTIFIED,GROUND_TRUTH_VERIFIED,NDMA_SATELLITE_CELL,COMPUTED_LEAKAGE_FREE,1,0,1.83,2.16,5.644
INC-0272,39.62,322.55,301.71,0.44,0.46,VIIRS_NOAA21,VIIRS,N,71.7,29.61109,77.06946,Cropland / Agriculture,251.2,29.95,13.3,17.87,46.11,69.32,57.0,0.486,48.6,0.583,24.9,23.5,50.5,0.0,0.0,35.3,150.4,39.6,-2.9,1,Winter,19,2,8,21,36,93.96,28.21,114.87,112.65,193.35,103.64,17.87,0,Rural Agro Storage,Karnal Rice Basin Thermal Anomaly Event #272,State Disaster Management & SPCB Field Report,https://ndma.gov.in/incident-log/inc-0272,CONFIRMED_PIXEL,1,MATCH_RADIUS_500M,EXACT_TIME_COINCIDENCE,VERIFIED,4,0,TIER_1_CERTIFIED,GROUND_TRUTH_VERIFIED,NDMA_SATELLITE_CELL,COMPUTED_LEAKAGE_FREE,1,0,4.28,0.7,8.544
INC-0273,63.08,336.73,304.77,0.37,0.45,VIIRS_SNPP,VIIRS,N,92.5,29.68222,77.05788,Cropland / Agriculture,244.4,33.18,9.86,16.55,114.7,77.4,145.2,0.445,44.5,0.534,12.5,31.5,45.3,0.0,0.0,27.2,113.5,34.4,-1.68,9,Monsoon,3,0,5,16,48,60.3,27.19,113.8,108.58,62.21,70.74,16.55,0,Rural Agro Storage,Karnal Rice Basin Thermal Anomaly Event #273,State Disaster Management & SPCB Field Report,https://ndma.gov.in/incident-log/inc-0273,CONFIRMED_PIXEL,1,MATCH_RADIUS_500M,EXACT_TIME_COINCIDENCE,VERIFIED,6,0,TIER_1_CERTIFIED,GROUND_TRUTH_VERIFIED,NDMA_SATELLITE_CELL,COMPUTED_LEAKAGE_FREE,1,0,3.4,1.01,11.418
INC-0274,40.07,348.58,297.49,2.19,2.15,MODIS_TERRA,MODIS,D,65.2,30.20402,75.847,Cropland / Agriculture,229.2,19.84,11.86,15.48,56.82,35.27,251.3,0.329,32.9,0.395,19.2,42.6,37.5,0.0,0.0,31.4,75.4,16.7,-2.44,12,Winter,19,5,13,24,37,64.02,66.13,97.5,85.25,56.88,82.69,15.48,0,Rural Agro Storage,Sangrur Agricultural Belt Thermal Anomaly Event #274,State Disaster Management & SPCB Field Report,https://ndma.gov.in/incident-log/inc-0274,CONFIRMED_PIXEL,1,MATCH_RADIUS_500M,EXACT_TIME_COINCIDENCE,VERIFIED,7,0,TIER_1_CERTIFIED,GROUND_TRUTH_VERIFIED,NDMA_SATELLITE_CELL,COMPUTED_LEAKAGE_FREE,1,0,2.5,1.38,6.306
INC-0275,29.42,349.66,301.58,0.41,0.54,VIIRS_SNPP,VIIRS,N,97.1,30.26491,75.82083,Cropland / Agriculture,241.6,10.61,19.9,22.68,77.89,87.28,74.0,0.472,47.2,0.566,13.4,36.1,62.8,0.0,0.0,19.8,229.2,16.9,-2.5,2,Winter,23,0,12,29,57,64.03,31.35,104.64,144.75,89.12,187.74,22.68,0,Rural Agro Storage,Sangrur Agricultural Belt Thermal Anomaly Event #275,State Disaster Management & SPCB Field Report,https://ndma.gov.in/incident-log/inc-0275,CONFIRMED_PIXEL,1,MATCH_RADIUS_500M,EXACT_TIME_COINCIDENCE,VERIFIED,3,0,TIER_1_CERTIFIED,GROUND_TRUTH_VERIFIED,NDMA_SATELLITE_CELL,COMPUTED_LEAKAGE_FREE,1,0,1.89,2.1,4.28
INC-0276,60.46,341.95,303.05,0.4,0.38,VIIRS_SNPP,VIIRS,D,76.7,30.25887,75.82852,Cropland / Agriculture,227.9,35.97,14.83,32.05,97.31,89.87,168.3,0.358,35.8,0.43,23.7,22.5,33.6,0.0,0.0,30.6,268.6,7.0,1.41,9,Monsoon,16,3,9,27,47,81.37,69.98,95.81,126.04,153.71,14.36,32.05,0,Rural Agro Storage,Sangrur Agricultural Belt Thermal Anomaly Event #276,State Disaster Management & SPCB Field Report,https://ndma.gov.in/incident-log/inc-0276,CONFIRMED_PIXEL,1,MATCH_RADIUS_500M,EXACT_TIME_COINCIDENCE,VERIFIED,7,0,TIER_1_CERTIFIED,GROUND_TRUTH_VERIFIED,NDMA_SATELLITE_CELL,COMPUTED_LEAKAGE_FREE,1,0,2.68,2.25,6.307
INC-0277,34.77,319.6,305.59,1.85,2.11,MODIS_TERRA,MODIS,D,90.0,29.68044,76.98955,Cropland / Agriculture,265.2,23.78,7.64,8.09,97.59,80.03,249.8,0.283,28.3,0.339,17.8,30.8,30.5,0.0,0.0,20.6,14.6,31.2,1.13,9,Monsoon,10,6,10,14,34,85.55,53.85,58.21,59.16,143.33,129.32,8.09,0,Rural Agro Storage,Karnal Rice Basin Thermal Anomaly Event #277,State Disaster Management & SPCB Field Report,https://ndma.gov.in/incident-log/inc-0277,CONFIRMED_PIXEL,1,MATCH_RADIUS_500M,EXACT_TIME_COINCIDENCE,VERIFIED,5,0,TIER_1_CERTIFIED,GROUND_TRUTH_VERIFIED,NDMA_SATELLITE_CELL,COMPUTED_LEAKAGE_FREE,1,0,3.75,2.31,0.401
INC-0278,26.2,323.67,303.29,0.55,0.46,VIIRS_NOAA21,VIIRS,D,90.4,29.64508,76.97925,Cropland / Agriculture,263.2,20.01,6.96,18.77,102.84,59.27,274.1,0.437,43.7,0.524,12.6,29.7,71.0,0.0,0.0,7.1,222.9,11.5,-3.08,9,Monsoon,7,3,10,14,42,69.48,27.01,79.92,135.32,169.15,98.3,18.77,0,Rural Agro Storage,Karnal Rice Basin Thermal Anomaly Event #278,State Disaster Management & SPCB Field Report,https://ndma.gov.in/incident-log/inc-0278,CONFIRMED_PIXEL,1,MATCH_RADIUS_500M,EXACT_TIME_COINCIDENCE,VERIFIED,3,0,TIER_1_CERTIFIED,GROUND_TRUTH_VERIFIED,NDMA_SATELLITE_CELL,COMPUTED_LEAKAGE_FREE,1,0,1.71,1.76,11.485
INC-0279,41.08,356.61,307.44,1.22,1.73,MODIS_TERRA,MODIS,D,72.4,29.68183,77.00117,Cropland / Agriculture,270.9,11.21,8.54,33.9,115.95,30.67,106.3,0.32,32.0,0.384,25.9,35.4,79.0,0.0,0.0,6.6,235.0,26.1,-2.49,9,Monsoon,22,1,14,23,51,68.13,79.63,79.43,52.91,135.93,111.34,33.9,0,Rural Agro Storage,Karnal Rice Basin Thermal Anomaly Event #279,State Disaster Management & SPCB Field Report,https://ndma.gov.in/incident-log/inc-0279,CONFIRMED_PIXEL,1,MATCH_RADIUS_500M,EXACT_TIME_COINCIDENCE,VERIFIED,3,0,TIER_1_CERTIFIED,GROUND_TRUTH_VERIFIED,NDMA_SATELLITE_CELL,COMPUTED_LEAKAGE_FREE,1,0,0.94,0.07,2.184
INC-0280,36.42,326.44,303.29,0.53,0.5,VIIRS_NOAA21,VIIRS,D,81.0,30.23874,75.81993,Cropland / Agriculture,244.8,24.26,9.63,29.86,72.61,31.59,160.6,0.367,36.7,0.441,26.8,32.2,58.8,11.44,11.44,32.8,192.6,10.2,0.89,11,Post-Monsoon,1,5,10,32,44,55.23,71.37,116.85,46.66,153.26,141.88,29.86,0,Rural Agro Storage,Sangrur Agricultural Belt Thermal Anomaly Event #280,State Disaster Management & SPCB Field Report,https://ndma.gov.in/incident-log/inc-0280,CONFIRMED_PIXEL,1,MATCH_RADIUS_500M,EXACT_TIME_COINCIDENCE,VERIFIED,6,0,TIER_1_CERTIFIED,GROUND_TRUTH_VERIFIED,NDMA_SATELLITE_CELL,COMPUTED_LEAKAGE_FREE,1,0,2.51,2.95,11.902
INC-0281,35.87,354.95,300.57,0.41,0.35,VIIRS_NOAA20,VIIRS,N,66.1,29.76351,76.96234,Cropland / Agriculture,270.1,43.06,14.99,28.36,59.39,40.11,295.2,0.466,46.6,0.559,17.4,43.1,24.7,0.0,5.54,12.6,328.0,20.9,-0.01,11,Post-Monsoon,1,3,10,26,50,85.49,66.0,115.1,66.69,114.1,32.39,28.36,0,Rural Agro Storage,Karnal Rice Basin Thermal Anomaly Event #281,State Disaster Management & SPCB Field Report,https://ndma.gov.in/incident-log/inc-0281,CONFIRMED_PIXEL,1,MATCH_RADIUS_500M,EXACT_TIME_COINCIDENCE,VERIFIED,5,0,TIER_1_CERTIFIED,GROUND_TRUTH_VERIFIED,NDMA_SATELLITE_CELL,COMPUTED_LEAKAGE_FREE,1,0,1.77,0.06,7.387
INC-0282,40.47,354.4,301.94,0.42,0.53,VIIRS_SNPP,VIIRS,D,75.1,30.29085,75.78207,Cropland / Agriculture,225.8,38.14,4.91,10.28,43.54,62.15,124.4,0.517,51.7,0.62,22.3,33.0,42.6,0.0,5.34,10.6,310.0,15.1,-0.02,1,Winter,14,6,11,25,44,113.56,27.83,91.12,25.78,121.54,13.0,10.28,0,Rural Agro Storage,Sangrur Agricultural Belt Thermal Anomaly Event #282,State Disaster Management & SPCB Field Report,https://ndma.gov.in/incident-log/inc-0282,CONFIRMED_PIXEL,1,MATCH_RADIUS_500M,EXACT_TIME_COINCIDENCE,VERIFIED,5,0,TIER_1_CERTIFIED,GROUND_TRUTH_VERIFIED,NDMA_SATELLITE_CELL,COMPUTED_LEAKAGE_FREE,1,0,3.66,2.63,2.35
INC-0283,52.13,329.4,305.94,0.5,0.38,VIIRS_SNPP,VIIRS,D,87.9,30.275,75.77452,Cropland / Agriculture,224.1,18.82,9.72,34.55,59.58,52.58,73.4,0.447,44.7,0.536,24.4,42.1,39.5,0.0,0.03,29.8,274.1,36.6,1.62,10,Post-Monsoon,10,1,13,27,38,77.1,26.58,79.19,6.73,106.8,104.23,34.55,0,Rural Agro Storage,Sangrur Agricultural Belt Thermal Anomaly Event #283,State Disaster Management & SPCB Field Report,https://ndma.gov.in/incident-log/inc-0283,CONFIRMED_PIXEL,1,MATCH_RADIUS_500M,EXACT_TIME_COINCIDENCE,VERIFIED,5,0,TIER_1_CERTIFIED,GROUND_TRUTH_VERIFIED,NDMA_SATELLITE_CELL,COMPUTED_LEAKAGE_FREE,1,0,2.76,0.43,6.588
INC-0284,12.15,371.32,301.88,0.38,0.49,VIIRS_NOAA21,VIIRS,N,76.9,29.68908,77.03118,Cropland / Agriculture,253.4,42.84,4.83,33.65,48.74,57.69,145.1,0.423,42.3,0.508,18.3,40.9,36.2,0.0,0.0,5.6,145.9,12.4,-1.52,10,Post-Monsoon,3,0,14,34,49,134.42,33.96,42.78,37.11,168.97,24.56,33.65,0,Rural Agro Storage,Karnal Rice Basin Thermal Anomaly Event #284,State Disaster Management & SPCB Field Report,https://ndma.gov.in/incident-log/inc-0284,CONFIRMED_PIXEL,1,MATCH_RADIUS_500M,EXACT_TIME_COINCIDENCE,VERIFIED,7,0,TIER_1_CERTIFIED,GROUND_TRUTH_VERIFIED,NDMA_SATELLITE_CELL,COMPUTED_LEAKAGE_FREE,1,0,0.74,2.69,5.113
INC-0285,45.93,372.76,297.3,0.37,0.51,VIIRS_NOAA21,VIIRS,D,70.5,30.24577,75.86987,Cropland / Agriculture,229.0,44.5,14.13,20.26,111.06,71.67,264.4,0.495,49.5,0.594,17.0,24.5,60.1,0.0,0.0,28.5,116.9,36.6,-1.62,3,Summer,7,3,15,23,39,81.38,73.05,93.33,99.08,154.83,126.88,20.26,0,Rural Agro Storage,Sangrur Agricultural Belt Thermal Anomaly Event #285,State Disaster Management & SPCB Field Report,https://ndma.gov.in/incident-log/inc-0285,CONFIRMED_PIXEL,1,MATCH_RADIUS_500M,EXACT_TIME_COINCIDENCE,VERIFIED,5,0,TIER_1_CERTIFIED,GROUND_TRUTH_VERIFIED,NDMA_SATELLITE_CELL,COMPUTED_LEAKAGE_FREE,1,0,3.93,2.24,2.945
INC-0286,18.15,356.98,295.41,0.39,0.4,VIIRS_NOAA21,VIIRS,D,66.6,29.66807,76.9737,Cropland / Agriculture,266.3,34.37,19.33,12.71,64.9,64.97,24.9,0.454,45.4,0.545,22.2,41.0,51.4,0.0,0.0,34.3,227.6,18.9,-0.84,11,Post-Monsoon,2,3,10,31,47,115.92,40.66,93.14,30.65,184.89,135.13,12.71,0,Rural Agro Storage,Karnal Rice Basin Thermal Anomaly Event #286,State Disaster Management & SPCB Field Report,https://ndma.gov.in/incident-log/inc-0286,CONFIRMED_PIXEL,1,MATCH_RADIUS_500M,EXACT_TIME_COINCIDENCE,VERIFIED,5,0,TIER_1_CERTIFIED,GROUND_TRUTH_VERIFIED,NDMA_SATELLITE_CELL,COMPUTED_LEAKAGE_FREE,1,0,3.5,0.52,5.335
INC-0287,59.54,328.84,299.37,0.49,0.49,VIIRS_NOAA21,VIIRS,D,80.0,30.24513,75.82101,Cropland / Agriculture,221.3,39.78,10.79,8.65,79.57,35.07,152.6,0.298,29.8,0.358,24.0,28.9,30.1,0.0,0.0,27.4,125.7,25.5,1.64,12,Winter,23,4,14,24,37,138.68,55.29,60.52,95.74,134.56,102.1,8.65,0,Rural Agro Storage,Sangrur Agricultural Belt Thermal Anomaly Event #287,State Disaster Management & SPCB Field Report,https://ndma.gov.in/incident-log/inc-0287,CONFIRMED_PIXEL,1,MATCH_RADIUS_500M,EXACT_TIME_COINCIDENCE,VERIFIED,3,0,TIER_1_CERTIFIED,GROUND_TRUTH_VERIFIED,NDMA_SATELLITE_CELL,COMPUTED_LEAKAGE_FREE,1,0,0.71,3.14,4.443
INC-0288,11.17,352.55,298.71,0.45,0.37,VIIRS_NOAA21,VIIRS,N,88.8,29.63853,76.98918,Cropland / Agriculture,251.8,18.53,19.27,20.47,42.35,50.39,38.0,0.305,30.5,0.367,20.4,25.0,35.2,0.0,0.0,23.2,253.5,34.7,0.28,12,Winter,12,1,10,26,30,102.6,39.71,42.15,51.33,116.65,37.03,20.47,0,Rural Agro Storage,Karnal Rice Basin Thermal Anomaly Event #288,State Disaster Management & SPCB Field Report,https://ndma.gov.in/incident-log/inc-0288,CONFIRMED_PIXEL,1,MATCH_RADIUS_500M,EXACT_TIME_COINCIDENCE,VERIFIED,7,0,TIER_1_CERTIFIED,GROUND_TRUTH_VERIFIED,NDMA_SATELLITE_CELL,COMPUTED_LEAKAGE_FREE,1,0,4.27,0.41,4.023
INC-0289,51.31,344.07,303.07,0.54,0.34,VIIRS_NOAA21,VIIRS,D,87.1,29.71933,77.00461,Cropland / Agriculture,261.3,12.08,12.44,29.37,85.91,45.92,121.1,0.371,37.1,0.446,22.4,41.6,61.1,0.0,0.0,37.3,115.1,34.8,-0.57,1,Winter,2,1,19,24,38,110.08,41.69,83.59,5.05,123.13,98.67,29.37,0,Rural Agro Storage,Karnal Rice Basin Thermal Anomaly Event #289,State Disaster Management & SPCB Field Report,https://ndma.gov.in/incident-log/inc-0289,CONFIRMED_PIXEL,1,MATCH_RADIUS_500M,EXACT_TIME_COINCIDENCE,VERIFIED,3,0,TIER_1_CERTIFIED,GROUND_TRUTH_VERIFIED,NDMA_SATELLITE_CELL,COMPUTED_LEAKAGE_FREE,1,0,3.38,2.9,0.063
INC-0290,63.55,328.32,302.09,0.36,0.49,VIIRS_NOAA20,VIIRS,D,66.3,30.2405,75.8841,Cropland / Agriculture,233.7,12.14,11.87,18.26,43.57,50.11,37.3,0.517,51.7,0.62,23.8,26.6,76.0,0.0,0.0,22.6,137.5,37.4,-0.29,11,Post-Monsoon,18,4,11,25,50,85.23,79.4,56.63,120.58,131.72,73.63,18.26,0,Rural Agro Storage,Sangrur Agricultural Belt Thermal Anomaly Event #290,State Disaster Management & SPCB Field Report,https://ndma.gov.in/incident-log/inc-0290,CONFIRMED_PIXEL,1,MATCH_RADIUS_500M,EXACT_TIME_COINCIDENCE,VERIFIED,5,0,TIER_1_CERTIFIED,GROUND_TRUTH_VERIFIED,NDMA_SATELLITE_CELL,COMPUTED_LEAKAGE_FREE,1,0,1.22,2.35,11.95
INC-0291,10.92,358.5,295.35,1.71,1.83,MODIS_TERRA,MODIS,N,78.8,30.27938,75.83473,Cropland / Agriculture,244.8,16.11,19.79,17.74,105.64,52.57,185.7,0.431,43.1,0.517,26.7,30.0,26.4,0.0,0.0,37.6,104.0,10.7,-0.85,12,Winter,18,3,6,32,46,125.6,77.93,74.84,128.65,133.9,131.93,17.74,0,Rural Agro Storage,Sangrur Agricultural Belt Thermal Anomaly Event #291,State Disaster Management & SPCB Field Report,https://ndma.gov.in/incident-log/inc-0291,CONFIRMED_PIXEL,1,MATCH_RADIUS_500M,EXACT_TIME_COINCIDENCE,VERIFIED,3,0,TIER_1_CERTIFIED,GROUND_TRUTH_VERIFIED,NDMA_SATELLITE_CELL,COMPUTED_LEAKAGE_FREE,1,0,2.27,1.28,5.669
INC-0292,38.9,316.04,306.68,0.42,0.32,VIIRS_NOAA20,VIIRS,N,69.7,29.68002,77.02469,Cropland / Agriculture,243.9,21.49,11.02,29.56,43.72,39.51,138.3,0.478,47.8,0.574,25.7,38.4,80.3,0.0,1.84,20.2,155.4,30.6,1.7,10,Post-Monsoon,8,3,9,25,55,85.82,33.8,67.03,85.89,199.73,116.62,29.56,0,Rural Agro Storage,Karnal Rice Basin Thermal Anomaly Event #292,State Disaster Management & SPCB Field Report,https://ndma.gov.in/incident-log/inc-0292,CONFIRMED_PIXEL,1,MATCH_RADIUS_500M,EXACT_TIME_COINCIDENCE,VERIFIED,3,0,TIER_1_CERTIFIED,GROUND_TRUTH_VERIFIED,NDMA_SATELLITE_CELL,COMPUTED_LEAKAGE_FREE,1,0,1.66,2.85,11.71
INC-0293,41.32,341.38,299.53,0.44,0.35,VIIRS_SNPP,VIIRS,D,77.2,29.65669,76.97269,Cropland / Agriculture,262.0,12.35,7.3,13.34,83.36,66.1,298.2,0.394,39.4,0.473,27.8,37.0,38.9,0.0,0.0,26.0,201.4,6.8,1.63,11,Post-Monsoon,6,2,10,24,56,104.77,43.29,73.7,15.96,175.14,187.8,13.34,0,Rural Agro Storage,Karnal Rice Basin Thermal Anomaly Event #293,State Disaster Management & SPCB Field Report,https://ndma.gov.in/incident-log/inc-0293,CONFIRMED_PIXEL,1,MATCH_RADIUS_500M,EXACT_TIME_COINCIDENCE,VERIFIED,4,0,TIER_1_CERTIFIED,GROUND_TRUTH_VERIFIED,NDMA_SATELLITE_CELL,COMPUTED_LEAKAGE_FREE,1,0,1.1,3.12,11.942
INC-0294,47.29,335.29,309.52,0.36,0.52,VIIRS_NOAA21,VIIRS,N,76.1,30.28402,75.80203,Cropland / Agriculture,227.0,13.55,11.46,19.56,66.08,68.73,165.1,0.486,48.6,0.584,15.2,34.2,25.3,0.0,0.0,29.0,180.4,29.2,-1.83,10,Post-Monsoon,21,2,19,33,52,61.8,63.0,118.45,149.46,170.68,149.42,19.56,0,Rural Agro Storage,Sangrur Agricultural Belt Thermal Anomaly Event #294,State Disaster Management & SPCB Field Report,https://ndma.gov.in/incident-log/inc-0294,CONFIRMED_PIXEL,1,MATCH_RADIUS_500M,EXACT_TIME_COINCIDENCE,VERIFIED,7,0,TIER_1_CERTIFIED,GROUND_TRUTH_VERIFIED,NDMA_SATELLITE_CELL,COMPUTED_LEAKAGE_FREE,1,0,0.53,0.79,0.629
INC-0295,49.0,341.35,306.8,0.47,0.47,VIIRS_NOAA21,VIIRS,N,76.0,30.19213,75.836,Cropland / Agriculture,229.1,42.32,13.19,13.05,102.58,87.35,101.1,0.456,45.6,0.548,26.6,36.2,84.5,0.0,0.14,14.9,70.5,37.5,1.15,2,Winter,19,3,12,27,51,102.22,60.92,67.0,26.66,107.23,78.77,13.05,0,Rural Agro Storage,Sangrur Agricultural Belt Thermal Anomaly Event #295,State Disaster Management & SPCB Field Report,https://ndma.gov.in/incident-log/inc-0295,CONFIRMED_PIXEL,1,MATCH_RADIUS_500M,EXACT_TIME_COINCIDENCE,VERIFIED,3,0,TIER_1_CERTIFIED,GROUND_TRUTH_VERIFIED,NDMA_SATELLITE_CELL,COMPUTED_LEAKAGE_FREE,1,0,2.89,1.91,3.529
INC-0296,43.84,369.87,295.54,0.42,0.47,VIIRS_NOAA20,VIIRS,N,82.7,30.24256,75.8494,Cropland / Agriculture,232.6,18.53,6.29,21.56,74.38,73.74,9.7,0.51,51.0,0.612,23.5,29.7,54.4,0.0,10.53,29.6,268.9,18.8,-0.63,3,Summer,16,2,19,27,57,71.82,55.67,110.71,89.61,186.6,75.07,21.56,0,Rural Agro Storage,Sangrur Agricultural Belt Thermal Anomaly Event #296,State Disaster Management & SPCB Field Report,https://ndma.gov.in/incident-log/inc-0296,CONFIRMED_PIXEL,1,MATCH_RADIUS_500M,EXACT_TIME_COINCIDENCE,VERIFIED,6,0,TIER_1_CERTIFIED,GROUND_TRUTH_VERIFIED,NDMA_SATELLITE_CELL,COMPUTED_LEAKAGE_FREE,1,0,2.37,3.15,0.705
INC-0297,28.59,330.63,307.86,0.38,0.53,VIIRS_NOAA21,VIIRS,D,79.4,29.75466,77.1037,Cropland / Agriculture,246.0,23.11,3.29,18.54,92.36,45.26,126.9,0.379,37.9,0.455,16.4,41.2,31.8,2.79,2.79,4.6,90.5,17.4,-0.11,6,Monsoon,13,1,8,25,33,88.88,23.4,87.05,130.87,163.44,109.59,18.54,0,Rural Agro Storage,Karnal Rice Basin Thermal Anomaly Event #297,State Disaster Management & SPCB Field Report,https://ndma.gov.in/incident-log/inc-0297,CONFIRMED_PIXEL,1,MATCH_RADIUS_500M,EXACT_TIME_COINCIDENCE,VERIFIED,6,0,TIER_1_CERTIFIED,GROUND_TRUTH_VERIFIED,NDMA_SATELLITE_CELL,COMPUTED_LEAKAGE_FREE,1,0,0.14,1.11,3.639
INC-0298,23.17,350.43,297.28,0.34,0.54,VIIRS_NOAA21,VIIRS,D,93.9,29.70695,77.00847,Cropland / Agriculture,242.5,18.62,7.99,24.41,69.86,60.35,152.5,0.46,46.0,0.552,27.0,32.0,57.6,0.0,0.0,28.7,333.1,13.8,-1.79,6,Monsoon,19,2,17,15,53,108.54,77.38,101.19,93.43,110.79,104.41,24.41,0,Rural Agro Storage,Karnal Rice Basin Thermal Anomaly Event #298,State Disaster Management & SPCB Field Report,https://ndma.gov.in/incident-log/inc-0298,CONFIRMED_PIXEL,1,MATCH_RADIUS_500M,EXACT_TIME_COINCIDENCE,VERIFIED,6,0,TIER_1_CERTIFIED,GROUND_TRUTH_VERIFIED,NDMA_SATELLITE_CELL,COMPUTED_LEAKAGE_FREE,1,0,1.62,2.63,4.615
INC-0299,16.9,370.23,304.65,1.12,1.52,MODIS_TERRA,MODIS,N,76.8,30.29799,75.80754,Cropland / Agriculture,241.6,19.48,5.1,12.04,102.61,65.29,285.8,0.42,42.0,0.503,18.5,28.6,18.1,0.0,0.0,9.1,181.7,13.5,-3.09,9,Monsoon,7,3,15,26,45,84.27,39.97,108.46,93.75,181.21,90.02,12.04,0,Rural Agro Storage,Sangrur Agricultural Belt Thermal Anomaly Event #299,State Disaster Management & SPCB Field Report,https://ndma.gov.in/incident-log/inc-0299,CONFIRMED_PIXEL,1,MATCH_RADIUS_500M,EXACT_TIME_COINCIDENCE,VERIFIED,4,0,TIER_1_CERTIFIED,GROUND_TRUTH_VERIFIED,NDMA_SATELLITE_CELL,COMPUTED_LEAKAGE_FREE,1,0,4.0,1.0,8.57
INC-0300,29.03,350.53,300.26,0.4,0.44,VIIRS_NOAA21,VIIRS,D,94.7,29.62694,77.03146,Cropland / Agriculture,255.8,17.52,4.98,31.75,75.23,67.51,228.8,0.502,50.2,0.602,22.4,25.5,45.4,0.0,0.0,17.0,220.8,37.5,-3.36,7,Monsoon,4,1,12,27,49,94.14,72.35,83.75,27.55,122.12,193.03,31.75,0,Rural Agro Storage,Karnal Rice Basin Thermal Anomaly Event #300,State Disaster Management & SPCB Field Report,https://ndma.gov.in/incident-log/inc-0300,CONFIRMED_PIXEL,1,MATCH_RADIUS_500M,EXACT_TIME_COINCIDENCE,VERIFIED,4,0,TIER_1_CERTIFIED,GROUND_TRUTH_VERIFIED,NDMA_SATELLITE_CELL,COMPUTED_LEAKAGE_FREE,1,0,0.5,0.55,4.603
INC-0301,27.16,353.38,303.01,1.46,2.18,MODIS_TERRA,MODIS,D,89.7,30.2858,75.86339,Cropland / Agriculture,242.9,38.55,13.67,8.01,101.05,74.81,133.8,0.426,42.6,0.511,27.9,30.2,74.9,0.0,0.0,5.5,131.2,20.2,0.93,5,Summer,0,2,17,14,49,95.88,74.18,112.68,35.63,128.59,44.07,8.01,0,Rural Agro Storage,Sangrur Agricultural Belt Thermal Anomaly Event #301,State Disaster Management & SPCB Field Report,https://ndma.gov.in/incident-log/inc-0301,CONFIRMED_PIXEL,1,MATCH_RADIUS_500M,EXACT_TIME_COINCIDENCE,VERIFIED,5,0,TIER_1_CERTIFIED,GROUND_TRUTH_VERIFIED,NDMA_SATELLITE_CELL,COMPUTED_LEAKAGE_FREE,1,0,1.93,0.73,7.575
INC-0302,58.65,343.1,301.21,0.32,0.41,VIIRS_NOAA20,VIIRS,N,97.9,30.25702,75.82825,Cropland / Agriculture,226.1,30.23,7.37,17.54,57.11,64.31,79.7,0.341,34.1,0.41,11.0,40.9,65.9,0.0,5.18,25.1,214.6,39.4,-2.31,2,Winter,7,2,10,21,43,112.76,60.42,60.39,80.02,166.95,13.82,17.54,0,Rural Agro Storage,Sangrur Agricultural Belt Thermal Anomaly Event #302,State Disaster Management & SPCB Field Report,https://ndma.gov.in/incident-log/inc-0302,CONFIRMED_PIXEL,1,MATCH_RADIUS_500M,EXACT_TIME_COINCIDENCE,VERIFIED,4,0,TIER_1_CERTIFIED,GROUND_TRUTH_VERIFIED,NDMA_SATELLITE_CELL,COMPUTED_LEAKAGE_FREE,1,0,0.85,2.21,5.434
INC-0303,55.62,352.17,306.23,0.49,0.34,VIIRS_SNPP,VIIRS,D,97.2,29.72207,77.06395,Cropland / Agriculture,247.2,28.29,13.51,18.65,103.35,58.1,145.2,0.403,40.3,0.484,24.3,24.8,33.7,0.0,1.3,6.0,314.3,16.6,-1.9,12,Winter,9,5,6,25,50,111.22,57.29,96.19,121.21,167.78,132.57,18.65,0,Rural Agro Storage,Karnal Rice Basin Thermal Anomaly Event #303,State Disaster Management & SPCB Field Report,https://ndma.gov.in/incident-log/inc-0303,CONFIRMED_PIXEL,1,MATCH_RADIUS_500M,EXACT_TIME_COINCIDENCE,VERIFIED,4,0,TIER_1_CERTIFIED,GROUND_TRUTH_VERIFIED,NDMA_SATELLITE_CELL,COMPUTED_LEAKAGE_FREE,1,0,2.31,0.67,8.763
INC-0304,60.83,342.32,298.99,0.5,0.37,VIIRS_NOAA20,VIIRS,D,83.5,30.22055,75.87177,Cropland / Agriculture,246.2,24.29,14.77,30.84,68.53,43.96,200.0,0.394,39.4,0.473,24.0,30.2,67.9,0.0,2.23,37.1,54.4,34.0,-0.87,2,Winter,9,4,12,20,38,106.38,75.27,54.66,108.01,170.45,25.54,30.84,0,Rural Agro Storage,Sangrur Agricultural Belt Thermal Anomaly Event #304,State Disaster Management & SPCB Field Report,https://ndma.gov.in/incident-log/inc-0304,CONFIRMED_PIXEL,1,MATCH_RADIUS_500M,EXACT_TIME_COINCIDENCE,VERIFIED,3,0,TIER_1_CERTIFIED,GROUND_TRUTH_VERIFIED,NDMA_SATELLITE_CELL,COMPUTED_LEAKAGE_FREE,1,0,2.64,1.21,2.469
INC-0305,29.91,353.89,308.62,0.41,0.44,VIIRS_NOAA20,VIIRS,D,82.8,30.26418,75.86359,Cropland / Agriculture,251.7,24.58,8.34,18.49,74.83,34.41,115.0,0.427,42.7,0.513,25.6,41.4,82.8,0.0,0.0,28.6,25.4,32.3,0.28,3,Summer,13,2,10,19,46,94.86,49.66,87.08,22.5,104.42,106.11,18.49,0,Rural Agro Storage,Sangrur Agricultural Belt Thermal Anomaly Event #305,State Disaster Management & SPCB Field Report,https://ndma.gov.in/incident-log/inc-0305,CONFIRMED_PIXEL,1,MATCH_RADIUS_500M,EXACT_TIME_COINCIDENCE,VERIFIED,3,0,TIER_1_CERTIFIED,GROUND_TRUTH_VERIFIED,NDMA_SATELLITE_CELL,COMPUTED_LEAKAGE_FREE,1,0,1.01,1.71,2.456
INC-0306,41.48,316.88,296.6,1.19,1.47,MODIS_TERRA,MODIS,D,88.4,29.60629,76.94547,Cropland / Agriculture,269.9,29.25,13.05,8.78,85.87,80.31,158.7,0.289,28.9,0.347,25.1,35.9,72.5,0.0,0.0,26.7,241.3,41.0,-3.41,12,Winter,6,8,11,22,41,115.01,27.87,87.4,66.96,150.84,194.76,8.78,0,Rural Agro Storage,Karnal Rice Basin Thermal Anomaly Event #306,State Disaster Management & SPCB Field Report,https://ndma.gov.in/incident-log/inc-0306,CONFIRMED_PIXEL,1,MATCH_RADIUS_500M,EXACT_TIME_COINCIDENCE,VERIFIED,5,0,TIER_1_CERTIFIED,GROUND_TRUTH_VERIFIED,NDMA_SATELLITE_CELL,COMPUTED_LEAKAGE_FREE,1,0,3.37,1.91,6.478
INC-0307,22.48,328.81,304.17,0.49,0.43,VIIRS_NOAA20,VIIRS,N,78.1,29.70547,77.03086,Cropland / Agriculture,267.8,28.3,3.13,30.41,96.33,69.71,188.4,0.349,34.9,0.418,11.1,25.6,67.2,0.0,0.0,35.4,60.1,15.7,-3.15,9,Monsoon,13,4,8,25,42,56.19,41.72,114.83,110.74,179.39,14.86,30.41,0,Rural Agro Storage,Karnal Rice Basin Thermal Anomaly Event #307,State Disaster Management & SPCB Field Report,https://ndma.gov.in/incident-log/inc-0307,CONFIRMED_PIXEL,1,MATCH_RADIUS_500M,EXACT_TIME_COINCIDENCE,VERIFIED,4,0,TIER_1_CERTIFIED,GROUND_TRUTH_VERIFIED,NDMA_SATELLITE_CELL,COMPUTED_LEAKAGE_FREE,1,0,1.24,2.81,6.187
INC-0308,35.31,326.19,296.8,0.4,0.36,VIIRS_NOAA21,VIIRS,D,72.3,30.25991,75.84871,Cropland / Agriculture,253.4,40.46,18.97,10.13,67.92,87.5,256.0,0.393,39.3,0.472,11.3,25.6,61.5,0.0,0.0,7.4,236.2,36.6,-1.55,1,Winter,12,6,12,29,41,57.48,58.62,117.78,59.74,196.73,68.88,10.13,0,Rural Agro Storage,Sangrur Agricultural Belt Thermal Anomaly Event #308,State Disaster Management & SPCB Field Report,https://ndma.gov.in/incident-log/inc-0308,CONFIRMED_PIXEL,1,MATCH_RADIUS_500M,EXACT_TIME_COINCIDENCE,VERIFIED,3,0,TIER_1_CERTIFIED,GROUND_TRUTH_VERIFIED,NDMA_SATELLITE_CELL,COMPUTED_LEAKAGE_FREE,1,0,2.17,1.78,1.124
INC-0309,27.17,327.76,303.43,1.58,2.0,MODIS_TERRA,MODIS,D,68.7,30.2936,75.87167,Cropland / Agriculture,249.2,28.82,13.05,17.38,40.47,32.1,94.3,0.476,47.6,0.571,16.5,26.2,40.3,0.0,0.0,31.2,219.9,12.2,-0.49,8,Monsoon,5,2,13,23,54,109.74,51.4,105.68,31.77,95.06,153.93,17.38,0,Rural Agro Storage,Sangrur Agricultural Belt Thermal Anomaly Event #309,State Disaster Management & SPCB Field Report,https://ndma.gov.in/incident-log/inc-0309,CONFIRMED_PIXEL,1,MATCH_RADIUS_500M,EXACT_TIME_COINCIDENCE,VERIFIED,5,0,TIER_1_CERTIFIED,GROUND_TRUTH_VERIFIED,NDMA_SATELLITE_CELL,COMPUTED_LEAKAGE_FREE,1,0,3.97,2.07,4.57
INC-0310,47.64,325.87,296.37,1.95,1.31,MODIS_TERRA,MODIS,D,83.5,29.70024,77.00461,Cropland / Agriculture,261.7,18.79,7.84,25.47,52.87,85.82,220.7,0.285,28.5,0.342,27.8,38.0,41.6,0.0,0.0,14.3,157.4,7.6,1.7,9,Monsoon,2,1,13,38,40,99.89,49.46,74.78,129.91,134.99,187.26,25.47,0,Rural Agro Storage,Karnal Rice Basin Thermal Anomaly Event #310,State Disaster Management & SPCB Field Report,https://ndma.gov.in/incident-log/inc-0310,CONFIRMED_PIXEL,1,MATCH_RADIUS_500M,EXACT_TIME_COINCIDENCE,VERIFIED,7,0,TIER_1_CERTIFIED,GROUND_TRUTH_VERIFIED,NDMA_SATELLITE_CELL,COMPUTED_LEAKAGE_FREE,1,0,3.11,3.08,3.614
INC-0311,21.19,335.04,295.54,0.33,0.39,VIIRS_NOAA20,VIIRS,D,66.8,30.24204,75.89895,Cropland / Agriculture,228.5,39.1,17.44,25.08,68.2,34.61,296.5,0.479,47.9,0.575,22.9,34.6,27.9,0.0,0.0,31.5,277.3,13.9,-0.11,6,Monsoon,5,5,10,21,45,117.78,63.59,113.01,26.06,159.58,64.05,25.08,0,Rural Agro Storage,Sangrur Agricultural Belt Thermal Anomaly Event #311,State Disaster Management & SPCB Field Report,https://ndma.gov.in/incident-log/inc-0311,CONFIRMED_PIXEL,1,MATCH_RADIUS_500M,EXACT_TIME_COINCIDENCE,VERIFIED,5,0,TIER_1_CERTIFIED,GROUND_TRUTH_VERIFIED,NDMA_SATELLITE_CELL,COMPUTED_LEAKAGE_FREE,1,0,0.59,1.44,11.183
INC-0312,9.71,317.18,309.29,0.43,0.39,VIIRS_SNPP,VIIRS,D,72.8,30.25509,75.90244,Cropland / Agriculture,233.1,29.99,8.21,18.22,97.19,51.99,146.5,0.297,29.7,0.356,16.5,31.5,82.5,0.0,0.0,26.6,291.4,30.0,0.34,3,Summer,10,0,21,19,46,70.5,26.11,98.31,32.32,77.08,145.69,18.22,0,Rural Agro Storage,Sangrur Agricultural Belt Thermal Anomaly Event #312,State Disaster Management & SPCB Field Report,https://ndma.gov.in/incident-log/inc-0312,CONFIRMED_PIXEL,1,MATCH_RADIUS_500M,EXACT_TIME_COINCIDENCE,VERIFIED,3,0,TIER_1_CERTIFIED,GROUND_TRUTH_VERIFIED,NDMA_SATELLITE_CELL,COMPUTED_LEAKAGE_FREE,1,0,4.46,0.05,2.374
INC-0313,34.06,323.92,301.07,0.32,0.36,VIIRS_SNPP,VIIRS,N,69.1,29.68656,76.97042,Cropland / Agriculture,261.4,13.61,12.06,10.64,103.24,64.0,220.0,0.406,40.6,0.487,18.3,42.3,58.0,0.0,6.72,31.1,189.2,8.6,-0.29,4,Summer,10,4,13,28,47,115.16,45.11,70.52,50.32,64.73,51.28,10.64,0,Rural Agro Storage,Karnal Rice Basin Thermal Anomaly Event #313,State Disaster Management & SPCB Field Report,https://ndma.gov.in/incident-log/inc-0313,CONFIRMED_PIXEL,1,MATCH_RADIUS_500M,EXACT_TIME_COINCIDENCE,VERIFIED,4,0,TIER_1_CERTIFIED,GROUND_TRUTH_VERIFIED,NDMA_SATELLITE_CELL,COMPUTED_LEAKAGE_FREE,1,0,4.3,0.3,6.431
INC-0314,42.55,315.59,306.7,0.43,0.42,VIIRS_NOAA21,VIIRS,D,82.4,30.15587,75.85703,Cropland / Agriculture,233.7,38.7,19.41,12.88,87.56,55.6,239.1,0.513,51.3,0.615,24.2,27.5,45.4,0.0,0.0,8.1,79.8,20.2,-1.52,8,Monsoon,7,6,10,22,45,80.13,53.94,102.59,34.01,53.46,115.17,12.88,0,Rural Agro Storage,Sangrur Agricultural Belt Thermal Anomaly Event #314,State Disaster Management & SPCB Field Report,https://ndma.gov.in/incident-log/inc-0314,CONFIRMED_PIXEL,1,MATCH_RADIUS_500M,EXACT_TIME_COINCIDENCE,VERIFIED,4,0,TIER_1_CERTIFIED,GROUND_TRUTH_VERIFIED,NDMA_SATELLITE_CELL,COMPUTED_LEAKAGE_FREE,1,0,2.81,0.8,5.605
INC-0315,10.1,363.92,296.92,0.38,0.37,VIIRS_NOAA21,VIIRS,N,65.5,29.70475,77.00459,Cropland / Agriculture,247.6,22.88,11.11,19.68,98.05,65.81,82.9,0.494,49.4,0.592,15.9,42.8,62.5,0.0,0.0,20.7,68.5,18.9,0.45,9,Monsoon,20,6,8,19,47,76.58,23.1,101.41,91.47,102.88,78.3,19.68,0,Rural Agro Storage,Karnal Rice Basin Thermal Anomaly Event #315,State Disaster Management & SPCB Field Report,https://ndma.gov.in/incident-log/inc-0315,CONFIRMED_PIXEL,1,MATCH_RADIUS_500M,EXACT_TIME_COINCIDENCE,VERIFIED,5,0,TIER_1_CERTIFIED,GROUND_TRUTH_VERIFIED,NDMA_SATELLITE_CELL,COMPUTED_LEAKAGE_FREE,1,0,3.16,0.73,8.252
INC-0316,44.14,321.88,306.72,0.35,0.43,VIIRS_NOAA20,VIIRS,D,69.9,30.28286,75.87484,Cropland / Agriculture,246.4,35.22,14.15,12.19,61.44,53.59,260.3,0.416,41.6,0.499,12.5,26.9,51.6,0.0,0.0,25.2,171.4,36.2,-2.21,1,Winter,18,7,9,21,42,75.19,33.67,104.43,14.54,145.73,154.58,12.19,0,Rural Agro Storage,Sangrur Agricultural Belt Thermal Anomaly Event #316,State Disaster Management & SPCB Field Report,https://ndma.gov.in/incident-log/inc-0316,CONFIRMED_PIXEL,1,MATCH_RADIUS_500M,EXACT_TIME_COINCIDENCE,VERIFIED,6,0,TIER_1_CERTIFIED,GROUND_TRUTH_VERIFIED,NDMA_SATELLITE_CELL,COMPUTED_LEAKAGE_FREE,1,0,4.41,2.27,9.043
INC-0317,11.69,323.66,308.25,1.28,1.13,MODIS_TERRA,MODIS,N,69.9,30.17527,75.85677,Cropland / Agriculture,243.6,24.36,13.44,22.26,70.31,53.27,248.0,0.516,51.6,0.62,15.0,41.0,84.1,0.0,0.0,29.5,269.0,43.3,-0.82,4,Summer,22,2,10,18,33,99.99,28.47,70.98,65.54,117.05,160.84,22.26,0,Rural Agro Storage,Sangrur Agricultural Belt Thermal Anomaly Event #317,State Disaster Management & SPCB Field Report,https://ndma.gov.in/incident-log/inc-0317,CONFIRMED_PIXEL,1,MATCH_RADIUS_500M,EXACT_TIME_COINCIDENCE,VERIFIED,3,0,TIER_1_CERTIFIED,GROUND_TRUTH_VERIFIED,NDMA_SATELLITE_CELL,COMPUTED_LEAKAGE_FREE,1,0,0.42,0.07,6.351
INC-0318,61.96,338.47,295.97,0.32,0.41,VIIRS_SNPP,VIIRS,N,93.3,30.28125,75.85043,Cropland / Agriculture,252.5,23.59,5.48,14.21,89.45,34.05,7.3,0.517,51.7,0.62,15.3,37.4,28.0,0.0,0.0,19.4,189.4,39.0,1.62,1,Winter,17,3,10,23,49,91.83,56.57,73.75,128.21,52.87,163.93,14.21,0,Rural Agro Storage,Sangrur Agricultural Belt Thermal Anomaly Event #318,State Disaster Management & SPCB Field Report,https://ndma.gov.in/incident-log/inc-0318,CONFIRMED_PIXEL,1,MATCH_RADIUS_500M,EXACT_TIME_COINCIDENCE,VERIFIED,5,0,TIER_1_CERTIFIED,GROUND_TRUTH_VERIFIED,NDMA_SATELLITE_CELL,COMPUTED_LEAKAGE_FREE,1,0,2.38,2.63,10.566
INC-0319,41.85,349.93,302.92,2.19,1.55,MODIS_TERRA,MODIS,D,90.0,30.27225,75.87914,Cropland / Agriculture,228.6,26.83,4.52,10.76,112.18,67.81,182.5,0.386,38.6,0.463,9.2,27.2,60.5,0.0,0.0,20.8,249.9,43.1,-1.88,1,Winter,4,2,4,28,38,73.61,36.76,88.82,103.04,111.04,109.57,10.76,0,Rural Agro Storage,Sangrur Agricultural Belt Thermal Anomaly Event #319,State Disaster Management & SPCB Field Report,https://ndma.gov.in/incident-log/inc-0319,CONFIRMED_PIXEL,1,MATCH_RADIUS_500M,EXACT_TIME_COINCIDENCE,VERIFIED,7,0,TIER_1_CERTIFIED,GROUND_TRUTH_VERIFIED,NDMA_SATELLITE_CELL,COMPUTED_LEAKAGE_FREE,1,0,1.01,1.11,4.429
INC-0320,33.69,315.78,306.56,0.37,0.36,VIIRS_NOAA20,VIIRS,D,92.4,30.24771,75.86026,Cropland / Agriculture,253.2,11.44,17.1,22.61,82.23,72.27,262.2,0.491,49.1,0.589,8.8,27.2,74.5,0.0,0.0,24.9,312.4,11.5,1.62,4,Summer,3,4,13,16,35,127.36,76.56,83.47,100.44,72.6,31.84,22.61,0,Rural Agro Storage,Sangrur Agricultural Belt Thermal Anomaly Event #320,State Disaster Management & SPCB Field Report,https://ndma.gov.in/incident-log/inc-0320,CONFIRMED_PIXEL,1,MATCH_RADIUS_500M,EXACT_TIME_COINCIDENCE,VERIFIED,7,0,TIER_1_CERTIFIED,GROUND_TRUTH_VERIFIED,NDMA_SATELLITE_CELL,COMPUTED_LEAKAGE_FREE,1,0,3.79,2.5,3.934
INC-0321,9.07,338.5,296.12,0.33,0.52,VIIRS_NOAA21,VIIRS,N,65.4,29.55718,76.97953,Cropland / Agriculture,252.1,26.63,10.17,20.0,43.63,51.7,35.9,0.382,38.2,0.458,19.3,36.1,48.5,0.0,1.53,20.6,296.2,16.1,-0.63,7,Monsoon,20,2,12,26,54,118.08,42.13,97.21,107.86,105.42,19.79,20.0,0,Rural Agro Storage,Karnal Rice Basin Thermal Anomaly Event #321,State Disaster Management & SPCB Field Report,https://ndma.gov.in/incident-log/inc-0321,CONFIRMED_PIXEL,1,MATCH_RADIUS_500M,EXACT_TIME_COINCIDENCE,VERIFIED,3,0,TIER_1_CERTIFIED,GROUND_TRUTH_VERIFIED,NDMA_SATELLITE_CELL,COMPUTED_LEAKAGE_FREE,1,0,2.6,2.68,2.318
INC-0322,12.62,369.85,302.36,2.2,2.14,MODIS_TERRA,MODIS,D,87.9,29.71464,77.02939,Cropland / Agriculture,271.7,25.68,19.55,34.74,92.01,37.63,111.2,0.284,28.4,0.341,22.2,24.6,57.6,0.0,15.33,27.9,278.6,16.3,-1.92,8,Monsoon,7,2,13,17,40,95.56,51.75,81.16,141.68,135.42,73.66,34.74,0,Rural Agro Storage,Karnal Rice Basin Thermal Anomaly Event #322,State Disaster Management & SPCB Field Report,https://ndma.gov.in/incident-log/inc-0322,CONFIRMED_PIXEL,1,MATCH_RADIUS_500M,EXACT_TIME_COINCIDENCE,VERIFIED,6,0,TIER_1_CERTIFIED,GROUND_TRUTH_VERIFIED,NDMA_SATELLITE_CELL,COMPUTED_LEAKAGE_FREE,1,0,2.37,0.55,4.787
INC-0323,41.2,351.14,297.91,0.51,0.4,VIIRS_NOAA21,VIIRS,D,66.6,29.67323,76.94417,Cropland / Agriculture,262.0,16.88,19.82,14.57,107.06,58.22,237.5,0.343,34.3,0.411,9.9,23.7,68.6,0.0,0.0,21.3,255.2,27.8,0.91,7,Monsoon,13,2,7,25,48,89.15,37.7,101.91,148.87,182.1,172.38,14.57,0,Rural Agro Storage,Karnal Rice Basin Thermal Anomaly Event #323,State Disaster Management & SPCB Field Report,https://ndma.gov.in/incident-log/inc-0323,CONFIRMED_PIXEL,1,MATCH_RADIUS_500M,EXACT_TIME_COINCIDENCE,VERIFIED,6,0,TIER_1_CERTIFIED,GROUND_TRUTH_VERIFIED,NDMA_SATELLITE_CELL,COMPUTED_LEAKAGE_FREE,1,0,3.29,0.9,6.514
INC-0324,25.16,344.01,301.07,0.53,0.43,VIIRS_NOAA20,VIIRS,N,78.7,29.70556,76.92783,Cropland / Agriculture,269.8,22.99,13.66,8.31,101.07,74.4,56.3,0.398,39.8,0.478,27.0,29.5,53.5,0.0,0.0,37.8,203.0,38.0,0.49,6,Monsoon,7,2,7,27,46,124.73,70.49,85.31,51.19,167.01,156.3,8.31,0,Rural Agro Storage,Karnal Rice Basin Thermal Anomaly Event #324,State Disaster Management & SPCB Field Report,https://ndma.gov.in/incident-log/inc-0324,CONFIRMED_PIXEL,1,MATCH_RADIUS_500M,EXACT_TIME_COINCIDENCE,VERIFIED,5,0,TIER_1_CERTIFIED,GROUND_TRUTH_VERIFIED,NDMA_SATELLITE_CELL,COMPUTED_LEAKAGE_FREE,1,0,0.21,1.46,7.333
INC-0325,61.78,330.96,298.4,0.37,0.37,VIIRS_SNPP,VIIRS,D,84.1,30.25879,75.8172,Cropland / Agriculture,235.0,43.51,10.8,13.62,96.56,47.07,74.0,0.345,34.5,0.414,20.1,26.8,29.8,0.0,0.0,12.0,66.1,5.4,-0.91,2,Winter,13,2,16,30,49,74.05,72.75,53.0,12.33,59.66,125.14,13.62,0,Rural Agro Storage,Sangrur Agricultural Belt Thermal Anomaly Event #325,State Disaster Management & SPCB Field Report,https://ndma.gov.in/incident-log/inc-0325,CONFIRMED_PIXEL,1,MATCH_RADIUS_500M,EXACT_TIME_COINCIDENCE,VERIFIED,4,0,TIER_1_CERTIFIED,GROUND_TRUTH_VERIFIED,NDMA_SATELLITE_CELL,COMPUTED_LEAKAGE_FREE,1,0,4.49,2.76,0.102
INC-0326,58.06,352.74,298.42,0.4,0.48,VIIRS_SNPP,VIIRS,D,97.9,29.6693,76.98858,Cropland / Agriculture,272.0,26.4,16.75,32.92,58.95,62.38,233.8,0.433,43.3,0.52,25.1,25.4,70.4,0.0,0.0,35.3,42.9,11.5,-1.67,7,Monsoon,17,5,11,23,35,64.3,49.82,47.21,96.84,191.26,179.63,32.92,0,Rural Agro Storage,Karnal Rice Basin Thermal Anomaly Event #326,State Disaster Management & SPCB Field Report,https://ndma.gov.in/incident-log/inc-0326,CONFIRMED_PIXEL,1,MATCH_RADIUS_500M,EXACT_TIME_COINCIDENCE,VERIFIED,3,0,TIER_1_CERTIFIED,GROUND_TRUTH_VERIFIED,NDMA_SATELLITE_CELL,COMPUTED_LEAKAGE_FREE,1,0,2.62,2.96,4.723
INC-0327,43.05,357.98,308.23,2.05,1.77,MODIS_TERRA,MODIS,D,78.0,29.63735,76.94586,Cropland / Agriculture,263.6,13.09,8.73,18.74,112.78,87.36,231.2,0.338,33.8,0.406,8.7,36.3,22.1,0.0,13.71,16.9,189.9,6.2,-3.18,5,Summer,10,3,18,16,51,60.83,27.15,114.79,88.22,94.37,90.2,18.74,0,Rural Agro Storage,Karnal Rice Basin Thermal Anomaly Event #327,State Disaster Management & SPCB Field Report,https://ndma.gov.in/incident-log/inc-0327,CONFIRMED_PIXEL,1,MATCH_RADIUS_500M,EXACT_TIME_COINCIDENCE,VERIFIED,6,0,TIER_1_CERTIFIED,GROUND_TRUTH_VERIFIED,NDMA_SATELLITE_CELL,COMPUTED_LEAKAGE_FREE,1,0,1.83,1.02,4.89
INC-0328,51.37,346.89,296.02,0.49,0.48,VIIRS_SNPP,VIIRS,D,97.8,29.63814,76.98492,Cropland / Agriculture,250.4,22.89,18.04,28.39,65.86,86.29,261.9,0.384,38.4,0.461,15.2,37.9,30.5,0.0,0.0,19.4,306.5,33.3,-3.32,8,Monsoon,12,5,12,26,44,56.89,77.67,59.66,85.51,51.36,187.1,28.39,0,Rural Agro Storage,Karnal Rice Basin Thermal Anomaly Event #328,State Disaster Management & SPCB Field Report,https://ndma.gov.in/incident-log/inc-0328,CONFIRMED_PIXEL,1,MATCH_RADIUS_500M,EXACT_TIME_COINCIDENCE,VERIFIED,4,0,TIER_1_CERTIFIED,GROUND_TRUTH_VERIFIED,NDMA_SATELLITE_CELL,COMPUTED_LEAKAGE_FREE,1,0,2.72,1.66,0.062
INC-0329,63.15,336.41,297.1,0.51,0.48,VIIRS_SNPP,VIIRS,N,94.7,29.74493,77.035,Cropland / Agriculture,267.8,23.94,11.41,25.0,80.39,62.2,110.9,0.351,35.1,0.421,25.9,27.8,45.3,0.0,5.28,33.2,177.3,27.1,-2.39,4,Summer,11,1,9,34,46,52.17,35.22,64.86,124.37,198.06,144.07,25.0,0,Rural Agro Storage,Karnal Rice Basin Thermal Anomaly Event #329,State Disaster Management & SPCB Field Report,https://ndma.gov.in/incident-log/inc-0329,CONFIRMED_PIXEL,1,MATCH_RADIUS_500M,EXACT_TIME_COINCIDENCE,VERIFIED,6,0,TIER_1_CERTIFIED,GROUND_TRUTH_VERIFIED,NDMA_SATELLITE_CELL,COMPUTED_LEAKAGE_FREE,1,0,4.21,0.52,9.718
INC-0330,46.04,368.35,301.38,0.55,0.42,VIIRS_NOAA20,VIIRS,D,82.0,29.76364,76.97606,Cropland / Agriculture,260.1,24.47,10.53,10.22,111.36,82.15,42.7,0.44,44.0,0.528,21.0,42.1,73.3,0.0,0.0,12.2,134.1,9.4,1.84,8,Monsoon,18,5,16,23,49,139.81,55.11,100.1,82.76,80.4,180.43,10.22,0,Rural Agro Storage,Karnal Rice Basin Thermal Anomaly Event #330,State Disaster Management & SPCB Field Report,https://ndma.gov.in/incident-log/inc-0330,CONFIRMED_PIXEL,1,MATCH_RADIUS_500M,EXACT_TIME_COINCIDENCE,VERIFIED,3,0,TIER_1_CERTIFIED,GROUND_TRUTH_VERIFIED,NDMA_SATELLITE_CELL,COMPUTED_LEAKAGE_FREE,1,0,2.27,0.68,8.536
INC-0331,26.38,345.35,306.26,0.33,0.41,VIIRS_NOAA20,VIIRS,N,90.3,29.73969,77.00631,Cropland / Agriculture,251.7,16.76,3.54,31.01,51.0,83.36,38.8,0.486,48.6,0.583,24.5,38.1,33.9,0.0,0.34,6.1,339.3,44.4,-2.98,12,Winter,1,1,13,25,47,132.22,47.64,104.54,49.26,104.48,45.62,31.01,0,Rural Agro Storage,Karnal Rice Basin Thermal Anomaly Event #331,State Disaster Management & SPCB Field Report,https://ndma.gov.in/incident-log/inc-0331,CONFIRMED_PIXEL,1,MATCH_RADIUS_500M,EXACT_TIME_COINCIDENCE,VERIFIED,5,0,TIER_1_CERTIFIED,GROUND_TRUTH_VERIFIED,NDMA_SATELLITE_CELL,COMPUTED_LEAKAGE_FREE,1,0,0.18,1.45,10.895
INC-0332,14.01,318.11,308.19,1.27,1.29,MODIS_TERRA,MODIS,D,85.1,29.67172,76.99728,Cropland / Agriculture,255.4,34.53,10.18,28.31,99.32,32.4,42.6,0.371,37.1,0.445,19.8,39.5,79.6,1.28,1.28,24.4,184.9,12.1,-0.39,9,Monsoon,22,1,11,26,52,110.86,58.45,117.1,21.19,194.99,96.16,28.31,0,Rural Agro Storage,Karnal Rice Basin Thermal Anomaly Event #332,State Disaster Management & SPCB Field Report,https://ndma.gov.in/incident-log/inc-0332,CONFIRMED_PIXEL,1,MATCH_RADIUS_500M,EXACT_TIME_COINCIDENCE,VERIFIED,7,0,TIER_1_CERTIFIED,GROUND_TRUTH_VERIFIED,NDMA_SATELLITE_CELL,COMPUTED_LEAKAGE_FREE,1,0,0.71,3.11,1.564
INC-0333,28.23,326.55,307.28,1.18,1.38,MODIS_TERRA,MODIS,N,85.7,30.27098,75.80009,Cropland / Agriculture,229.2,22.71,6.3,17.86,57.16,61.17,24.6,0.285,28.5,0.342,12.6,30.0,27.9,0.0,0.0,31.1,354.0,6.0,0.3,9,Monsoon,6,0,10,26,34,110.15,67.97,58.2,19.28,75.04,115.65,17.86,0,Rural Agro Storage,Sangrur Agricultural Belt Thermal Anomaly Event #333,State Disaster Management & SPCB Field Report,https://ndma.gov.in/incident-log/inc-0333,CONFIRMED_PIXEL,1,MATCH_RADIUS_500M,EXACT_TIME_COINCIDENCE,VERIFIED,7,0,TIER_1_CERTIFIED,GROUND_TRUTH_VERIFIED,NDMA_SATELLITE_CELL,COMPUTED_LEAKAGE_FREE,1,0,0.53,0.97,7.92
INC-0334,20.06,325.33,296.01,0.37,0.33,VIIRS_SNPP,VIIRS,D,84.4,30.20929,75.85945,Cropland / Agriculture,239.3,33.5,10.88,30.44,47.91,38.68,18.8,0.352,35.2,0.423,9.6,29.6,20.9,0.0,0.0,13.0,31.6,24.0,1.21,9,Monsoon,23,5,13,24,51,77.58,65.95,64.46,7.04,111.26,128.94,30.44,0,Rural Agro Storage,Sangrur Agricultural Belt Thermal Anomaly Event #334,State Disaster Management & SPCB Field Report,https://ndma.gov.in/incident-log/inc-0334,CONFIRMED_PIXEL,1,MATCH_RADIUS_500M,EXACT_TIME_COINCIDENCE,VERIFIED,7,0,TIER_1_CERTIFIED,GROUND_TRUTH_VERIFIED,NDMA_SATELLITE_CELL,COMPUTED_LEAKAGE_FREE,1,0,4.08,0.31,8.027
INC-0335,54.28,346.9,300.29,0.45,0.46,VIIRS_NOAA21,VIIRS,N,81.4,29.67402,77.00579,Cropland / Agriculture,250.4,18.5,4.45,22.43,111.07,60.88,293.6,0.306,30.6,0.367,16.3,23.9,39.0,0.0,0.0,22.7,267.9,21.3,2.0,1,Winter,10,4,15,21,38,116.52,37.91,75.85,117.89,98.69,191.63,22.43,0,Rural Agro Storage,Karnal Rice Basin Thermal Anomaly Event #335,State Disaster Management & SPCB Field Report,https://ndma.gov.in/incident-log/inc-0335,CONFIRMED_PIXEL,1,MATCH_RADIUS_500M,EXACT_TIME_COINCIDENCE,VERIFIED,3,0,TIER_1_CERTIFIED,GROUND_TRUTH_VERIFIED,NDMA_SATELLITE_CELL,COMPUTED_LEAKAGE_FREE,1,0,2.32,2.74,9.016
INC-0336,23.26,368.34,306.58,0.44,0.48,VIIRS_NOAA21,VIIRS,D,67.9,30.29394,75.8954,Cropland / Agriculture,245.8,42.43,4.07,24.95,51.57,60.23,221.0,0.366,36.6,0.439,10.1,23.3,32.6,0.0,0.0,16.9,274.3,26.0,-3.43,6,Monsoon,18,3,10,27,52,64.02,27.68,40.97,59.31,144.54,133.59,24.95,0,Rural Agro Storage,Sangrur Agricultural Belt Thermal Anomaly Event #336,State Disaster Management & SPCB Field Report,https://ndma.gov.in/incident-log/inc-0336,CONFIRMED_PIXEL,1,MATCH_RADIUS_500M,EXACT_TIME_COINCIDENCE,VERIFIED,3,0,TIER_1_CERTIFIED,GROUND_TRUTH_VERIFIED,NDMA_SATELLITE_CELL,COMPUTED_LEAKAGE_FREE,1,0,1.46,2.22,6.834
INC-0337,11.62,366.27,303.46,0.42,0.5,VIIRS_NOAA20,VIIRS,D,79.9,29.69974,76.98079,Cropland / Agriculture,243.5,32.72,8.22,18.04,46.59,81.42,112.2,0.464,46.4,0.556,8.3,42.0,47.1,3.24,3.24,31.0,58.9,26.6,-0.71,7,Monsoon,1,0,8,29,47,103.32,25.02,104.36,78.29,116.62,68.83,18.04,0,Rural Agro Storage,Karnal Rice Basin Thermal Anomaly Event #337,State Disaster Management & SPCB Field Report,https://ndma.gov.in/incident-log/inc-0337,CONFIRMED_PIXEL,1,MATCH_RADIUS_500M,EXACT_TIME_COINCIDENCE,VERIFIED,6,0,TIER_1_CERTIFIED,GROUND_TRUTH_VERIFIED,NDMA_SATELLITE_CELL,COMPUTED_LEAKAGE_FREE,1,0,4.13,1.07,10.806
INC-0338,16.96,348.54,304.96,0.35,0.35,VIIRS_NOAA21,VIIRS,N,88.8,29.69148,77.0245,Cropland / Agriculture,258.8,12.19,17.81,13.0,58.03,69.68,141.3,0.428,42.8,0.514,10.7,34.5,35.5,0.0,0.0,17.5,356.7,40.3,0.62,2,Winter,12,3,11,25,44,92.19,49.96,50.25,148.49,170.86,30.24,13.0,0,Rural Agro Storage,Karnal Rice Basin Thermal Anomaly Event #338,State Disaster Management & SPCB Field Report,https://ndma.gov.in/incident-log/inc-0338,CONFIRMED_PIXEL,1,MATCH_RADIUS_500M,EXACT_TIME_COINCIDENCE,VERIFIED,6,0,TIER_1_CERTIFIED,GROUND_TRUTH_VERIFIED,NDMA_SATELLITE_CELL,COMPUTED_LEAKAGE_FREE,1,0,2.95,1.68,10.672
INC-0339,15.43,355.87,300.59,1.38,2.08,MODIS_TERRA,MODIS,N,73.2,29.67727,77.00147,Cropland / Agriculture,245.6,35.67,9.89,24.95,101.59,62.89,268.9,0.391,39.1,0.469,26.0,26.2,52.8,0.0,2.0,19.5,119.2,33.5,-0.69,8,Monsoon,11,5,10,22,61,98.56,25.29,72.86,68.46,131.87,172.25,24.95,0,Rural Agro Storage,Karnal Rice Basin Thermal Anomaly Event #339,State Disaster Management & SPCB Field Report,https://ndma.gov.in/incident-log/inc-0339,CONFIRMED_PIXEL,1,MATCH_RADIUS_500M,EXACT_TIME_COINCIDENCE,VERIFIED,3,0,TIER_1_CERTIFIED,GROUND_TRUTH_VERIFIED,NDMA_SATELLITE_CELL,COMPUTED_LEAKAGE_FREE,1,0,1.57,2.19,5.566
INC-0340,58.27,366.12,302.6,0.33,0.43,VIIRS_SNPP,VIIRS,N,99.8,29.72712,77.03428,Cropland / Agriculture,246.5,27.16,9.15,34.84,48.89,65.41,217.2,0.308,30.8,0.37,15.5,32.1,27.1,0.0,0.0,27.8,40.9,38.2,0.69,7,Monsoon,14,4,12,22,50,111.35,76.06,102.42,118.37,146.58,61.57,34.84,0,Rural Agro Storage,Karnal Rice Basin Thermal Anomaly Event #340,State Disaster Management & SPCB Field Report,https://ndma.gov.in/incident-log/inc-0340,CONFIRMED_PIXEL,1,MATCH_RADIUS_500M,EXACT_TIME_COINCIDENCE,VERIFIED,5,0,TIER_1_CERTIFIED,GROUND_TRUTH_VERIFIED,NDMA_SATELLITE_CELL,COMPUTED_LEAKAGE_FREE,1,0,1.53,0.33,2.598
INC-0341,26.88,350.04,305.55,0.43,0.51,VIIRS_NOAA21,VIIRS,D,94.2,30.19504,75.83993,Cropland / Agriculture,231.3,23.56,11.47,20.28,40.72,53.74,96.5,0.346,34.6,0.416,13.1,40.4,71.4,0.0,0.0,7.4,305.5,17.9,-1.08,8,Monsoon,9,2,19,22,29,102.86,54.2,99.98,137.42,150.56,13.7,20.28,0,Rural Agro Storage,Sangrur Agricultural Belt Thermal Anomaly Event #341,State Disaster Management & SPCB Field Report,https://ndma.gov.in/incident-log/inc-0341,CONFIRMED_PIXEL,1,MATCH_RADIUS_500M,EXACT_TIME_COINCIDENCE,VERIFIED,3,0,TIER_1_CERTIFIED,GROUND_TRUTH_VERIFIED,NDMA_SATELLITE_CELL,COMPUTED_LEAKAGE_FREE,1,0,0.39,1.26,8.999
INC-0342,16.09,356.5,300.04,0.53,0.33,VIIRS_NOAA20,VIIRS,D,65.0,29.70621,76.99027,Cropland / Agriculture,265.4,19.12,19.26,28.98,102.97,67.42,46.8,0.326,32.6,0.391,26.9,42.8,63.8,0.0,10.23,25.0,33.0,9.5,-2.9,6,Monsoon,13,2,12,39,53,125.53,65.55,87.9,39.5,194.17,151.16,28.98,0,Rural Agro Storage,Karnal Rice Basin Thermal Anomaly Event #342,State Disaster Management & SPCB Field Report,https://ndma.gov.in/incident-log/inc-0342,CONFIRMED_PIXEL,1,MATCH_RADIUS_500M,EXACT_TIME_COINCIDENCE,VERIFIED,3,0,TIER_1_CERTIFIED,GROUND_TRUTH_VERIFIED,NDMA_SATELLITE_CELL,COMPUTED_LEAKAGE_FREE,1,0,1.6,0.06,6.661
INC-0343,46.68,366.14,303.04,0.38,0.53,VIIRS_NOAA21,VIIRS,D,78.6,29.73289,77.00124,Cropland / Agriculture,265.4,21.76,16.08,15.16,111.32,34.29,103.3,0.51,51.0,0.611,27.7,26.3,28.8,0.0,0.0,4.1,328.3,29.9,-1.05,2,Winter,3,1,10,29,51,125.19,25.49,44.49,135.48,104.49,8.75,15.16,0,Rural Agro Storage,Karnal Rice Basin Thermal Anomaly Event #343,State Disaster Management & SPCB Field Report,https://ndma.gov.in/incident-log/inc-0343,CONFIRMED_PIXEL,1,MATCH_RADIUS_500M,EXACT_TIME_COINCIDENCE,VERIFIED,6,0,TIER_1_CERTIFIED,GROUND_TRUTH_VERIFIED,NDMA_SATELLITE_CELL,COMPUTED_LEAKAGE_FREE,1,0,3.02,3.18,0.316
INC-0344,17.61,360.44,295.76,2.06,1.11,MODIS_TERRA,MODIS,N,84.0,29.71033,76.96343,Cropland / Agriculture,272.7,29.37,8.01,11.61,101.75,43.05,296.8,0.284,28.4,0.341,12.8,39.7,73.1,0.0,0.84,29.3,319.1,31.0,-2.71,10,Post-Monsoon,19,5,13,29,41,70.13,36.5,86.94,146.81,148.95,106.32,11.61,0,Rural Agro Storage,Karnal Rice Basin Thermal Anomaly Event #344,State Disaster Management & SPCB Field Report,https://ndma.gov.in/incident-log/inc-0344,CONFIRMED_PIXEL,1,MATCH_RADIUS_500M,EXACT_TIME_COINCIDENCE,VERIFIED,4,0,TIER_1_CERTIFIED,GROUND_TRUTH_VERIFIED,NDMA_SATELLITE_CELL,COMPUTED_LEAKAGE_FREE,1,0,3.14,2.85,10.491
INC-0345,32.36,340.34,298.8,0.32,0.35,VIIRS_NOAA20,VIIRS,D,73.6,30.28595,75.90351,Cropland / Agriculture,239.0,38.64,19.76,14.92,44.49,78.93,272.3,0.398,39.8,0.478,9.7,37.5,73.5,0.0,0.0,34.3,192.7,16.1,1.34,11,Post-Monsoon,23,1,9,37,44,105.82,77.58,60.18,115.51,60.65,115.54,14.92,0,Rural Agro Storage,Sangrur Agricultural Belt Thermal Anomaly Event #345,State Disaster Management & SPCB Field Report,https://ndma.gov.in/incident-log/inc-0345,CONFIRMED_PIXEL,1,MATCH_RADIUS_500M,EXACT_TIME_COINCIDENCE,VERIFIED,7,0,TIER_1_CERTIFIED,GROUND_TRUTH_VERIFIED,NDMA_SATELLITE_CELL,COMPUTED_LEAKAGE_FREE,1,0,0.93,1.18,0.12
INC-0346,9.77,331.28,305.97,0.54,0.34,VIIRS_NOAA20,VIIRS,D,75.7,30.20988,75.82227,Cropland / Agriculture,247.0,33.63,7.13,24.08,103.5,32.0,57.2,0.288,28.8,0.346,16.1,35.4,62.6,0.0,0.0,24.2,325.9,19.1,-2.34,6,Monsoon,8,5,8,23,51,114.59,35.13,115.83,98.54,130.73,118.94,24.08,0,Rural Agro Storage,Sangrur Agricultural Belt Thermal Anomaly Event #346,State Disaster Management & SPCB Field Report,https://ndma.gov.in/incident-log/inc-0346,CONFIRMED_PIXEL,1,MATCH_RADIUS_500M,EXACT_TIME_COINCIDENCE,VERIFIED,4,0,TIER_1_CERTIFIED,GROUND_TRUTH_VERIFIED,NDMA_SATELLITE_CELL,COMPUTED_LEAKAGE_FREE,1,0,2.49,1.0,8.01
INC-0347,35.19,336.37,302.37,0.32,0.44,VIIRS_NOAA20,VIIRS,D,97.3,29.63148,77.06062,Cropland / Agriculture,255.7,42.27,11.17,8.38,75.11,79.24,205.4,0.415,41.5,0.498,28.0,42.3,51.5,0.0,0.0,29.9,259.5,41.2,-3.31,9,Monsoon,3,5,4,23,45,120.21,50.8,59.98,71.99,119.76,44.14,8.38,0,Rural Agro Storage,Karnal Rice Basin Thermal Anomaly Event #347,State Disaster Management & SPCB Field Report,https://ndma.gov.in/incident-log/inc-0347,CONFIRMED_PIXEL,1,MATCH_RADIUS_500M,EXACT_TIME_COINCIDENCE,VERIFIED,6,0,TIER_1_CERTIFIED,GROUND_TRUTH_VERIFIED,NDMA_SATELLITE_CELL,COMPUTED_LEAKAGE_FREE,1,0,2.94,0.56,2.87
INC-0348,35.62,346.15,297.02,2.08,1.63,MODIS_TERRA,MODIS,N,94.7,30.19637,75.87963,Cropland / Agriculture,224.4,28.1,3.84,31.8,67.46,81.38,146.7,0.378,37.8,0.453,8.5,33.5,41.5,0.0,0.0,17.9,237.6,13.9,1.81,7,Monsoon,5,4,14,21,56,113.15,65.97,65.16,61.67,84.16,114.13,31.8,0,Rural Agro Storage,Sangrur Agricultural Belt Thermal Anomaly Event #348,State Disaster Management & SPCB Field Report,https://ndma.gov.in/incident-log/inc-0348,CONFIRMED_PIXEL,1,MATCH_RADIUS_500M,EXACT_TIME_COINCIDENCE,VERIFIED,7,0,TIER_1_CERTIFIED,GROUND_TRUTH_VERIFIED,NDMA_SATELLITE_CELL,COMPUTED_LEAKAGE_FREE,1,0,3.63,2.09,10.17
INC-0349,12.83,366.52,297.35,1.16,1.24,MODIS_TERRA,MODIS,D,79.3,30.24204,75.86842,Cropland / Agriculture,253.7,40.26,8.29,16.82,45.92,83.15,80.6,0.517,51.7,0.62,9.3,38.5,61.3,0.0,10.83,16.4,80.8,42.9,0.75,5,Summer,21,3,7,25,40,65.71,57.8,91.52,75.13,92.17,199.05,16.82,0,Rural Agro Storage,Sangrur Agricultural Belt Thermal Anomaly Event #349,State Disaster Management & SPCB Field Report,https://ndma.gov.in/incident-log/inc-0349,CONFIRMED_PIXEL,1,MATCH_RADIUS_500M,EXACT_TIME_COINCIDENCE,VERIFIED,7,0,TIER_1_CERTIFIED,GROUND_TRUTH_VERIFIED,NDMA_SATELLITE_CELL,COMPUTED_LEAKAGE_FREE,1,0,0.12,3.11,11.323
INC-0350,11.92,322.06,308.74,0.41,0.5,VIIRS_SNPP,VIIRS,N,80.1,30.21272,75.8531,Cropland / Agriculture,243.1,32.05,17.33,32.25,75.84,32.91,184.4,0.308,30.8,0.37,11.3,41.7,71.1,0.0,12.83,8.7,80.1,28.1,-2.04,9,Monsoon,19,3,7,31,51,66.95,23.99,55.1,38.52,111.58,42.12,32.25,0,Rural Agro Storage,Sangrur Agricultural Belt Thermal Anomaly Event #350,State Disaster Management & SPCB Field Report,https://ndma.gov.in/incident-log/inc-0350,CONFIRMED_PIXEL,1,MATCH_RADIUS_500M,EXACT_TIME_COINCIDENCE,VERIFIED,5,0,TIER_1_CERTIFIED,GROUND_TRUTH_VERIFIED,NDMA_SATELLITE_CELL,COMPUTED_LEAKAGE_FREE,1,0,1.63,3.11,5.115
INC-0351,29.87,347.36,300.7,0.51,0.36,VIIRS_NOAA20,VIIRS,D,86.5,30.28389,75.88808,Cropland / Agriculture,245.0,22.6,10.89,15.45,54.4,63.4,37.5,0.515,51.5,0.618,24.6,34.3,26.4,0.0,0.0,34.3,62.3,41.9,-0.62,11,Post-Monsoon,12,5,13,27,47,125.85,29.17,42.62,36.9,87.02,66.38,15.45,0,Rural Agro Storage,Sangrur Agricultural Belt Thermal Anomaly Event #351,State Disaster Management & SPCB Field Report,https://ndma.gov.in/incident-log/inc-0351,CONFIRMED_PIXEL,1,MATCH_RADIUS_500M,EXACT_TIME_COINCIDENCE,VERIFIED,4,0,TIER_1_CERTIFIED,GROUND_TRUTH_VERIFIED,NDMA_SATELLITE_CELL,COMPUTED_LEAKAGE_FREE,1,0,3.07,0.27,7.148
INC-0352,9.23,338.01,296.03,0.44,0.4,VIIRS_NOAA21,VIIRS,D,76.6,30.27949,75.82661,Cropland / Agriculture,246.1,37.72,15.53,32.35,58.91,57.38,194.6,0.452,45.2,0.542,18.9,23.0,46.7,0.0,0.0,37.5,151.9,43.0,-3.31,6,Monsoon,15,8,14,21,41,66.6,42.27,81.78,114.2,58.0,192.7,32.35,0,Rural Agro Storage,Sangrur Agricultural Belt Thermal Anomaly Event #352,State Disaster Management & SPCB Field Report,https://ndma.gov.in/incident-log/inc-0352,CONFIRMED_PIXEL,1,MATCH_RADIUS_500M,EXACT_TIME_COINCIDENCE,VERIFIED,3,0,TIER_1_CERTIFIED,GROUND_TRUTH_VERIFIED,NDMA_SATELLITE_CELL,COMPUTED_LEAKAGE_FREE,1,0,0.8,0.7,11.904
INC-0353,36.67,344.68,297.62,0.48,0.33,VIIRS_SNPP,VIIRS,D,77.9,29.66897,77.04199,Cropland / Agriculture,254.1,35.66,9.15,13.03,66.56,63.82,299.1,0.5,50.0,0.599,26.6,29.0,49.0,0.0,0.0,33.2,13.7,11.0,-2.81,4,Summer,18,1,12,31,61,115.38,48.91,82.05,46.55,70.84,52.34,13.03,0,Rural Agro Storage,Karnal Rice Basin Thermal Anomaly Event #353,State Disaster Management & SPCB Field Report,https://ndma.gov.in/incident-log/inc-0353,CONFIRMED_PIXEL,1,MATCH_RADIUS_500M,EXACT_TIME_COINCIDENCE,VERIFIED,6,0,TIER_1_CERTIFIED,GROUND_TRUTH_VERIFIED,NDMA_SATELLITE_CELL,COMPUTED_LEAKAGE_FREE,1,0,1.13,0.65,11.678
INC-0354,33.64,370.28,303.4,0.41,0.34,VIIRS_NOAA21,VIIRS,N,87.3,29.73291,77.00407,Cropland / Agriculture,274.9,11.58,9.93,19.25,117.24,65.95,145.6,0.337,33.7,0.404,25.5,34.0,32.7,0.0,0.0,37.1,2.0,44.4,1.89,10,Post-Monsoon,20,7,13,21,46,107.21,62.8,101.6,129.63,145.26,121.49,19.25,0,Rural Agro Storage,Karnal Rice Basin Thermal Anomaly Event #354,State Disaster Management & SPCB Field Report,https://ndma.gov.in/incident-log/inc-0354,CONFIRMED_PIXEL,1,MATCH_RADIUS_500M,EXACT_TIME_COINCIDENCE,VERIFIED,3,0,TIER_1_CERTIFIED,GROUND_TRUTH_VERIFIED,NDMA_SATELLITE_CELL,COMPUTED_LEAKAGE_FREE,1,0,0.43,0.95,1.066
INC-0355,47.24,373.26,302.65,0.35,0.35,VIIRS_NOAA20,VIIRS,N,81.2,29.67279,77.01735,Cropland / Agriculture,242.2,32.35,12.8,21.08,107.68,68.67,233.3,0.328,32.8,0.393,19.7,23.9,21.9,0.0,0.0,27.8,122.3,20.2,1.77,3,Summer,10,2,6,23,53,122.12,67.18,55.28,26.8,147.52,161.39,21.08,0,Rural Agro Storage,Karnal Rice Basin Thermal Anomaly Event #355,State Disaster Management & SPCB Field Report,https://ndma.gov.in/incident-log/inc-0355,CONFIRMED_PIXEL,1,MATCH_RADIUS_500M,EXACT_TIME_COINCIDENCE,VERIFIED,6,0,TIER_1_CERTIFIED,GROUND_TRUTH_VERIFIED,NDMA_SATELLITE_CELL,COMPUTED_LEAKAGE_FREE,1,0,1.79,0.71,9.017
INC-0356,55.43,315.29,306.24,1.34,2.08,MODIS_TERRA,MODIS,D,71.5,29.67526,76.92607,Cropland / Agriculture,243.3,11.8,19.15,26.97,65.61,49.19,48.5,0.477,47.7,0.572,19.5,32.5,29.9,0.0,0.0,33.5,94.5,11.9,-3.4,1,Winter,11,0,6,23,39,127.53,74.17,111.33,76.6,171.31,95.75,26.97,0,Rural Agro Storage,Karnal Rice Basin Thermal Anomaly Event #356,State Disaster Management & SPCB Field Report,https://ndma.gov.in/incident-log/inc-0356,CONFIRMED_PIXEL,1,MATCH_RADIUS_500M,EXACT_TIME_COINCIDENCE,VERIFIED,6,0,TIER_1_CERTIFIED,GROUND_TRUTH_VERIFIED,NDMA_SATELLITE_CELL,COMPUTED_LEAKAGE_FREE,1,0,2.47,2.81,1.507
INC-0357,33.27,337.14,305.05,0.44,0.52,VIIRS_SNPP,VIIRS,D,89.8,30.30564,75.78494,Cropland / Agriculture,231.8,42.84,4.46,16.84,75.53,57.31,233.0,0.492,49.2,0.591,18.3,31.7,44.3,0.0,0.0,6.7,8.8,15.1,-3.0,5,Summer,12,2,9,34,38,119.73,46.6,42.17,146.45,156.52,34.59,16.84,0,Rural Agro Storage,Sangrur Agricultural Belt Thermal Anomaly Event #357,State Disaster Management & SPCB Field Report,https://ndma.gov.in/incident-log/inc-0357,CONFIRMED_PIXEL,1,MATCH_RADIUS_500M,EXACT_TIME_COINCIDENCE,VERIFIED,5,0,TIER_1_CERTIFIED,GROUND_TRUTH_VERIFIED,NDMA_SATELLITE_CELL,COMPUTED_LEAKAGE_FREE,1,0,1.86,1.33,1.186
INC-0358,39.0,363.06,305.93,0.47,0.53,VIIRS_NOAA20,VIIRS,N,89.0,30.15854,75.8257,Cropland / Agriculture,242.1,43.76,16.31,16.06,91.31,70.33,186.3,0.421,42.1,0.506,10.7,37.6,39.1,0.0,0.0,18.8,91.9,13.7,-3.47,4,Summer,2,6,10,19,42,139.82,28.32,55.31,80.16,73.33,154.16,16.06,0,Rural Agro Storage,Sangrur Agricultural Belt Thermal Anomaly Event #358,State Disaster Management & SPCB Field Report,https://ndma.gov.in/incident-log/inc-0358,CONFIRMED_PIXEL,1,MATCH_RADIUS_500M,EXACT_TIME_COINCIDENCE,VERIFIED,6,0,TIER_1_CERTIFIED,GROUND_TRUTH_VERIFIED,NDMA_SATELLITE_CELL,COMPUTED_LEAKAGE_FREE,1,0,0.99,0.22,7.416
INC-0359,62.72,318.42,295.58,2.07,1.44,MODIS_TERRA,MODIS,N,90.4,29.71132,77.00764,Cropland / Agriculture,271.2,44.55,13.96,27.32,47.72,34.19,250.2,0.415,41.5,0.498,8.0,36.3,20.9,0.0,0.0,37.3,342.7,20.8,-0.11,10,Post-Monsoon,21,1,5,21,49,64.42,45.63,48.81,70.95,116.95,156.83,27.32,0,Rural Agro Storage,Karnal Rice Basin Thermal Anomaly Event #359,State Disaster Management & SPCB Field Report,https://ndma.gov.in/incident-log/inc-0359,CONFIRMED_PIXEL,1,MATCH_RADIUS_500M,EXACT_TIME_COINCIDENCE,VERIFIED,7,0,TIER_1_CERTIFIED,GROUND_TRUTH_VERIFIED,NDMA_SATELLITE_CELL,COMPUTED_LEAKAGE_FREE,1,0,2.22,3.13,10.156
INC-0360,40.05,319.48,300.22,0.39,0.43,VIIRS_SNPP,VIIRS,N,97.1,30.24786,75.81455,Cropland / Agriculture,222.7,17.91,15.22,21.23,100.09,60.92,11.1,0.417,41.7,0.501,23.1,37.4,84.9,0.0,0.0,17.0,248.2,28.9,-3.21,5,Summer,9,2,6,24,49,57.78,64.12,106.66,46.26,185.53,163.41,21.23,0,Rural Agro Storage,Sangrur Agricultural Belt Thermal Anomaly Event #360,State Disaster Management & SPCB Field Report,https://ndma.gov.in/incident-log/inc-0360,CONFIRMED_PIXEL,1,MATCH_RADIUS_500M,EXACT_TIME_COINCIDENCE,VERIFIED,6,0,TIER_1_CERTIFIED,GROUND_TRUTH_VERIFIED,NDMA_SATELLITE_CELL,COMPUTED_LEAKAGE_FREE,1,0,3.61,2.49,6.303
INC-0361,24.52,326.04,305.11,0.43,0.52,VIIRS_SNPP,VIIRS,D,85.7,29.67843,76.91446,Cropland / Agriculture,274.1,34.02,14.09,19.22,48.01,84.67,27.3,0.312,31.2,0.374,16.1,37.2,34.3,0.0,0.0,19.3,310.7,39.8,-0.91,1,Winter,11,2,12,18,47,95.7,44.42,87.11,91.66,78.92,46.96,19.22,0,Rural Agro Storage,Karnal Rice Basin Thermal Anomaly Event #361,State Disaster Management & SPCB Field Report,https://ndma.gov.in/incident-log/inc-0361,CONFIRMED_PIXEL,1,MATCH_RADIUS_500M,EXACT_TIME_COINCIDENCE,VERIFIED,4,0,TIER_1_CERTIFIED,GROUND_TRUTH_VERIFIED,NDMA_SATELLITE_CELL,COMPUTED_LEAKAGE_FREE,1,0,3.92,2.17,7.974
INC-0362,47.67,347.24,295.28,0.41,0.43,VIIRS_NOAA21,VIIRS,D,99.6,30.26925,75.78298,Cropland / Agriculture,222.7,43.37,17.36,15.03,89.32,85.39,168.2,0.481,48.1,0.577,15.6,37.1,49.3,0.0,0.0,37.2,153.7,20.7,-0.95,12,Winter,12,1,4,28,48,58.64,50.18,76.5,35.11,111.53,111.55,15.03,0,Rural Agro Storage,Sangrur Agricultural Belt Thermal Anomaly Event #362,State Disaster Management & SPCB Field Report,https://ndma.gov.in/incident-log/inc-0362,CONFIRMED_PIXEL,1,MATCH_RADIUS_500M,EXACT_TIME_COINCIDENCE,VERIFIED,6,0,TIER_1_CERTIFIED,GROUND_TRUTH_VERIFIED,NDMA_SATELLITE_CELL,COMPUTED_LEAKAGE_FREE,1,0,0.21,2.65,10.996
INC-0363,36.13,341.2,299.04,1.59,1.31,MODIS_TERRA,MODIS,N,67.0,29.69626,76.99184,Cropland / Agriculture,250.2,34.51,5.15,9.43,101.41,69.96,101.4,0.374,37.4,0.449,18.0,31.2,32.2,0.0,0.0,14.7,257.3,44.0,1.43,7,Monsoon,23,4,11,24,37,94.87,48.07,79.79,80.46,115.55,82.79,9.43,0,Rural Agro Storage,Karnal Rice Basin Thermal Anomaly Event #363,State Disaster Management & SPCB Field Report,https://ndma.gov.in/incident-log/inc-0363,CONFIRMED_PIXEL,1,MATCH_RADIUS_500M,EXACT_TIME_COINCIDENCE,VERIFIED,4,0,TIER_1_CERTIFIED,GROUND_TRUTH_VERIFIED,NDMA_SATELLITE_CELL,COMPUTED_LEAKAGE_FREE,1,0,0.21,3.16,8.523
INC-0364,26.5,352.36,296.39,0.52,0.38,VIIRS_SNPP,VIIRS,N,77.7,30.34608,75.82765,Cropland / Agriculture,230.2,31.74,7.68,8.48,84.22,64.71,164.6,0.308,30.8,0.369,18.2,27.4,69.7,0.0,7.5,20.7,70.6,44.8,1.43,5,Summer,0,1,13,29,53,88.39,24.34,111.47,100.76,141.71,187.82,8.48,0,Rural Agro Storage,Sangrur Agricultural Belt Thermal Anomaly Event #364,State Disaster Management & SPCB Field Report,https://ndma.gov.in/incident-log/inc-0364,CONFIRMED_PIXEL,1,MATCH_RADIUS_500M,EXACT_TIME_COINCIDENCE,VERIFIED,6,0,TIER_1_CERTIFIED,GROUND_TRUTH_VERIFIED,NDMA_SATELLITE_CELL,COMPUTED_LEAKAGE_FREE,1,0,4.03,2.19,4.661
INC-0365,38.31,329.08,307.81,1.65,1.78,MODIS_TERRA,MODIS,N,86.7,29.66823,76.97605,Cropland / Agriculture,271.9,35.24,16.62,33.46,58.58,32.92,231.6,0.364,36.4,0.437,17.5,29.2,56.8,0.0,0.0,8.0,216.1,21.4,1.47,7,Monsoon,14,2,13,36,50,76.18,43.95,90.01,30.03,169.66,34.67,33.46,0,Rural Agro Storage,Karnal Rice Basin Thermal Anomaly Event #365,State Disaster Management & SPCB Field Report,https://ndma.gov.in/incident-log/inc-0365,CONFIRMED_PIXEL,1,MATCH_RADIUS_500M,EXACT_TIME_COINCIDENCE,VERIFIED,7,0,TIER_1_CERTIFIED,GROUND_TRUTH_VERIFIED,NDMA_SATELLITE_CELL,COMPUTED_LEAKAGE_FREE,1,0,1.66,1.42,3.135
INC-0366,36.13,318.78,309.2,0.36,0.36,VIIRS_NOAA20,VIIRS,D,86.9,29.61175,76.9622,Cropland / Agriculture,269.5,36.78,15.42,12.67,88.3,61.78,104.8,0.317,31.7,0.381,8.3,37.5,76.3,0.0,0.0,7.5,255.5,19.5,-3.03,9,Monsoon,10,2,15,22,35,138.42,64.86,86.06,43.0,177.62,182.49,12.67,0,Rural Agro Storage,Karnal Rice Basin Thermal Anomaly Event #366,State Disaster Management & SPCB Field Report,https://ndma.gov.in/incident-log/inc-0366,CONFIRMED_PIXEL,1,MATCH_RADIUS_500M,EXACT_TIME_COINCIDENCE,VERIFIED,4,0,TIER_1_CERTIFIED,GROUND_TRUTH_VERIFIED,NDMA_SATELLITE_CELL,COMPUTED_LEAKAGE_FREE,1,0,0.38,1.92,11.434
INC-0367,23.34,360.25,298.58,0.42,0.53,VIIRS_SNPP,VIIRS,N,96.5,30.18922,75.84603,Cropland / Agriculture,248.5,35.82,16.56,14.67,97.27,78.73,167.2,0.515,51.5,0.618,24.5,37.2,78.5,0.0,10.72,13.3,224.6,32.8,-1.73,12,Winter,3,3,12,26,43,82.27,30.06,47.36,47.85,136.31,153.54,14.67,0,Rural Agro Storage,Sangrur Agricultural Belt Thermal Anomaly Event #367,State Disaster Management & SPCB Field Report,https://ndma.gov.in/incident-log/inc-0367,CONFIRMED_PIXEL,1,MATCH_RADIUS_500M,EXACT_TIME_COINCIDENCE,VERIFIED,6,0,TIER_1_CERTIFIED,GROUND_TRUTH_VERIFIED,NDMA_SATELLITE_CELL,COMPUTED_LEAKAGE_FREE,1,0,0.78,1.73,9.002
INC-0368,49.51,371.89,301.37,0.44,0.41,VIIRS_NOAA20,VIIRS,D,70.2,30.20179,75.90669,Cropland / Agriculture,243.9,21.99,14.63,29.8,55.32,80.81,287.3,0.406,40.6,0.487,8.9,23.5,31.5,0.0,0.0,13.6,68.5,6.1,1.71,8,Monsoon,9,4,12,27,50,55.21,20.38,52.67,48.85,196.8,116.44,29.8,0,Rural Agro Storage,Sangrur Agricultural Belt Thermal Anomaly Event #368,State Disaster Management & SPCB Field Report,https://ndma.gov.in/incident-log/inc-0368,CONFIRMED_PIXEL,1,MATCH_RADIUS_500M,EXACT_TIME_COINCIDENCE,VERIFIED,3,0,TIER_1_CERTIFIED,GROUND_TRUTH_VERIFIED,NDMA_SATELLITE_CELL,COMPUTED_LEAKAGE_FREE,1,0,1.13,2.15,6.123
INC-0369,51.08,357.72,298.25,0.38,0.5,VIIRS_NOAA21,VIIRS,D,67.9,30.20759,75.8488,Cropland / Agriculture,243.4,31.22,11.56,9.64,62.25,89.97,89.4,0.343,34.3,0.411,25.8,34.3,62.3,0.0,2.8,27.5,12.4,13.1,-2.3,8,Monsoon,1,8,8,16,42,58.96,50.38,107.95,107.5,95.1,150.99,9.64,0,Rural Agro Storage,Sangrur Agricultural Belt Thermal Anomaly Event #369,State Disaster Management & SPCB Field Report,https://ndma.gov.in/incident-log/inc-0369,CONFIRMED_PIXEL,1,MATCH_RADIUS_500M,EXACT_TIME_COINCIDENCE,VERIFIED,7,0,TIER_1_CERTIFIED,GROUND_TRUTH_VERIFIED,NDMA_SATELLITE_CELL,COMPUTED_LEAKAGE_FREE,1,0,0.4,1.63,6.0
INC-0370,40.89,340.29,303.96,0.55,0.52,VIIRS_SNPP,VIIRS,D,88.0,29.66742,76.998,Cropland / Agriculture,246.2,43.15,6.28,32.46,44.28,48.5,233.4,0.479,47.9,0.575,21.0,28.3,62.8,0.0,14.26,14.6,22.7,8.0,-2.12,3,Summer,19,6,10,16,47,75.93,57.58,50.5,133.18,182.35,22.96,32.46,0,Rural Agro Storage,Karnal Rice Basin Thermal Anomaly Event #370,State Disaster Management & SPCB Field Report,https://ndma.gov.in/incident-log/inc-0370,CONFIRMED_PIXEL,1,MATCH_RADIUS_500M,EXACT_TIME_COINCIDENCE,VERIFIED,4,0,TIER_1_CERTIFIED,GROUND_TRUTH_VERIFIED,NDMA_SATELLITE_CELL,COMPUTED_LEAKAGE_FREE,1,0,4.17,0.77,5.93
INC-0371,63.48,366.73,295.23,0.46,0.47,VIIRS_NOAA20,VIIRS,N,88.3,30.2543,75.83569,Cropland / Agriculture,225.0,44.29,9.27,26.78,97.01,84.7,248.4,0.406,40.6,0.487,19.1,34.0,47.2,0.0,0.0,16.5,309.3,17.4,-0.58,8,Monsoon,6,2,13,15,47,129.66,36.9,91.48,147.82,109.06,181.42,26.78,0,Rural Agro Storage,Sangrur Agricultural Belt Thermal Anomaly Event #371,State Disaster Management & SPCB Field Report,https://ndma.gov.in/incident-log/inc-0371,CONFIRMED_PIXEL,1,MATCH_RADIUS_500M,EXACT_TIME_COINCIDENCE,VERIFIED,5,0,TIER_1_CERTIFIED,GROUND_TRUTH_VERIFIED,NDMA_SATELLITE_CELL,COMPUTED_LEAKAGE_FREE,1,0,3.87,2.47,2.911
INC-0372,38.22,369.08,304.54,2.13,1.93,MODIS_TERRA,MODIS,D,86.2,29.66834,76.94306,Cropland / Agriculture,272.5,28.78,15.74,14.35,110.27,61.88,118.0,0.379,37.9,0.455,23.6,27.2,74.1,0.0,0.0,14.5,278.5,40.1,-0.07,7,Monsoon,7,2,13,23,38,104.31,25.4,64.76,125.89,114.01,81.27,14.35,0,Rural Agro Storage,Karnal Rice Basin Thermal Anomaly Event #372,State Disaster Management & SPCB Field Report,https://ndma.gov.in/incident-log/inc-0372,CONFIRMED_PIXEL,1,MATCH_RADIUS_500M,EXACT_TIME_COINCIDENCE,VERIFIED,7,0,TIER_1_CERTIFIED,GROUND_TRUTH_VERIFIED,NDMA_SATELLITE_CELL,COMPUTED_LEAKAGE_FREE,1,0,1.13,2.6,4.65
INC-0373,27.0,341.41,304.23,1.8,2.1,MODIS_TERRA,MODIS,N,80.3,29.69527,77.01973,Cropland / Agriculture,268.5,12.46,19.12,23.49,80.63,80.36,157.9,0.307,30.7,0.369,19.9,27.0,32.7,0.0,0.0,12.7,151.4,38.4,0.74,12,Winter,13,3,16,21,42,127.92,51.34,114.18,10.82,59.71,125.04,23.49,0,Rural Agro Storage,Karnal Rice Basin Thermal Anomaly Event #373,State Disaster Management & SPCB Field Report,https://ndma.gov.in/incident-log/inc-0373,CONFIRMED_PIXEL,1,MATCH_RADIUS_500M,EXACT_TIME_COINCIDENCE,VERIFIED,5,0,TIER_1_CERTIFIED,GROUND_TRUTH_VERIFIED,NDMA_SATELLITE_CELL,COMPUTED_LEAKAGE_FREE,1,0,3.81,0.97,7.862
INC-0374,29.02,327.92,303.06,0.34,0.46,VIIRS_SNPP,VIIRS,D,71.3,30.2938,75.86979,Cropland / Agriculture,229.9,39.16,8.5,14.82,62.31,86.95,135.2,0.311,31.1,0.373,27.7,29.9,71.7,0.0,0.0,5.1,198.4,43.8,1.9,2,Winter,18,4,10,29,47,82.33,20.22,102.53,91.91,154.89,52.72,14.82,0,Rural Agro Storage,Sangrur Agricultural Belt Thermal Anomaly Event #374,State Disaster Management & SPCB Field Report,https://ndma.gov.in/incident-log/inc-0374,CONFIRMED_PIXEL,1,MATCH_RADIUS_500M,EXACT_TIME_COINCIDENCE,VERIFIED,5,0,TIER_1_CERTIFIED,GROUND_TRUTH_VERIFIED,NDMA_SATELLITE_CELL,COMPUTED_LEAKAGE_FREE,1,0,4.24,2.66,0.939
INC-0375,57.83,321.86,304.02,1.52,1.14,MODIS_TERRA,MODIS,N,79.6,29.65428,76.97924,Cropland / Agriculture,253.9,24.04,6.24,20.2,115.24,76.9,24.6,0.36,36.0,0.432,10.5,22.9,35.8,0.0,0.0,32.8,112.5,28.1,0.52,4,Summer,18,3,10,26,32,61.89,70.97,115.0,143.14,91.54,158.45,20.2,0,Rural Agro Storage,Karnal Rice Basin Thermal Anomaly Event #375,State Disaster Management & SPCB Field Report,https://ndma.gov.in/incident-log/inc-0375,CONFIRMED_PIXEL,1,MATCH_RADIUS_500M,EXACT_TIME_COINCIDENCE,VERIFIED,7,0,TIER_1_CERTIFIED,GROUND_TRUTH_VERIFIED,NDMA_SATELLITE_CELL,COMPUTED_LEAKAGE_FREE,1,0,2.24,2.44,2.541
INC-0376,128.31,336.88,306.26,2.11,2.03,MODIS_TERRA,MODIS,D,98.9,23.65576,86.40099,Mining / Bare Soil,219.2,7.28,8.4,1.13,191.45,38.37,75.5,0.135,13.5,0.162,10.1,28.8,59.4,0.0,0.0,11.0,278.8,37.0,-2.32,2,Winter,23,2,7,16,38,293.43,4.28,11.37,83.84,0.86,82.13,1.13,1,Coal Mine / Smelter,Jharia Dhanbad Coal Belt Thermal Anomaly Event #376,State Disaster Management & SPCB Field Report,https://ndma.gov.in/incident-log/inc-0376,CONFIRMED_PIXEL,1,MATCH_RADIUS_500M,EXACT_TIME_COINCIDENCE,VERIFIED,5,0,TIER_1_CERTIFIED,GROUND_TRUTH_VERIFIED,NDMA_SATELLITE_CELL,COMPUTED_LEAKAGE_FREE,1,0,2.85,2.01,1.774
INC-0377,79.67,373.64,329.67,0.48,0.47,VIIRS_NOAA20,VIIRS,D,71.5,23.67882,86.16152,Mining / Bare Soil,203.7,12.55,9.19,0.35,166.97,59.78,17.0,0.219,21.9,0.263,13.3,23.5,70.9,0.0,8.68,19.4,324.0,32.8,1.73,6,Monsoon,11,2,5,11,31,85.5,21.25,27.91,49.5,0.47,175.79,0.35,1,Coal Mine / Smelter,Bokaro Steel City Thermal Anomaly Event #377,State Disaster Management & SPCB Field Report,https://ndma.gov.in/incident-log/inc-0377,CONFIRMED_PIXEL,1,MATCH_RADIUS_500M,EXACT_TIME_COINCIDENCE,VERIFIED,3,0,TIER_1_CERTIFIED,GROUND_TRUTH_VERIFIED,NDMA_SATELLITE_CELL,COMPUTED_LEAKAGE_FREE,1,0,0.23,1.69,5.659
INC-0378,183.75,341.99,321.16,1.12,1.16,MODIS_TERRA,MODIS,D,69.9,24.25181,82.67778,Mining / Bare Soil,358.6,11.79,3.3,3.98,150.95,69.6,59.9,0.108,10.8,0.129,5.8,22.8,18.2,0.0,0.0,17.8,238.2,43.1,-2.14,10,Post-Monsoon,19,1,3,13,36,120.33,16.99,27.45,47.43,0.98,121.0,3.98,1,Coal Mine / Smelter,Singrauli Coal & Power Thermal Anomaly Event #378,State Disaster Management & SPCB Field Report,https://ndma.gov.in/incident-log/inc-0378,CONFIRMED_PIXEL,1,MATCH_RADIUS_500M,EXACT_TIME_COINCIDENCE,VERIFIED,4,0,TIER_1_CERTIFIED,GROUND_TRUTH_VERIFIED,NDMA_SATELLITE_CELL,COMPUTED_LEAKAGE_FREE,1,0,1.4,2.9,5.302
INC-0379,54.9,326.37,316.83,0.34,0.38,VIIRS_SNPP,VIIRS,D,72.2,24.21095,82.65432,Mining / Bare Soil,384.2,11.75,9.72,2.76,144.46,61.7,134.0,0.14,14.0,0.169,16.4,36.2,42.4,0.0,0.0,25.5,143.3,9.8,-1.88,10,Post-Monsoon,12,1,6,10,44,302.51,6.39,10.62,54.97,0.44,144.83,2.76,1,Coal Mine / Smelter,Singrauli Coal & Power Thermal Anomaly Event #379,State Disaster Management & SPCB Field Report,https://ndma.gov.in/incident-log/inc-0379,CONFIRMED_PIXEL,1,MATCH_RADIUS_500M,EXACT_TIME_COINCIDENCE,VERIFIED,7,0,TIER_1_CERTIFIED,GROUND_TRUTH_VERIFIED,NDMA_SATELLITE_CELL,COMPUTED_LEAKAGE_FREE,1,0,0.45,1.24,10.975
INC-0380,107.21,377.85,324.09,1.44,1.15,MODIS_TERRA,MODIS,N,79.2,23.65821,86.13864,Mining / Bare Soil,206.0,6.23,4.68,2.31,223.96,69.01,191.1,0.203,20.3,0.244,5.1,33.6,83.3,0.0,0.0,26.9,26.6,37.6,0.06,7,Monsoon,7,0,8,10,34,95.65,22.09,3.58,100.78,0.78,119.76,2.31,1,Coal Mine / Smelter,Bokaro Steel City Thermal Anomaly Event #380,State Disaster Management & SPCB Field Report,https://ndma.gov.in/incident-log/inc-0380,CONFIRMED_PIXEL,1,MATCH_RADIUS_500M,EXACT_TIME_COINCIDENCE,VERIFIED,4,0,TIER_1_CERTIFIED,GROUND_TRUTH_VERIFIED,NDMA_SATELLITE_CELL,COMPUTED_LEAKAGE_FREE,1,0,2.17,2.15,11.477
INC-0381,178.59,382.29,304.95,1.02,1.87,MODIS_TERRA,MODIS,D,78.3,23.79879,86.41237,Mining / Bare Soil,243.3,15.52,11.82,2.83,119.43,33.26,154.0,0.116,11.6,0.139,9.7,29.5,82.2,0.0,16.47,29.6,83.5,44.4,-0.74,12,Winter,12,5,5,17,38,259.1,24.54,19.1,115.73,1.59,191.71,2.83,0,Coal Mine / Smelter,Jharia Dhanbad Coal Belt Thermal Anomaly Event #381,State Disaster Management & SPCB Field Report,https://ndma.gov.in/incident-log/inc-0381,CONFIRMED_PIXEL,1,MATCH_RADIUS_500M,EXACT_TIME_COINCIDENCE,VERIFIED,4,0,TIER_1_CERTIFIED,GROUND_TRUTH_VERIFIED,NDMA_SATELLITE_CELL,COMPUTED_LEAKAGE_FREE,1,0,1.04,2.78,7.19
INC-0382,206.78,357.74,298.38,0.38,0.36,VIIRS_NOAA21,VIIRS,D,85.6,23.72056,86.33206,Mining / Bare Soil,237.3,9.53,10.9,2.33,101.36,63.27,69.5,0.219,21.9,0.262,12.2,37.7,80.8,0.0,1.48,29.7,248.0,10.3,-0.74,11,Post-Monsoon,15,1,7,9,42,216.57,4.89,17.64,104.47,1.64,123.7,2.33,0,Coal Mine / Smelter,Jharia Dhanbad Coal Belt Thermal Anomaly Event #382,State Disaster Management & SPCB Field Report,https://ndma.gov.in/incident-log/inc-0382,CONFIRMED_PIXEL,1,MATCH_RADIUS_500M,EXACT_TIME_COINCIDENCE,VERIFIED,3,0,TIER_1_CERTIFIED,GROUND_TRUTH_VERIFIED,NDMA_SATELLITE_CELL,COMPUTED_LEAKAGE_FREE,1,0,3.54,2.99,4.42
INC-0383,189.73,325.33,302.7,0.46,0.53,VIIRS_NOAA20,VIIRS,D,96.8,22.36292,82.79115,Mining / Bare Soil,276.3,4.85,11.03,2.66,140.36,67.96,263.8,0.078,7.8,0.093,13.7,43.8,65.0,0.0,0.0,15.4,123.8,35.4,-0.29,9,Monsoon,1,1,3,19,42,201.74,14.41,0.88,104.1,0.69,51.93,2.66,1,Coal Mine / Smelter,Korba Super Thermal Power Thermal Anomaly Event #383,State Disaster Management & SPCB Field Report,https://ndma.gov.in/incident-log/inc-0383,CONFIRMED_PIXEL,1,MATCH_RADIUS_500M,EXACT_TIME_COINCIDENCE,VERIFIED,3,0,TIER_1_CERTIFIED,GROUND_TRUTH_VERIFIED,NDMA_SATELLITE_CELL,COMPUTED_LEAKAGE_FREE,1,0,4.31,2.15,4.942
INC-0384,104.75,422.83,309.39,0.51,0.34,VIIRS_NOAA20,VIIRS,N,72.8,22.40062,82.74217,Mining / Bare Soil,281.0,7.37,9.49,3.81,175.66,59.04,12.5,0.208,20.8,0.249,13.5,23.5,42.7,0.0,17.7,16.7,68.2,5.6,-3.11,7,Monsoon,15,0,5,12,39,107.78,12.38,26.69,67.87,0.47,29.53,3.81,1,Coal Mine / Smelter,Korba Super Thermal Power Thermal Anomaly Event #384,State Disaster Management & SPCB Field Report,https://ndma.gov.in/incident-log/inc-0384,CONFIRMED_PIXEL,1,MATCH_RADIUS_500M,EXACT_TIME_COINCIDENCE,VERIFIED,3,0,TIER_1_CERTIFIED,GROUND_TRUTH_VERIFIED,NDMA_SATELLITE_CELL,COMPUTED_LEAKAGE_FREE,1,0,4.22,2.52,7.837
INC-0385,208.66,402.36,290.75,0.34,0.34,VIIRS_NOAA20,VIIRS,D,88.1,22.3674,82.7247,Mining / Bare Soil,282.5,11.83,8.74,2.93,157.2,29.52,90.2,0.234,23.4,0.281,16.4,39.9,68.4,0.0,0.0,29.0,97.8,44.7,-2.49,2,Winter,11,1,3,15,37,334.39,17.72,7.72,53.4,0.61,172.11,2.93,1,Coal Mine / Smelter,Korba Super Thermal Power Thermal Anomaly Event #385,State Disaster Management & SPCB Field Report,https://ndma.gov.in/incident-log/inc-0385,CONFIRMED_PIXEL,1,MATCH_RADIUS_500M,EXACT_TIME_COINCIDENCE,VERIFIED,4,0,TIER_1_CERTIFIED,GROUND_TRUTH_VERIFIED,NDMA_SATELLITE_CELL,COMPUTED_LEAKAGE_FREE,1,0,3.16,3.03,3.805
INC-0386,118.88,422.27,305.16,0.4,0.46,VIIRS_NOAA20,VIIRS,N,96.7,22.31197,82.74398,Mining / Bare Soil,281.7,9.73,8.08,2.12,243.09,59.99,167.7,0.07,7.0,0.085,16.6,40.1,39.0,0.0,0.0,30.3,173.2,36.6,-3.1,2,Winter,23,1,5,18,43,147.86,22.83,9.39,48.5,0.7,128.33,2.12,1,Coal Mine / Smelter,Korba Super Thermal Power Thermal Anomaly Event #386,State Disaster Management & SPCB Field Report,https://ndma.gov.in/incident-log/inc-0386,CONFIRMED_PIXEL,1,MATCH_RADIUS_500M,EXACT_TIME_COINCIDENCE,VERIFIED,3,0,TIER_1_CERTIFIED,GROUND_TRUTH_VERIFIED,NDMA_SATELLITE_CELL,COMPUTED_LEAKAGE_FREE,1,0,3.73,0.28,2.365
INC-0387,47.98,424.1,305.35,0.37,0.38,VIIRS_NOAA21,VIIRS,D,68.0,24.21565,82.68583,Mining / Bare Soil,369.3,10.39,3.84,3.42,211.83,40.74,288.2,0.219,21.9,0.263,7.0,30.5,68.5,0.0,6.18,11.4,200.8,23.7,-0.33,4,Summer,19,0,3,17,44,238.92,7.19,20.94,56.01,0.59,68.64,3.42,1,Coal Mine / Smelter,Singrauli Coal & Power Thermal Anomaly Event #387,State Disaster Management & SPCB Field Report,https://ndma.gov.in/incident-log/inc-0387,CONFIRMED_PIXEL,1,MATCH_RADIUS_500M,EXACT_TIME_COINCIDENCE,VERIFIED,4,0,TIER_1_CERTIFIED,GROUND_TRUTH_VERIFIED,NDMA_SATELLITE_CELL,COMPUTED_LEAKAGE_FREE,1,0,2.73,1.88,7.641
INC-0388,49.58,351.57,291.9,0.37,0.32,VIIRS_SNPP,VIIRS,D,100.0,23.75826,86.1369,Industrial / Built-up,205.7,5.89,1.71,1.13,177.55,18.97,162.9,0.235,23.5,0.282,8.6,37.1,21.9,0.0,0.0,6.2,48.6,31.5,-0.63,4,Summer,20,0,7,20,46,197.92,22.91,23.91,95.72,0.58,86.94,1.13,1,Coal Mine / Smelter,Bokaro Steel City Thermal Anomaly Event #388,State Disaster Management & SPCB Field Report,https://ndma.gov.in/incident-log/inc-0388,CONFIRMED_PIXEL,1,MATCH_RADIUS_500M,EXACT_TIME_COINCIDENCE,VERIFIED,7,0,TIER_1_CERTIFIED,GROUND_TRUTH_VERIFIED,NDMA_SATELLITE_CELL,COMPUTED_LEAKAGE_FREE,1,0,1.96,2.58,3.389
INC-0389,120.14,408.73,327.46,1.51,1.7,MODIS_TERRA,MODIS,N,72.6,23.72336,86.12987,Mining / Bare Soil,219.7,7.42,9.83,1.01,195.07,76.64,211.5,0.085,8.5,0.102,17.6,43.4,36.2,0.0,0.0,27.3,245.2,14.0,-0.56,5,Summer,14,1,2,9,42,83.71,11.57,19.71,36.27,1.28,174.29,1.01,0,Coal Mine / Smelter,Bokaro Steel City Thermal Anomaly Event #389,State Disaster Management & SPCB Field Report,https://ndma.gov.in/incident-log/inc-0389,CONFIRMED_PIXEL,1,MATCH_RADIUS_500M,EXACT_TIME_COINCIDENCE,VERIFIED,3,0,TIER_1_CERTIFIED,GROUND_TRUTH_VERIFIED,NDMA_SATELLITE_CELL,COMPUTED_LEAKAGE_FREE,1,0,2.84,1.07,5.493
INC-0390,199.74,385.33,295.58,0.33,0.42,VIIRS_NOAA20,VIIRS,N,91.6,23.7729,86.10581,Industrial / Built-up,230.2,17.83,9.12,0.39,187.79,41.79,177.4,0.108,10.8,0.13,8.3,39.8,30.8,0.0,0.0,28.6,31.2,5.9,-0.23,11,Post-Monsoon,7,0,1,12,36,162.95,4.7,25.33,93.53,0.16,29.29,0.39,1,Coal Mine / Smelter,Bokaro Steel City Thermal Anomaly Event #390,State Disaster Management & SPCB Field Report,https://ndma.gov.in/incident-log/inc-0390,CONFIRMED_PIXEL,1,MATCH_RADIUS_500M,EXACT_TIME_COINCIDENCE,VERIFIED,4,0,TIER_1_CERTIFIED,GROUND_TRUTH_VERIFIED,NDMA_SATELLITE_CELL,COMPUTED_LEAKAGE_FREE,1,0,2.66,2.27,9.721
INC-0391,207.07,420.09,329.23,0.49,0.5,VIIRS_SNPP,VIIRS,N,70.1,22.35836,82.66165,Mining / Bare Soil,283.7,14.01,10.44,2.78,92.62,77.0,32.2,0.138,13.8,0.165,5.3,42.9,81.0,0.0,1.43,30.8,2.2,10.1,-0.54,12,Winter,10,3,2,13,38,201.72,4.12,4.01,25.59,1.18,152.34,2.78,0,Coal Mine / Smelter,Korba Super Thermal Power Thermal Anomaly Event #391,State Disaster Management & SPCB Field Report,https://ndma.gov.in/incident-log/inc-0391,CONFIRMED_PIXEL,1,MATCH_RADIUS_500M,EXACT_TIME_COINCIDENCE,VERIFIED,4,0,TIER_1_CERTIFIED,GROUND_TRUTH_VERIFIED,NDMA_SATELLITE_CELL,COMPUTED_LEAKAGE_FREE,1,0,2.87,2.07,6.064
INC-0392,46.96,398.53,321.62,2.14,1.98,MODIS_TERRA,MODIS,N,84.3,23.58902,86.15998,Mining / Bare Soil,205.3,3.45,5.2,0.39,140.3,73.92,36.1,0.052,5.2,0.062,12.6,38.5,65.9,0.0,0.0,13.8,46.4,35.1,-3.25,7,Monsoon,9,3,2,12,37,80.61,7.4,24.16,38.66,0.07,40.09,0.39,1,Coal Mine / Smelter,Bokaro Steel City Thermal Anomaly Event #392,State Disaster Management & SPCB Field Report,https://ndma.gov.in/incident-log/inc-0392,CONFIRMED_PIXEL,1,MATCH_RADIUS_500M,EXACT_TIME_COINCIDENCE,VERIFIED,5,0,TIER_1_CERTIFIED,GROUND_TRUTH_VERIFIED,NDMA_SATELLITE_CELL,COMPUTED_LEAKAGE_FREE,1,0,2.79,1.98,9.056
INC-0393,88.81,339.18,304.17,0.54,0.32,VIIRS_NOAA21,VIIRS,N,86.9,23.79257,86.43507,Mining / Bare Soil,235.8,17.44,8.83,2.22,243.46,73.7,124.9,0.097,9.7,0.116,13.3,44.0,74.2,0.0,9.15,35.9,76.3,15.2,-2.68,4,Summer,22,3,2,15,42,218.24,22.74,12.61,29.46,0.45,24.87,2.22,1,Coal Mine / Smelter,Jharia Dhanbad Coal Belt Thermal Anomaly Event #393,State Disaster Management & SPCB Field Report,https://ndma.gov.in/incident-log/inc-0393,CONFIRMED_PIXEL,1,MATCH_RADIUS_500M,EXACT_TIME_COINCIDENCE,VERIFIED,4,0,TIER_1_CERTIFIED,GROUND_TRUTH_VERIFIED,NDMA_SATELLITE_CELL,COMPUTED_LEAKAGE_FREE,1,0,4.01,2.16,11.98
INC-0394,74.82,368.76,328.82,0.4,0.53,VIIRS_SNPP,VIIRS,D,76.4,23.6707,86.14511,Mining / Bare Soil,219.7,16.64,6.36,2.66,95.53,25.14,288.4,0.222,22.2,0.267,14.0,28.8,46.9,0.0,0.0,12.4,341.4,32.5,1.73,1,Winter,13,1,1,8,40,314.75,3.63,23.4,149.58,1.07,31.46,2.66,0,Coal Mine / Smelter,Bokaro Steel City Thermal Anomaly Event #394,State Disaster Management & SPCB Field Report,https://ndma.gov.in/incident-log/inc-0394,CONFIRMED_PIXEL,1,MATCH_RADIUS_500M,EXACT_TIME_COINCIDENCE,VERIFIED,3,0,TIER_1_CERTIFIED,GROUND_TRUTH_VERIFIED,NDMA_SATELLITE_CELL,COMPUTED_LEAKAGE_FREE,1,0,0.18,1.19,0.243
INC-0395,171.25,346.13,311.83,0.52,0.43,VIIRS_SNPP,VIIRS,N,94.8,23.65638,86.18886,Mining / Bare Soil,223.2,4.56,9.67,1.34,84.31,51.29,225.3,0.122,12.2,0.146,8.6,41.4,66.8,0.0,0.0,27.2,11.6,10.3,-0.0,10,Post-Monsoon,3,1,4,16,40,190.78,23.09,26.5,66.94,0.9,12.77,1.34,1,Coal Mine / Smelter,Bokaro Steel City Thermal Anomaly Event #395,State Disaster Management & SPCB Field Report,https://ndma.gov.in/incident-log/inc-0395,CONFIRMED_PIXEL,1,MATCH_RADIUS_500M,EXACT_TIME_COINCIDENCE,VERIFIED,3,0,TIER_1_CERTIFIED,GROUND_TRUTH_VERIFIED,NDMA_SATELLITE_CELL,COMPUTED_LEAKAGE_FREE,1,0,0.18,1.2,8.749
INC-0396,145.0,426.31,314.83,2.06,1.13,MODIS_TERRA,MODIS,N,68.4,24.20708,82.65812,Mining / Bare Soil,379.1,7.09,4.2,0.28,97.32,44.19,55.4,0.237,23.7,0.285,12.7,22.1,73.7,0.0,0.0,27.5,239.8,19.6,-3.17,7,Monsoon,11,0,8,21,50,133.45,3.1,21.76,116.12,1.62,14.69,0.28,0,Coal Mine / Smelter,Singrauli Coal & Power Thermal Anomaly Event #396,State Disaster Management & SPCB Field Report,https://ndma.gov.in/incident-log/inc-0396,CONFIRMED_PIXEL,1,MATCH_RADIUS_500M,EXACT_TIME_COINCIDENCE,VERIFIED,7,0,TIER_1_CERTIFIED,GROUND_TRUTH_VERIFIED,NDMA_SATELLITE_CELL,COMPUTED_LEAKAGE_FREE,1,0,0.54,3.11,1.774
INC-0397,126.14,346.84,318.94,0.55,0.46,VIIRS_NOAA21,VIIRS,N,81.5,24.17257,82.62515,Mining / Bare Soil,374.8,14.77,10.7,2.14,142.96,55.4,35.3,0.248,24.8,0.297,12.2,42.8,35.6,0.0,0.78,15.5,224.7,14.9,-1.85,12,Winter,23,1,8,11,30,276.89,9.55,15.54,128.56,1.07,95.19,2.14,0,Coal Mine / Smelter,Singrauli Coal & Power Thermal Anomaly Event #397,State Disaster Management & SPCB Field Report,https://ndma.gov.in/incident-log/inc-0397,CONFIRMED_PIXEL,1,MATCH_RADIUS_500M,EXACT_TIME_COINCIDENCE,VERIFIED,3,0,TIER_1_CERTIFIED,GROUND_TRUTH_VERIFIED,NDMA_SATELLITE_CELL,COMPUTED_LEAKAGE_FREE,1,0,0.41,3.14,11.403
INC-0398,65.85,408.12,298.34,1.88,1.13,MODIS_TERRA,MODIS,D,74.5,24.20243,82.63621,Mining / Bare Soil,372.0,11.83,2.53,3.6,161.37,57.66,244.0,0.157,15.7,0.188,13.8,25.4,68.8,0.0,0.0,8.0,299.2,32.0,-3.46,12,Winter,8,2,7,16,34,156.55,21.92,16.72,35.44,0.79,136.5,3.6,1,Coal Mine / Smelter,Singrauli Coal & Power Thermal Anomaly Event #398,State Disaster Management & SPCB Field Report,https://ndma.gov.in/incident-log/inc-0398,CONFIRMED_PIXEL,1,MATCH_RADIUS_500M,EXACT_TIME_COINCIDENCE,VERIFIED,4,0,TIER_1_CERTIFIED,GROUND_TRUTH_VERIFIED,NDMA_SATELLITE_CELL,COMPUTED_LEAKAGE_FREE,1,0,0.89,2.01,2.264
INC-0399,54.42,426.06,304.37,0.37,0.54,VIIRS_NOAA21,VIIRS,N,87.8,22.37808,82.75977,Mining / Bare Soil,291.8,4.46,7.97,2.47,132.88,45.95,90.1,0.184,18.4,0.22,6.9,27.9,33.6,0.0,0.0,22.2,299.8,16.2,-0.08,9,Monsoon,15,2,7,18,44,248.2,15.0,11.73,66.8,1.6,57.76,2.47,0,Coal Mine / Smelter,Korba Super Thermal Power Thermal Anomaly Event #399,State Disaster Management & SPCB Field Report,https://ndma.gov.in/incident-log/inc-0399,CONFIRMED_PIXEL,1,MATCH_RADIUS_500M,EXACT_TIME_COINCIDENCE,VERIFIED,3,0,TIER_1_CERTIFIED,GROUND_TRUTH_VERIFIED,NDMA_SATELLITE_CELL,COMPUTED_LEAKAGE_FREE,1,0,4.49,2.64,4.133
INC-0400,95.43,404.29,290.83,1.03,1.35,MODIS_TERRA,MODIS,N,78.9,24.17392,82.6942,Industrial / Built-up,370.0,7.84,2.64,2.48,50.67,70.88,143.6,0.195,19.5,0.234,9.6,31.6,83.4,0.0,0.0,25.1,17.9,15.7,0.45,5,Summer,14,0,7,17,43,285.55,6.19,14.93,19.98,0.84,58.04,2.48,1,Coal Mine / Smelter,Singrauli Coal & Power Thermal Anomaly Event #400,State Disaster Management & SPCB Field Report,https://ndma.gov.in/incident-log/inc-0400,CONFIRMED_PIXEL,1,MATCH_RADIUS_500M,EXACT_TIME_COINCIDENCE,VERIFIED,3,0,TIER_1_CERTIFIED,GROUND_TRUTH_VERIFIED,NDMA_SATELLITE_CELL,COMPUTED_LEAKAGE_FREE,1,0,4.43,0.97,5.297
INC-0401,131.62,361.86,318.24,2.0,2.08,MODIS_TERRA,MODIS,N,83.9,23.82155,86.51597,Industrial / Built-up,238.2,5.19,11.21,1.11,105.27,50.35,38.5,0.151,15.1,0.181,10.7,31.3,33.3,0.0,0.0,35.0,190.3,39.8,-1.9,6,Monsoon,17,1,6,12,46,322.92,19.75,2.08,39.7,1.26,167.42,1.11,0,Coal Mine / Smelter,Jharia Dhanbad Coal Belt Thermal Anomaly Event #401,State Disaster Management & SPCB Field Report,https://ndma.gov.in/incident-log/inc-0401,CONFIRMED_PIXEL,1,MATCH_RADIUS_500M,EXACT_TIME_COINCIDENCE,VERIFIED,4,0,TIER_1_CERTIFIED,GROUND_TRUTH_VERIFIED,NDMA_SATELLITE_CELL,COMPUTED_LEAKAGE_FREE,1,0,2.69,2.01,3.067
INC-0402,54.8,335.89,290.12,0.48,0.5,VIIRS_NOAA20,VIIRS,D,92.4,23.63728,86.10577,Mining / Bare Soil,217.1,4.36,3.81,0.24,87.71,36.63,128.0,0.169,16.9,0.203,18.0,28.8,42.3,0.0,0.0,37.1,249.5,21.3,-1.36,4,Summer,6,1,3,12,43,88.52,15.59,17.41,9.23,0.22,125.68,0.24,1,Coal Mine / Smelter,Bokaro Steel City Thermal Anomaly Event #402,State Disaster Management & SPCB Field Report,https://ndma.gov.in/incident-log/inc-0402,CONFIRMED_PIXEL,1,MATCH_RADIUS_500M,EXACT_TIME_COINCIDENCE,VERIFIED,6,0,TIER_1_CERTIFIED,GROUND_TRUTH_VERIFIED,NDMA_SATELLITE_CELL,COMPUTED_LEAKAGE_FREE,1,0,0.36,1.72,0.549
INC-0403,190.78,339.64,322.6,0.4,0.5,VIIRS_SNPP,VIIRS,D,69.7,24.30037,82.7127,Mining / Bare Soil,383.3,3.79,8.34,2.52,148.28,75.22,22.4,0.144,14.4,0.173,6.6,42.3,60.0,0.0,0.0,26.3,252.1,39.5,-2.51,12,Winter,17,2,2,16,57,220.69,24.77,15.67,36.24,0.25,173.16,2.52,1,Coal Mine / Smelter,Singrauli Coal & Power Thermal Anomaly Event #403,State Disaster Management & SPCB Field Report,https://ndma.gov.in/incident-log/inc-0403,CONFIRMED_PIXEL,1,MATCH_RADIUS_500M,EXACT_TIME_COINCIDENCE,VERIFIED,6,0,TIER_1_CERTIFIED,GROUND_TRUTH_VERIFIED,NDMA_SATELLITE_CELL,COMPUTED_LEAKAGE_FREE,1,0,0.55,0.33,6.573
INC-0404,153.67,393.55,304.39,0.41,0.33,VIIRS_NOAA21,VIIRS,D,79.6,22.32356,82.7491,Industrial / Built-up,307.6,7.48,9.86,2.43,93.24,68.16,167.4,0.235,23.5,0.283,14.5,38.4,74.8,0.0,0.0,30.2,124.9,32.6,-3.5,1,Winter,7,1,4,14,45,94.79,17.78,13.62,28.51,1.33,113.06,2.43,0,Coal Mine / Smelter,Korba Super Thermal Power Thermal Anomaly Event #404,State Disaster Management & SPCB Field Report,https://ndma.gov.in/incident-log/inc-0404,CONFIRMED_PIXEL,1,MATCH_RADIUS_500M,EXACT_TIME_COINCIDENCE,VERIFIED,3,0,TIER_1_CERTIFIED,GROUND_TRUTH_VERIFIED,NDMA_SATELLITE_CELL,COMPUTED_LEAKAGE_FREE,1,0,3.13,2.04,2.074
INC-0405,202.95,369.3,324.42,2.09,1.68,MODIS_TERRA,MODIS,D,93.0,24.22647,82.64556,Industrial / Built-up,379.2,16.23,8.15,2.59,69.91,17.57,283.1,0.07,7.0,0.083,12.8,26.0,58.6,0.0,0.0,19.5,324.0,8.5,0.81,11,Post-Monsoon,22,1,8,12,45,269.39,3.81,4.51,105.04,0.38,9.25,2.59,1,Coal Mine / Smelter,Singrauli Coal & Power Thermal Anomaly Event #405,State Disaster Management & SPCB Field Report,https://ndma.gov.in/incident-log/inc-0405,CONFIRMED_PIXEL,1,MATCH_RADIUS_500M,EXACT_TIME_COINCIDENCE,VERIFIED,3,0,TIER_1_CERTIFIED,GROUND_TRUTH_VERIFIED,NDMA_SATELLITE_CELL,COMPUTED_LEAKAGE_FREE,1,0,0.24,1.41,7.865
INC-0406,202.61,353.54,323.51,0.36,0.53,VIIRS_SNPP,VIIRS,N,81.0,23.64431,86.17894,Mining / Bare Soil,216.1,9.78,9.93,1.33,60.33,48.82,116.6,0.168,16.8,0.202,13.5,32.3,79.4,0.0,0.0,13.7,331.4,22.1,-0.27,7,Monsoon,19,4,7,10,49,222.77,20.13,29.07,88.98,0.15,188.52,1.33,1,Coal Mine / Smelter,Bokaro Steel City Thermal Anomaly Event #406,State Disaster Management & SPCB Field Report,https://ndma.gov.in/incident-log/inc-0406,CONFIRMED_PIXEL,1,MATCH_RADIUS_500M,EXACT_TIME_COINCIDENCE,VERIFIED,5,0,TIER_1_CERTIFIED,GROUND_TRUTH_VERIFIED,NDMA_SATELLITE_CELL,COMPUTED_LEAKAGE_FREE,1,0,2.93,2.95,3.607
INC-0407,36.53,364.77,293.86,2.15,1.93,MODIS_TERRA,MODIS,N,91.9,23.74845,86.51538,Mining / Bare Soil,238.5,11.95,11.54,0.28,128.85,21.78,177.6,0.082,8.2,0.099,10.6,37.7,58.8,0.0,4.77,35.2,329.3,24.8,-2.76,11,Post-Monsoon,8,3,7,13,32,174.63,4.89,10.4,44.79,1.48,33.33,0.28,0,Coal Mine / Smelter,Jharia Dhanbad Coal Belt Thermal Anomaly Event #407,State Disaster Management & SPCB Field Report,https://ndma.gov.in/incident-log/inc-0407,CONFIRMED_PIXEL,1,MATCH_RADIUS_500M,EXACT_TIME_COINCIDENCE,VERIFIED,6,0,TIER_1_CERTIFIED,GROUND_TRUTH_VERIFIED,NDMA_SATELLITE_CELL,COMPUTED_LEAKAGE_FREE,1,0,0.92,1.42,5.311
INC-0408,49.35,361.83,303.72,0.4,0.33,VIIRS_NOAA21,VIIRS,D,95.3,23.65719,86.11615,Mining / Bare Soil,206.9,8.56,2.8,0.24,191.61,61.44,151.4,0.191,19.1,0.229,5.1,28.8,36.7,0.0,0.0,23.3,187.6,37.3,-3.48,4,Summer,14,1,6,5,42,192.8,4.03,11.65,41.44,1.08,186.81,0.24,0,Coal Mine / Smelter,Bokaro Steel City Thermal Anomaly Event #408,State Disaster Management & SPCB Field Report,https://ndma.gov.in/incident-log/inc-0408,CONFIRMED_PIXEL,1,MATCH_RADIUS_500M,EXACT_TIME_COINCIDENCE,VERIFIED,3,0,TIER_1_CERTIFIED,GROUND_TRUTH_VERIFIED,NDMA_SATELLITE_CELL,COMPUTED_LEAKAGE_FREE,1,0,3.82,2.29,10.852
INC-0409,171.83,370.74,298.01,0.4,0.36,VIIRS_SNPP,VIIRS,N,96.3,23.77505,86.38009,Industrial / Built-up,224.5,8.23,5.59,1.07,85.26,40.97,73.0,0.054,5.4,0.065,11.3,34.7,34.9,0.0,0.0,19.3,294.5,5.6,1.44,5,Summer,14,1,7,13,51,190.73,11.62,26.17,120.41,1.12,111.78,1.07,0,Coal Mine / Smelter,Jharia Dhanbad Coal Belt Thermal Anomaly Event #409,State Disaster Management & SPCB Field Report,https://ndma.gov.in/incident-log/inc-0409,CONFIRMED_PIXEL,1,MATCH_RADIUS_500M,EXACT_TIME_COINCIDENCE,VERIFIED,6,0,TIER_1_CERTIFIED,GROUND_TRUTH_VERIFIED,NDMA_SATELLITE_CELL,COMPUTED_LEAKAGE_FREE,1,0,1.0,2.56,3.271
INC-0410,127.43,360.26,330.98,0.51,0.49,VIIRS_NOAA20,VIIRS,D,94.9,23.63397,86.20646,Mining / Bare Soil,210.9,9.74,8.19,2.54,115.2,42.55,257.5,0.154,15.4,0.185,4.7,39.4,39.2,0.0,0.0,37.9,289.6,34.2,-1.01,4,Summer,3,1,6,16,51,165.93,24.99,17.74,28.09,0.21,152.19,2.54,1,Coal Mine / Smelter,Bokaro Steel City Thermal Anomaly Event #410,State Disaster Management & SPCB Field Report,https://ndma.gov.in/incident-log/inc-0410,CONFIRMED_PIXEL,1,MATCH_RADIUS_500M,EXACT_TIME_COINCIDENCE,VERIFIED,5,0,TIER_1_CERTIFIED,GROUND_TRUTH_VERIFIED,NDMA_SATELLITE_CELL,COMPUTED_LEAKAGE_FREE,1,0,2.29,0.45,1.393
INC-0411,62.71,413.93,302.66,0.47,0.39,VIIRS_NOAA21,VIIRS,N,85.7,24.18615,82.66507,Mining / Bare Soil,355.5,9.82,9.18,1.65,112.9,69.69,274.8,0.176,17.6,0.211,5.7,41.8,73.4,0.0,0.0,30.2,352.8,43.0,1.45,12,Winter,21,2,6,15,41,89.53,24.39,19.73,115.85,0.81,28.48,1.65,1,Coal Mine / Smelter,Singrauli Coal & Power Thermal Anomaly Event #411,State Disaster Management & SPCB Field Report,https://ndma.gov.in/incident-log/inc-0411,CONFIRMED_PIXEL,1,MATCH_RADIUS_500M,EXACT_TIME_COINCIDENCE,VERIFIED,6,0,TIER_1_CERTIFIED,GROUND_TRUTH_VERIFIED,NDMA_SATELLITE_CELL,COMPUTED_LEAKAGE_FREE,1,0,0.72,1.44,3.391
INC-0412,190.64,420.42,323.28,0.43,0.52,VIIRS_SNPP,VIIRS,N,71.8,23.74608,86.45433,Industrial / Built-up,210.4,9.01,2.88,3.95,109.94,53.05,6.7,0.143,14.3,0.172,12.5,31.7,29.7,0.0,0.0,10.5,237.9,14.7,1.66,1,Winter,20,0,6,18,35,290.44,23.09,22.86,27.02,1.23,16.98,3.95,0,Coal Mine / Smelter,Jharia Dhanbad Coal Belt Thermal Anomaly Event #412,State Disaster Management & SPCB Field Report,https://ndma.gov.in/incident-log/inc-0412,CONFIRMED_PIXEL,1,MATCH_RADIUS_500M,EXACT_TIME_COINCIDENCE,VERIFIED,3,0,TIER_1_CERTIFIED,GROUND_TRUTH_VERIFIED,NDMA_SATELLITE_CELL,COMPUTED_LEAKAGE_FREE,1,0,0.14,3.13,7.496
INC-0413,100.16,338.46,300.07,0.48,0.54,VIIRS_NOAA21,VIIRS,N,91.2,22.40674,82.70694,Mining / Bare Soil,302.9,12.84,11.66,0.26,197.66,47.88,37.5,0.217,21.7,0.26,8.0,34.9,31.5,0.0,0.0,23.2,252.9,29.5,-1.79,4,Summer,22,0,9,14,37,323.73,14.83,13.84,90.4,1.22,60.79,0.26,0,Coal Mine / Smelter,Korba Super Thermal Power Thermal Anomaly Event #413,State Disaster Management & SPCB Field Report,https://ndma.gov.in/incident-log/inc-0413,CONFIRMED_PIXEL,1,MATCH_RADIUS_500M,EXACT_TIME_COINCIDENCE,VERIFIED,6,0,TIER_1_CERTIFIED,GROUND_TRUTH_VERIFIED,NDMA_SATELLITE_CELL,COMPUTED_LEAKAGE_FREE,1,0,1.79,2.73,9.259
INC-0414,50.22,384.06,296.71,0.38,0.52,VIIRS_SNPP,VIIRS,N,77.6,22.38409,82.74038,Mining / Bare Soil,279.2,12.35,1.66,0.88,235.29,58.13,230.2,0.242,24.2,0.29,13.6,38.6,61.9,0.0,0.0,34.1,83.1,33.2,-1.33,3,Summer,8,4,3,16,46,162.5,2.09,17.91,23.9,0.44,69.54,0.88,1,Coal Mine / Smelter,Korba Super Thermal Power Thermal Anomaly Event #414,State Disaster Management & SPCB Field Report,https://ndma.gov.in/incident-log/inc-0414,CONFIRMED_PIXEL,1,MATCH_RADIUS_500M,EXACT_TIME_COINCIDENCE,VERIFIED,6,0,TIER_1_CERTIFIED,GROUND_TRUTH_VERIFIED,NDMA_SATELLITE_CELL,COMPUTED_LEAKAGE_FREE,1,0,4.47,2.37,4.716
INC-0415,140.04,362.47,303.28,2.06,1.86,MODIS_TERRA,MODIS,D,84.3,22.31914,82.74235,Mining / Bare Soil,284.8,5.69,7.66,0.94,190.11,55.63,141.5,0.088,8.8,0.106,5.4,43.9,46.5,0.0,0.0,36.7,314.2,26.0,-0.5,5,Summer,20,3,11,18,36,295.5,2.64,6.94,119.96,0.32,123.84,0.94,1,Coal Mine / Smelter,Korba Super Thermal Power Thermal Anomaly Event #415,State Disaster Management & SPCB Field Report,https://ndma.gov.in/incident-log/inc-0415,CONFIRMED_PIXEL,1,MATCH_RADIUS_500M,EXACT_TIME_COINCIDENCE,VERIFIED,6,0,TIER_1_CERTIFIED,GROUND_TRUTH_VERIFIED,NDMA_SATELLITE_CELL,COMPUTED_LEAKAGE_FREE,1,0,2.24,1.99,3.483
INC-0416,147.55,354.28,304.48,0.39,0.46,VIIRS_NOAA21,VIIRS,D,89.2,22.37376,82.75252,Mining / Bare Soil,292.7,13.18,6.47,2.17,164.32,64.97,74.4,0.116,11.6,0.139,9.7,40.2,84.9,0.0,0.0,21.1,256.0,36.0,-3.5,8,Monsoon,7,2,4,17,36,104.4,19.64,17.25,44.63,1.22,15.35,2.17,0,Coal Mine / Smelter,Korba Super Thermal Power Thermal Anomaly Event #416,State Disaster Management & SPCB Field Report,https://ndma.gov.in/incident-log/inc-0416,CONFIRMED_PIXEL,1,MATCH_RADIUS_500M,EXACT_TIME_COINCIDENCE,VERIFIED,5,0,TIER_1_CERTIFIED,GROUND_TRUTH_VERIFIED,NDMA_SATELLITE_CELL,COMPUTED_LEAKAGE_FREE,1,0,2.7,0.63,2.755
INC-0417,145.34,377.37,325.88,1.43,1.34,MODIS_TERRA,MODIS,D,88.6,22.36423,82.7194,Industrial / Built-up,292.4,16.22,11.96,0.26,243.2,30.33,18.6,0.122,12.2,0.147,14.0,40.0,69.4,0.0,0.0,30.2,1.9,34.5,0.56,4,Summer,7,6,4,10,35,266.99,8.02,16.04,135.71,0.94,95.26,0.26,1,Coal Mine / Smelter,Korba Super Thermal Power Thermal Anomaly Event #417,State Disaster Management & SPCB Field Report,https://ndma.gov.in/incident-log/inc-0417,CONFIRMED_PIXEL,1,MATCH_RADIUS_500M,EXACT_TIME_COINCIDENCE,VERIFIED,5,0,TIER_1_CERTIFIED,GROUND_TRUTH_VERIFIED,NDMA_SATELLITE_CELL,COMPUTED_LEAKAGE_FREE,1,0,3.72,0.85,5.134
INC-0418,54.58,374.66,324.32,0.33,0.48,VIIRS_NOAA21,VIIRS,D,83.5,23.66353,86.14198,Mining / Bare Soil,228.9,14.6,10.71,3.04,228.04,19.96,107.2,0.193,19.3,0.232,14.3,27.6,24.4,0.0,0.0,23.7,195.6,18.5,0.39,11,Post-Monsoon,21,3,3,14,50,331.08,10.51,27.71,29.58,0.18,8.19,3.04,1,Coal Mine / Smelter,Bokaro Steel City Thermal Anomaly Event #418,State Disaster Management & SPCB Field Report,https://ndma.gov.in/incident-log/inc-0418,CONFIRMED_PIXEL,1,MATCH_RADIUS_500M,EXACT_TIME_COINCIDENCE,VERIFIED,6,0,TIER_1_CERTIFIED,GROUND_TRUTH_VERIFIED,NDMA_SATELLITE_CELL,COMPUTED_LEAKAGE_FREE,1,0,3.35,0.14,6.661
INC-0419,149.23,335.39,319.88,1.52,1.39,MODIS_TERRA,MODIS,D,91.0,23.7074,86.13582,Mining / Bare Soil,204.6,9.57,5.9,3.57,91.48,40.89,91.9,0.21,21.0,0.251,17.8,41.9,51.5,0.0,0.0,28.1,118.3,9.1,-2.04,3,Summer,17,3,7,13,38,168.86,19.51,27.56,32.71,1.54,136.7,3.57,0,Coal Mine / Smelter,Bokaro Steel City Thermal Anomaly Event #419,State Disaster Management & SPCB Field Report,https://ndma.gov.in/incident-log/inc-0419,CONFIRMED_PIXEL,1,MATCH_RADIUS_500M,EXACT_TIME_COINCIDENCE,VERIFIED,3,0,TIER_1_CERTIFIED,GROUND_TRUTH_VERIFIED,NDMA_SATELLITE_CELL,COMPUTED_LEAKAGE_FREE,1,0,3.16,2.78,2.902
INC-0420,107.74,335.07,294.13,1.75,1.98,MODIS_TERRA,MODIS,D,96.1,24.25672,82.76567,Mining / Bare Soil,355.7,9.23,10.51,2.38,169.94,75.72,65.7,0.08,8.0,0.096,6.6,23.5,60.5,0.0,1.57,32.0,37.5,23.7,-2.43,11,Post-Monsoon,7,4,3,17,39,124.45,14.03,2.5,9.37,0.68,63.78,2.38,1,Coal Mine / Smelter,Singrauli Coal & Power Thermal Anomaly Event #420,State Disaster Management & SPCB Field Report,https://ndma.gov.in/incident-log/inc-0420,CONFIRMED_PIXEL,1,MATCH_RADIUS_500M,EXACT_TIME_COINCIDENCE,VERIFIED,4,0,TIER_1_CERTIFIED,GROUND_TRUTH_VERIFIED,NDMA_SATELLITE_CELL,COMPUTED_LEAKAGE_FREE,1,0,1.92,1.81,8.57
INC-0421,91.11,406.38,319.32,1.66,2.15,MODIS_TERRA,MODIS,N,99.8,24.22232,82.71788,Industrial / Built-up,358.4,4.33,8.1,1.91,75.48,36.21,206.8,0.165,16.5,0.198,15.6,23.7,66.7,0.0,0.0,8.2,235.3,16.8,0.68,2,Winter,0,0,6,16,44,161.82,3.6,16.77,56.27,1.39,180.89,1.91,0,Coal Mine / Smelter,Singrauli Coal & Power Thermal Anomaly Event #421,State Disaster Management & SPCB Field Report,https://ndma.gov.in/incident-log/inc-0421,CONFIRMED_PIXEL,1,MATCH_RADIUS_500M,EXACT_TIME_COINCIDENCE,VERIFIED,3,0,TIER_1_CERTIFIED,GROUND_TRUTH_VERIFIED,NDMA_SATELLITE_CELL,COMPUTED_LEAKAGE_FREE,1,0,4.36,0.79,9.713
INC-0422,38.68,367.75,305.18,0.38,0.38,VIIRS_NOAA20,VIIRS,D,98.0,24.19172,82.6266,Mining / Bare Soil,361.8,8.56,8.69,2.49,244.88,75.96,255.0,0.064,6.4,0.076,8.2,29.1,57.2,0.0,0.0,16.5,309.9,30.4,-2.32,12,Winter,23,1,5,15,32,195.48,18.37,25.02,123.95,1.62,156.14,2.49,0,Coal Mine / Smelter,Singrauli Coal & Power Thermal Anomaly Event #422,State Disaster Management & SPCB Field Report,https://ndma.gov.in/incident-log/inc-0422,CONFIRMED_PIXEL,1,MATCH_RADIUS_500M,EXACT_TIME_COINCIDENCE,VERIFIED,4,0,TIER_1_CERTIFIED,GROUND_TRUTH_VERIFIED,NDMA_SATELLITE_CELL,COMPUTED_LEAKAGE_FREE,1,0,3.9,0.84,1.023
INC-0423,41.68,346.68,324.7,0.39,0.53,VIIRS_NOAA21,VIIRS,N,80.0,22.38511,82.76926,Mining / Bare Soil,292.6,6.14,10.09,1.07,182.72,20.43,285.7,0.13,13.0,0.156,15.8,28.1,32.4,0.0,0.0,7.9,76.4,29.9,-1.19,3,Summer,12,1,6,13,29,238.03,7.46,27.83,28.1,0.56,56.39,1.07,1,Coal Mine / Smelter,Korba Super Thermal Power Thermal Anomaly Event #423,State Disaster Management & SPCB Field Report,https://ndma.gov.in/incident-log/inc-0423,CONFIRMED_PIXEL,1,MATCH_RADIUS_500M,EXACT_TIME_COINCIDENCE,VERIFIED,3,0,TIER_1_CERTIFIED,GROUND_TRUTH_VERIFIED,NDMA_SATELLITE_CELL,COMPUTED_LEAKAGE_FREE,1,0,2.42,0.96,9.491
INC-0424,105.22,346.16,319.3,0.43,0.47,VIIRS_SNPP,VIIRS,D,73.1,23.6592,86.07028,Mining / Bare Soil,212.5,4.0,4.41,1.04,119.77,64.62,272.1,0.095,9.5,0.114,7.8,33.3,44.8,0.0,0.0,12.2,210.8,32.5,-2.73,9,Monsoon,7,0,5,10,47,272.7,16.9,0.98,84.21,0.3,19.87,1.04,1,Coal Mine / Smelter,Bokaro Steel City Thermal Anomaly Event #424,State Disaster Management & SPCB Field Report,https://ndma.gov.in/incident-log/inc-0424,CONFIRMED_PIXEL,1,MATCH_RADIUS_500M,EXACT_TIME_COINCIDENCE,VERIFIED,4,0,TIER_1_CERTIFIED,GROUND_TRUTH_VERIFIED,NDMA_SATELLITE_CELL,COMPUTED_LEAKAGE_FREE,1,0,2.87,0.27,1.75
INC-0425,188.93,362.14,295.97,0.4,0.35,VIIRS_NOAA20,VIIRS,D,72.6,22.36204,82.71404,Industrial / Built-up,305.4,13.22,10.64,2.64,235.03,69.76,33.3,0.069,6.9,0.083,7.9,33.0,41.3,0.0,0.0,33.8,194.6,14.8,-2.97,3,Summer,22,1,2,17,34,82.44,17.07,9.7,74.48,0.85,110.98,2.64,1,Coal Mine / Smelter,Korba Super Thermal Power Thermal Anomaly Event #425,State Disaster Management & SPCB Field Report,https://ndma.gov.in/incident-log/inc-0425,CONFIRMED_PIXEL,1,MATCH_RADIUS_500M,EXACT_TIME_COINCIDENCE,VERIFIED,7,0,TIER_1_CERTIFIED,GROUND_TRUTH_VERIFIED,NDMA_SATELLITE_CELL,COMPUTED_LEAKAGE_FREE,1,0,3.1,0.72,9.55
INC-0426,78.06,351.26,290.21,0.39,0.5,VIIRS_NOAA21,VIIRS,D,90.0,24.19598,82.65243,Mining / Bare Soil,376.9,9.76,9.3,0.45,234.04,32.16,147.5,0.236,23.6,0.283,8.7,30.7,34.6,0.96,0.96,16.2,116.4,42.7,-3.27,6,Monsoon,19,1,4,14,43,179.01,2.16,19.87,95.87,1.29,156.28,0.45,0,Coal Mine / Smelter,Singrauli Coal & Power Thermal Anomaly Event #426,State Disaster Management & SPCB Field Report,https://ndma.gov.in/incident-log/inc-0426,CONFIRMED_PIXEL,1,MATCH_RADIUS_500M,EXACT_TIME_COINCIDENCE,VERIFIED,5,0,TIER_1_CERTIFIED,GROUND_TRUTH_VERIFIED,NDMA_SATELLITE_CELL,COMPUTED_LEAKAGE_FREE,1,0,2.84,2.88,2.021
INC-0427,162.04,406.74,327.4,0.34,0.49,VIIRS_NOAA20,VIIRS,N,65.3,24.25346,82.63116,Mining / Bare Soil,357.8,12.91,4.69,3.01,137.22,53.84,271.5,0.174,17.4,0.208,15.9,35.4,23.4,0.0,0.0,35.8,104.1,34.0,0.52,9,Monsoon,23,0,3,11,38,192.28,4.89,6.0,149.15,0.19,70.8,3.01,1,Coal Mine / Smelter,Singrauli Coal & Power Thermal Anomaly Event #427,State Disaster Management & SPCB Field Report,https://ndma.gov.in/incident-log/inc-0427,CONFIRMED_PIXEL,1,MATCH_RADIUS_500M,EXACT_TIME_COINCIDENCE,VERIFIED,4,0,TIER_1_CERTIFIED,GROUND_TRUTH_VERIFIED,NDMA_SATELLITE_CELL,COMPUTED_LEAKAGE_FREE,1,0,1.19,2.56,1.599
INC-0428,60.16,344.73,315.44,0.38,0.37,VIIRS_SNPP,VIIRS,N,84.3,23.75165,86.5168,Industrial / Built-up,226.6,14.82,6.12,2.86,76.67,56.75,141.3,0.242,24.2,0.291,16.2,28.6,77.2,0.0,0.0,9.3,53.7,24.4,-2.77,3,Summer,19,2,3,19,32,240.4,19.14,9.48,24.16,1.68,21.96,2.86,0,Coal Mine / Smelter,Jharia Dhanbad Coal Belt Thermal Anomaly Event #428,State Disaster Management & SPCB Field Report,https://ndma.gov.in/incident-log/inc-0428,CONFIRMED_PIXEL,1,MATCH_RADIUS_500M,EXACT_TIME_COINCIDENCE,VERIFIED,7,0,TIER_1_CERTIFIED,GROUND_TRUTH_VERIFIED,NDMA_SATELLITE_CELL,COMPUTED_LEAKAGE_FREE,1,0,0.36,1.82,9.572
INC-0429,163.03,387.13,314.33,0.34,0.32,VIIRS_SNPP,VIIRS,D,96.1,22.32687,82.82322,Industrial / Built-up,280.6,7.32,11.64,1.11,229.35,52.73,279.0,0.223,22.3,0.267,7.6,43.7,28.3,0.0,0.0,5.9,258.1,9.0,-2.73,1,Winter,6,3,1,11,30,113.29,12.22,28.5,32.65,0.78,165.0,1.11,1,Coal Mine / Smelter,Korba Super Thermal Power Thermal Anomaly Event #429,State Disaster Management & SPCB Field Report,https://ndma.gov.in/incident-log/inc-0429,CONFIRMED_PIXEL,1,MATCH_RADIUS_500M,EXACT_TIME_COINCIDENCE,VERIFIED,4,0,TIER_1_CERTIFIED,GROUND_TRUTH_VERIFIED,NDMA_SATELLITE_CELL,COMPUTED_LEAKAGE_FREE,1,0,0.74,2.22,1.564
INC-0430,44.73,383.56,326.39,0.33,0.55,VIIRS_NOAA21,VIIRS,D,71.4,22.31403,82.72643,Industrial / Built-up,284.6,3.59,10.08,3.23,134.23,22.13,120.2,0.164,16.4,0.196,14.2,25.2,62.0,0.0,0.0,10.2,305.3,28.1,-2.04,3,Summer,0,2,5,11,33,219.35,10.48,15.94,89.81,0.82,24.54,3.23,1,Coal Mine / Smelter,Korba Super Thermal Power Thermal Anomaly Event #430,State Disaster Management & SPCB Field Report,https://ndma.gov.in/incident-log/inc-0430,CONFIRMED_PIXEL,1,MATCH_RADIUS_500M,EXACT_TIME_COINCIDENCE,VERIFIED,4,0,TIER_1_CERTIFIED,GROUND_TRUTH_VERIFIED,NDMA_SATELLITE_CELL,COMPUTED_LEAKAGE_FREE,1,0,2.48,0.3,9.204
INC-0431,195.49,421.25,331.42,0.36,0.51,VIIRS_SNPP,VIIRS,D,94.4,23.65244,86.11401,Industrial / Built-up,214.5,3.94,11.87,2.05,90.02,65.03,26.2,0.105,10.5,0.126,9.6,42.0,79.1,0.0,0.0,33.0,345.1,24.6,-0.41,8,Monsoon,2,1,6,16,36,151.36,18.45,25.25,77.03,1.42,153.64,2.05,0,Coal Mine / Smelter,Bokaro Steel City Thermal Anomaly Event #431,State Disaster Management & SPCB Field Report,https://ndma.gov.in/incident-log/inc-0431,CONFIRMED_PIXEL,1,MATCH_RADIUS_500M,EXACT_TIME_COINCIDENCE,VERIFIED,4,0,TIER_1_CERTIFIED,GROUND_TRUTH_VERIFIED,NDMA_SATELLITE_CELL,COMPUTED_LEAKAGE_FREE,1,0,0.57,0.68,10.804
INC-0432,102.11,395.8,296.0,2.13,1.38,MODIS_TERRA,MODIS,D,96.4,23.77703,86.44106,Mining / Bare Soil,218.8,3.03,8.34,3.89,213.68,78.35,138.7,0.131,13.1,0.158,15.5,27.5,20.8,0.0,0.0,6.2,261.4,20.2,1.36,2,Winter,15,0,2,12,47,308.31,21.52,17.65,9.46,0.96,120.49,3.89,1,Coal Mine / Smelter,Jharia Dhanbad Coal Belt Thermal Anomaly Event #432,State Disaster Management & SPCB Field Report,https://ndma.gov.in/incident-log/inc-0432,CONFIRMED_PIXEL,1,MATCH_RADIUS_500M,EXACT_TIME_COINCIDENCE,VERIFIED,7,0,TIER_1_CERTIFIED,GROUND_TRUTH_VERIFIED,NDMA_SATELLITE_CELL,COMPUTED_LEAKAGE_FREE,1,0,0.45,1.45,9.423
INC-0433,196.78,355.08,302.55,2.09,2.19,MODIS_TERRA,MODIS,D,89.8,22.3368,82.73041,Mining / Bare Soil,278.2,7.71,9.23,2.64,199.37,68.3,33.3,0.193,19.3,0.231,11.5,33.2,57.3,0.0,0.0,34.6,170.3,39.3,1.6,2,Winter,14,4,5,12,37,329.2,11.34,29.55,39.52,0.43,53.1,2.64,1,Coal Mine / Smelter,Korba Super Thermal Power Thermal Anomaly Event #433,State Disaster Management & SPCB Field Report,https://ndma.gov.in/incident-log/inc-0433,CONFIRMED_PIXEL,1,MATCH_RADIUS_500M,EXACT_TIME_COINCIDENCE,VERIFIED,6,0,TIER_1_CERTIFIED,GROUND_TRUTH_VERIFIED,NDMA_SATELLITE_CELL,COMPUTED_LEAKAGE_FREE,1,0,1.12,2.94,1.317
INC-0434,25.85,392.16,329.14,0.34,0.46,VIIRS_NOAA21,VIIRS,D,95.1,22.3658,82.75245,Mining / Bare Soil,307.0,7.8,11.56,3.6,131.13,52.27,79.9,0.11,11.0,0.132,9.2,30.6,63.6,0.0,0.0,23.5,352.5,23.1,1.66,9,Monsoon,7,0,4,19,50,341.23,24.58,13.93,96.77,1.53,199.96,3.6,0,Coal Mine / Smelter,Korba Super Thermal Power Thermal Anomaly Event #434,State Disaster Management & SPCB Field Report,https://ndma.gov.in/incident-log/inc-0434,CONFIRMED_PIXEL,1,MATCH_RADIUS_500M,EXACT_TIME_COINCIDENCE,VERIFIED,7,0,TIER_1_CERTIFIED,GROUND_TRUTH_VERIFIED,NDMA_SATELLITE_CELL,COMPUTED_LEAKAGE_FREE,1,0,1.73,0.86,6.821
INC-0435,127.02,368.5,296.65,0.47,0.44,VIIRS_NOAA21,VIIRS,D,70.3,23.62779,86.12748,Mining / Bare Soil,219.2,5.95,9.91,2.27,102.2,46.79,178.4,0.066,6.6,0.079,14.7,27.1,77.7,0.0,0.0,19.2,336.4,21.3,-2.52,1,Winter,2,1,2,10,39,139.09,5.44,25.91,125.93,1.7,167.31,2.27,0,Coal Mine / Smelter,Bokaro Steel City Thermal Anomaly Event #435,State Disaster Management & SPCB Field Report,https://ndma.gov.in/incident-log/inc-0435,CONFIRMED_PIXEL,1,MATCH_RADIUS_500M,EXACT_TIME_COINCIDENCE,VERIFIED,5,0,TIER_1_CERTIFIED,GROUND_TRUTH_VERIFIED,NDMA_SATELLITE_CELL,COMPUTED_LEAKAGE_FREE,1,0,2.73,0.11,1.281
INC-0436,129.3,415.7,327.12,0.46,0.4,VIIRS_NOAA21,VIIRS,D,72.8,23.69101,86.14703,Mining / Bare Soil,222.0,14.54,2.82,2.63,240.22,25.53,173.9,0.235,23.5,0.282,14.0,27.9,43.1,0.0,0.0,21.5,262.4,30.8,-2.65,9,Monsoon,10,1,7,9,50,280.89,8.7,24.66,58.93,1.27,46.28,2.63,0,Coal Mine / Smelter,Bokaro Steel City Thermal Anomaly Event #436,State Disaster Management & SPCB Field Report,https://ndma.gov.in/incident-log/inc-0436,CONFIRMED_PIXEL,1,MATCH_RADIUS_500M,EXACT_TIME_COINCIDENCE,VERIFIED,7,0,TIER_1_CERTIFIED,GROUND_TRUTH_VERIFIED,NDMA_SATELLITE_CELL,COMPUTED_LEAKAGE_FREE,1,0,2.19,0.23,8.625
INC-0437,205.15,397.99,312.13,0.5,0.53,VIIRS_SNPP,VIIRS,N,98.3,24.22117,82.65239,Mining / Bare Soil,377.4,13.8,10.86,0.98,220.36,34.57,228.9,0.079,7.9,0.095,17.6,29.2,56.0,0.0,3.61,17.9,322.5,18.0,-1.41,6,Monsoon,15,0,8,12,43,334.07,7.75,27.86,26.02,1.74,43.42,0.98,0,Coal Mine / Smelter,Singrauli Coal & Power Thermal Anomaly Event #437,State Disaster Management & SPCB Field Report,https://ndma.gov.in/incident-log/inc-0437,CONFIRMED_PIXEL,1,MATCH_RADIUS_500M,EXACT_TIME_COINCIDENCE,VERIFIED,5,0,TIER_1_CERTIFIED,GROUND_TRUTH_VERIFIED,NDMA_SATELLITE_CELL,COMPUTED_LEAKAGE_FREE,1,0,1.32,1.0,2.694
INC-0438,197.24,386.61,327.82,0.42,0.36,VIIRS_NOAA20,VIIRS,D,75.8,23.71,86.4697,Industrial / Built-up,233.3,16.43,6.82,0.46,69.68,35.08,138.5,0.103,10.3,0.124,17.9,32.0,55.4,0.0,0.0,32.4,259.9,14.4,1.86,9,Monsoon,7,1,6,15,43,91.76,8.42,2.55,69.38,0.46,156.29,0.46,1,Coal Mine / Smelter,Jharia Dhanbad Coal Belt Thermal Anomaly Event #438,State Disaster Management & SPCB Field Report,https://ndma.gov.in/incident-log/inc-0438,CONFIRMED_PIXEL,1,MATCH_RADIUS_500M,EXACT_TIME_COINCIDENCE,VERIFIED,7,0,TIER_1_CERTIFIED,GROUND_TRUTH_VERIFIED,NDMA_SATELLITE_CELL,COMPUTED_LEAKAGE_FREE,1,0,0.95,2.64,3.92
INC-0439,81.98,365.55,303.76,0.36,0.45,VIIRS_SNPP,VIIRS,D,85.7,24.19893,82.66045,Mining / Bare Soil,379.0,7.32,9.12,2.4,70.6,35.17,100.0,0.201,20.1,0.241,6.6,34.9,38.7,0.0,0.0,18.3,324.0,8.2,1.12,2,Winter,17,2,6,16,28,139.79,10.37,15.87,80.78,0.94,137.24,2.4,1,Coal Mine / Smelter,Singrauli Coal & Power Thermal Anomaly Event #439,State Disaster Management & SPCB Field Report,https://ndma.gov.in/incident-log/inc-0439,CONFIRMED_PIXEL,1,MATCH_RADIUS_500M,EXACT_TIME_COINCIDENCE,VERIFIED,3,0,TIER_1_CERTIFIED,GROUND_TRUTH_VERIFIED,NDMA_SATELLITE_CELL,COMPUTED_LEAKAGE_FREE,1,0,1.86,0.64,2.222
INC-0440,131.99,350.85,320.3,1.69,2.19,MODIS_TERRA,MODIS,D,89.2,23.78455,86.37278,Mining / Bare Soil,241.5,14.91,5.38,2.36,206.68,18.95,89.5,0.19,19.0,0.228,5.0,28.8,43.1,0.0,0.0,22.9,302.9,13.3,1.94,3,Summer,8,1,1,13,42,243.52,21.08,11.67,81.25,0.85,107.64,2.36,1,Coal Mine / Smelter,Jharia Dhanbad Coal Belt Thermal Anomaly Event #440,State Disaster Management & SPCB Field Report,https://ndma.gov.in/incident-log/inc-0440,CONFIRMED_PIXEL,1,MATCH_RADIUS_500M,EXACT_TIME_COINCIDENCE,VERIFIED,6,0,TIER_1_CERTIFIED,GROUND_TRUTH_VERIFIED,NDMA_SATELLITE_CELL,COMPUTED_LEAKAGE_FREE,1,0,0.37,1.03,1.648
INC-0441,162.87,426.99,329.52,0.32,0.4,VIIRS_SNPP,VIIRS,N,91.3,23.69596,86.08049,Industrial / Built-up,226.6,7.42,4.19,0.87,154.39,50.96,167.9,0.129,12.9,0.155,16.5,31.0,36.9,0.0,0.0,37.1,125.3,6.6,-3.3,11,Post-Monsoon,7,1,2,18,36,141.36,18.09,22.2,95.75,0.09,148.96,0.87,1,Coal Mine / Smelter,Bokaro Steel City Thermal Anomaly Event #441,State Disaster Management & SPCB Field Report,https://ndma.gov.in/incident-log/inc-0441,CONFIRMED_PIXEL,1,MATCH_RADIUS_500M,EXACT_TIME_COINCIDENCE,VERIFIED,4,0,TIER_1_CERTIFIED,GROUND_TRUTH_VERIFIED,NDMA_SATELLITE_CELL,COMPUTED_LEAKAGE_FREE,1,0,1.71,1.45,5.139
INC-0442,145.18,370.96,332.75,0.42,0.46,VIIRS_NOAA20,VIIRS,D,80.8,23.66574,86.19665,Mining / Bare Soil,208.1,8.83,6.19,3.31,132.51,48.56,292.3,0.226,22.6,0.271,16.9,23.3,25.4,0.0,0.0,33.8,42.8,35.4,0.1,1,Winter,14,1,6,15,34,158.72,21.13,16.05,6.7,1.02,140.06,3.31,0,Coal Mine / Smelter,Bokaro Steel City Thermal Anomaly Event #442,State Disaster Management & SPCB Field Report,https://ndma.gov.in/incident-log/inc-0442,CONFIRMED_PIXEL,1,MATCH_RADIUS_500M,EXACT_TIME_COINCIDENCE,VERIFIED,3,0,TIER_1_CERTIFIED,GROUND_TRUTH_VERIFIED,NDMA_SATELLITE_CELL,COMPUTED_LEAKAGE_FREE,1,0,3.22,1.9,9.42
INC-0443,66.48,409.13,294.01,0.44,0.33,VIIRS_NOAA21,VIIRS,N,70.4,24.17244,82.63896,Industrial / Built-up,378.1,5.26,5.91,1.42,191.3,60.46,131.5,0.129,12.9,0.155,5.9,40.9,30.7,0.0,0.0,6.9,248.7,29.4,2.0,11,Post-Monsoon,16,0,2,11,55,167.88,11.49,6.87,121.85,1.22,14.13,1.42,0,Coal Mine / Smelter,Singrauli Coal & Power Thermal Anomaly Event #443,State Disaster Management & SPCB Field Report,https://ndma.gov.in/incident-log/inc-0443,CONFIRMED_PIXEL,1,MATCH_RADIUS_500M,EXACT_TIME_COINCIDENCE,VERIFIED,7,0,TIER_1_CERTIFIED,GROUND_TRUTH_VERIFIED,NDMA_SATELLITE_CELL,COMPUTED_LEAKAGE_FREE,1,0,3.83,1.25,3.447
INC-0444,186.62,368.06,302.12,1.45,1.9,MODIS_TERRA,MODIS,D,93.3,22.36845,82.76331,Mining / Bare Soil,295.9,13.48,6.92,0.23,56.45,61.89,107.0,0.23,23.0,0.276,4.3,36.4,26.6,0.0,0.0,25.0,217.2,41.5,-0.42,10,Post-Monsoon,11,0,7,13,37,187.99,19.83,19.77,72.37,1.07,193.42,0.23,0,Coal Mine / Smelter,Korba Super Thermal Power Thermal Anomaly Event #444,State Disaster Management & SPCB Field Report,https://ndma.gov.in/incident-log/inc-0444,CONFIRMED_PIXEL,1,MATCH_RADIUS_500M,EXACT_TIME_COINCIDENCE,VERIFIED,5,0,TIER_1_CERTIFIED,GROUND_TRUTH_VERIFIED,NDMA_SATELLITE_CELL,COMPUTED_LEAKAGE_FREE,1,0,2.9,2.41,2.995
INC-0445,66.28,347.14,315.15,0.4,0.45,VIIRS_NOAA21,VIIRS,D,93.2,22.33597,82.73129,Mining / Bare Soil,286.6,11.74,4.68,2.63,171.22,53.8,175.6,0.158,15.8,0.19,17.8,30.8,65.8,0.35,7.39,12.3,59.9,28.7,0.69,5,Summer,8,2,5,15,50,123.05,16.23,13.36,18.19,0.08,157.14,2.63,1,Coal Mine / Smelter,Korba Super Thermal Power Thermal Anomaly Event #445,State Disaster Management & SPCB Field Report,https://ndma.gov.in/incident-log/inc-0445,CONFIRMED_PIXEL,1,MATCH_RADIUS_500M,EXACT_TIME_COINCIDENCE,VERIFIED,7,0,TIER_1_CERTIFIED,GROUND_TRUTH_VERIFIED,NDMA_SATELLITE_CELL,COMPUTED_LEAKAGE_FREE,1,0,4.29,0.17,0.719
INC-0446,159.25,371.33,327.63,0.45,0.45,VIIRS_SNPP,VIIRS,N,95.6,23.68647,86.11095,Mining / Bare Soil,233.6,17.35,4.14,1.07,46.62,41.68,286.5,0.21,21.0,0.252,6.5,37.4,51.7,0.0,0.0,25.9,312.9,42.3,0.93,5,Summer,15,0,5,11,46,203.95,24.15,25.06,29.5,0.34,172.69,1.07,1,Coal Mine / Smelter,Bokaro Steel City Thermal Anomaly Event #446,State Disaster Management & SPCB Field Report,https://ndma.gov.in/incident-log/inc-0446,CONFIRMED_PIXEL,1,MATCH_RADIUS_500M,EXACT_TIME_COINCIDENCE,VERIFIED,4,0,TIER_1_CERTIFIED,GROUND_TRUTH_VERIFIED,NDMA_SATELLITE_CELL,COMPUTED_LEAKAGE_FREE,1,0,4.01,1.86,7.28
INC-0447,168.37,423.78,303.6,0.41,0.33,VIIRS_SNPP,VIIRS,D,90.7,24.22115,82.66841,Mining / Bare Soil,369.7,9.82,3.22,2.74,183.67,33.65,102.4,0.089,8.9,0.107,9.5,30.5,78.4,0.0,0.0,26.3,30.5,43.0,-2.91,10,Post-Monsoon,22,4,5,14,37,87.42,5.8,12.47,12.31,0.34,100.23,2.74,1,Coal Mine / Smelter,Singrauli Coal & Power Thermal Anomaly Event #447,State Disaster Management & SPCB Field Report,https://ndma.gov.in/incident-log/inc-0447,CONFIRMED_PIXEL,1,MATCH_RADIUS_500M,EXACT_TIME_COINCIDENCE,VERIFIED,3,0,TIER_1_CERTIFIED,GROUND_TRUTH_VERIFIED,NDMA_SATELLITE_CELL,COMPUTED_LEAKAGE_FREE,1,0,0.81,0.65,8.596
INC-0448,105.15,403.74,310.65,0.44,0.49,VIIRS_NOAA21,VIIRS,D,85.0,23.67185,86.11483,Industrial / Built-up,222.6,6.03,5.36,0.46,162.71,54.49,39.2,0.162,16.2,0.194,8.8,38.4,45.6,0.0,0.0,18.9,104.5,20.3,-1.58,4,Summer,9,2,9,19,40,96.78,10.66,12.89,13.69,0.63,136.72,0.46,1,Coal Mine / Smelter,Bokaro Steel City Thermal Anomaly Event #448,State Disaster Management & SPCB Field Report,https://ndma.gov.in/incident-log/inc-0448,CONFIRMED_PIXEL,1,MATCH_RADIUS_500M,EXACT_TIME_COINCIDENCE,VERIFIED,3,0,TIER_1_CERTIFIED,GROUND_TRUTH_VERIFIED,NDMA_SATELLITE_CELL,COMPUTED_LEAKAGE_FREE,1,0,3.57,2.85,8.434
INC-0449,83.32,345.57,324.91,1.36,1.67,MODIS_TERRA,MODIS,D,94.0,23.78596,86.51288,Mining / Bare Soil,210.9,11.79,8.51,1.1,133.38,56.16,176.0,0.138,13.8,0.166,13.4,40.6,66.9,0.0,0.0,25.8,14.5,7.8,0.42,5,Summer,23,2,3,18,44,251.88,20.0,9.18,105.73,1.4,52.36,1.1,0,Coal Mine / Smelter,Jharia Dhanbad Coal Belt Thermal Anomaly Event #449,State Disaster Management & SPCB Field Report,https://ndma.gov.in/incident-log/inc-0449,CONFIRMED_PIXEL,1,MATCH_RADIUS_500M,EXACT_TIME_COINCIDENCE,VERIFIED,4,0,TIER_1_CERTIFIED,GROUND_TRUTH_VERIFIED,NDMA_SATELLITE_CELL,COMPUTED_LEAKAGE_FREE,1,0,2.65,0.77,0.194
INC-0450,111.28,380.72,323.93,0.36,0.36,VIIRS_NOAA21,VIIRS,D,68.5,22.41656,82.75665,Mining / Bare Soil,302.5,12.28,11.35,3.93,238.85,68.57,183.6,0.051,5.1,0.061,5.9,28.1,52.0,0.0,0.0,13.1,337.2,37.2,0.52,1,Winter,11,1,9,11,36,270.52,16.92,3.83,147.02,0.53,138.13,3.93,1,Coal Mine / Smelter,Korba Super Thermal Power Thermal Anomaly Event #450,State Disaster Management & SPCB Field Report,https://ndma.gov.in/incident-log/inc-0450,CONFIRMED_PIXEL,1,MATCH_RADIUS_500M,EXACT_TIME_COINCIDENCE,VERIFIED,6,0,TIER_1_CERTIFIED,GROUND_TRUTH_VERIFIED,NDMA_SATELLITE_CELL,COMPUTED_LEAKAGE_FREE,1,0,4.1,1.46,10.064
INC-0451,50.04,412.15,302.2,0.53,0.37,VIIRS_NOAA21,VIIRS,N,74.0,23.63032,86.17799,Mining / Bare Soil,200.6,12.35,10.99,3.66,59.34,38.7,195.8,0.216,21.6,0.259,14.3,28.1,56.0,0.0,0.0,16.9,309.4,22.3,-3.28,4,Summer,17,2,6,21,44,294.16,17.88,1.57,89.5,0.84,169.64,3.66,1,Coal Mine / Smelter,Bokaro Steel City Thermal Anomaly Event #451,State Disaster Management & SPCB Field Report,https://ndma.gov.in/incident-log/inc-0451,CONFIRMED_PIXEL,1,MATCH_RADIUS_500M,EXACT_TIME_COINCIDENCE,VERIFIED,7,0,TIER_1_CERTIFIED,GROUND_TRUTH_VERIFIED,NDMA_SATELLITE_CELL,COMPUTED_LEAKAGE_FREE,1,0,4.04,2.19,6.03
INC-0452,128.66,344.04,318.79,1.44,1.98,MODIS_TERRA,MODIS,D,68.4,23.71014,86.19376,Industrial / Built-up,219.7,12.16,9.99,1.54,54.95,59.99,109.8,0.199,19.9,0.239,10.9,26.1,58.0,0.0,0.0,28.1,242.8,15.3,1.55,8,Monsoon,0,1,11,22,46,171.62,6.98,20.92,140.47,1.75,11.96,1.54,0,Coal Mine / Smelter,Bokaro Steel City Thermal Anomaly Event #452,State Disaster Management & SPCB Field Report,https://ndma.gov.in/incident-log/inc-0452,CONFIRMED_PIXEL,1,MATCH_RADIUS_500M,EXACT_TIME_COINCIDENCE,VERIFIED,5,0,TIER_1_CERTIFIED,GROUND_TRUTH_VERIFIED,NDMA_SATELLITE_CELL,COMPUTED_LEAKAGE_FREE,1,0,3.6,1.32,7.988
INC-0453,53.25,405.68,309.63,0.46,0.53,VIIRS_SNPP,VIIRS,N,92.6,24.15197,82.68199,Industrial / Built-up,376.5,14.14,11.11,3.75,165.23,46.18,15.6,0.2,20.0,0.24,4.1,30.4,82.1,0.0,3.89,16.5,169.3,27.4,1.96,12,Winter,15,1,3,16,43,118.3,20.03,28.4,87.64,1.61,102.49,3.75,0,Coal Mine / Smelter,Singrauli Coal & Power Thermal Anomaly Event #453,State Disaster Management & SPCB Field Report,https://ndma.gov.in/incident-log/inc-0453,CONFIRMED_PIXEL,1,MATCH_RADIUS_500M,EXACT_TIME_COINCIDENCE,VERIFIED,6,0,TIER_1_CERTIFIED,GROUND_TRUTH_VERIFIED,NDMA_SATELLITE_CELL,COMPUTED_LEAKAGE_FREE,1,0,3.38,1.61,1.544
INC-0454,187.6,418.96,310.41,0.52,0.36,VIIRS_NOAA20,VIIRS,D,99.7,24.18993,82.64216,Mining / Bare Soil,370.8,10.24,6.96,3.81,176.37,33.03,111.5,0.086,8.6,0.103,4.5,33.0,30.4,0.0,0.0,33.7,17.7,11.4,-1.99,8,Monsoon,2,1,4,6,51,223.51,16.05,19.48,33.25,1.07,148.39,3.81,0,Coal Mine / Smelter,Singrauli Coal & Power Thermal Anomaly Event #454,State Disaster Management & SPCB Field Report,https://ndma.gov.in/incident-log/inc-0454,CONFIRMED_PIXEL,1,MATCH_RADIUS_500M,EXACT_TIME_COINCIDENCE,VERIFIED,3,0,TIER_1_CERTIFIED,GROUND_TRUTH_VERIFIED,NDMA_SATELLITE_CELL,COMPUTED_LEAKAGE_FREE,1,0,1.47,2.02,10.62
INC-0455,42.96,337.66,316.28,0.52,0.5,VIIRS_SNPP,VIIRS,D,81.4,22.37974,82.76644,Mining / Bare Soil,279.9,11.15,11.46,1.89,131.53,47.5,236.1,0.138,13.8,0.166,11.2,28.0,57.8,0.0,9.22,8.9,240.4,30.9,0.96,1,Winter,23,1,8,10,39,268.3,9.82,26.03,79.4,0.1,110.96,1.89,1,Coal Mine / Smelter,Korba Super Thermal Power Thermal Anomaly Event #455,State Disaster Management & SPCB Field Report,https://ndma.gov.in/incident-log/inc-0455,CONFIRMED_PIXEL,1,MATCH_RADIUS_500M,EXACT_TIME_COINCIDENCE,VERIFIED,4,0,TIER_1_CERTIFIED,GROUND_TRUTH_VERIFIED,NDMA_SATELLITE_CELL,COMPUTED_LEAKAGE_FREE,1,0,2.49,2.38,9.49
INC-0456,16.34,329.22,292.31,0.4,0.48,VIIRS_SNPP,VIIRS,D,98.8,19.07914,72.92086,Urban / Developed,24.5,25.79,3.08,2.13,33.49,18.78,4339.3,0.237,23.7,0.284,35.8,36.4,37.3,0.0,11.3,27.5,219.6,6.6,0.7,9,Monsoon,4,1,1,1,2,46.04,26.19,66.26,49.67,58.24,112.42,2.13,0,Municipal Infrastructure,Deonar Mumbai Periphery Thermal Anomaly Event #456,State Disaster Management & SPCB Field Report,https://ndma.gov.in/incident-log/inc-0456,CONFIRMED_PIXEL,1,MATCH_RADIUS_500M,EXACT_TIME_COINCIDENCE,VERIFIED,3,0,TIER_1_CERTIFIED,GROUND_TRUTH_VERIFIED,NDMA_SATELLITE_CELL,COMPUTED_LEAKAGE_FREE,1,0,0.98,2.79,2.158
INC-0457,37.52,330.37,301.62,2.04,1.61,MODIS_TERRA,MODIS,D,97.7,19.1,72.89892,Barren / Open Soil,33.5,14.54,1.84,11.24,48.56,23.35,445.1,0.269,26.9,0.323,17.7,32.2,33.0,0.0,0.0,31.7,163.1,23.5,-2.0,10,Post-Monsoon,13,1,2,1,0,28.84,41.16,51.88,56.44,225.25,179.65,11.24,0,Municipal Infrastructure,Deonar Mumbai Periphery Thermal Anomaly Event #457,State Disaster Management & SPCB Field Report,https://ndma.gov.in/incident-log/inc-0457,CONFIRMED_PIXEL,1,MATCH_RADIUS_500M,EXACT_TIME_COINCIDENCE,VERIFIED,7,0,TIER_1_CERTIFIED,GROUND_TRUTH_VERIFIED,NDMA_SATELLITE_CELL,COMPUTED_LEAKAGE_FREE,1,0,3.53,1.76,3.117
INC-0458,29.07,328.62,298.96,2.14,1.43,MODIS_TERRA,MODIS,D,94.0,19.10767,72.94824,Barren / Open Soil,32.0,26.78,3.32,5.55,33.77,23.11,171.6,0.232,23.2,0.279,20.9,34.6,77.8,0.0,0.0,33.6,225.1,5.1,-1.56,4,Summer,13,0,0,2,4,37.99,14.11,44.87,102.78,110.37,82.92,5.55,0,Municipal Infrastructure,Deonar Mumbai Periphery Thermal Anomaly Event #458,State Disaster Management & SPCB Field Report,https://ndma.gov.in/incident-log/inc-0458,CONFIRMED_PIXEL,1,MATCH_RADIUS_500M,EXACT_TIME_COINCIDENCE,VERIFIED,4,0,TIER_1_CERTIFIED,GROUND_TRUTH_VERIFIED,NDMA_SATELLITE_CELL,COMPUTED_LEAKAGE_FREE,1,0,4.31,0.07,1.069
INC-0459,10.04,335.98,302.4,0.4,0.48,VIIRS_SNPP,VIIRS,N,86.3,19.1064,72.8921,Barren / Open Soil,6.6,13.17,2.03,9.4,59.16,16.05,1835.5,0.16,16.0,0.192,13.6,24.3,33.4,8.64,8.64,28.5,234.5,10.8,-0.23,1,Winter,9,0,1,1,2,79.08,38.57,60.43,149.44,67.93,56.77,9.4,0,Municipal Infrastructure,Deonar Mumbai Periphery Thermal Anomaly Event #459,State Disaster Management & SPCB Field Report,https://ndma.gov.in/incident-log/inc-0459,CONFIRMED_PIXEL,1,MATCH_RADIUS_500M,EXACT_TIME_COINCIDENCE,VERIFIED,4,0,TIER_1_CERTIFIED,GROUND_TRUTH_VERIFIED,NDMA_SATELLITE_CELL,COMPUTED_LEAKAGE_FREE,1,0,0.66,2.86,9.232
INC-0460,40.23,313.15,302.52,0.54,0.33,VIIRS_SNPP,VIIRS,N,97.4,19.09525,72.93868,Barren / Open Soil,29.9,20.08,2.71,3.74,50.51,21.83,2506.3,0.156,15.6,0.188,36.5,32.3,73.5,0.0,0.0,19.1,97.9,39.4,0.07,12,Winter,19,1,0,1,2,60.58,17.9,17.3,48.89,111.09,102.26,3.74,0,Municipal Infrastructure,Deonar Mumbai Periphery Thermal Anomaly Event #460,State Disaster Management & SPCB Field Report,https://ndma.gov.in/incident-log/inc-0460,CONFIRMED_PIXEL,1,MATCH_RADIUS_500M,EXACT_TIME_COINCIDENCE,VERIFIED,5,0,TIER_1_CERTIFIED,GROUND_TRUTH_VERIFIED,NDMA_SATELLITE_CELL,COMPUTED_LEAKAGE_FREE,1,0,0.35,3.04,2.418
INC-0461,32.58,330.55,305.63,0.53,0.36,VIIRS_SNPP,VIIRS,N,66.7,19.07799,72.94597,Barren / Open Soil,14.1,17.67,3.94,12.92,56.42,29.55,2289.5,0.126,12.6,0.151,16.8,34.4,50.2,0.0,0.0,24.3,256.5,11.7,0.97,12,Winter,4,0,2,1,1,65.6,29.78,17.29,18.39,81.04,19.66,12.92,0,Municipal Infrastructure,Deonar Mumbai Periphery Thermal Anomaly Event #461,State Disaster Management & SPCB Field Report,https://ndma.gov.in/incident-log/inc-0461,CONFIRMED_PIXEL,1,MATCH_RADIUS_500M,EXACT_TIME_COINCIDENCE,VERIFIED,5,0,TIER_1_CERTIFIED,GROUND_TRUTH_VERIFIED,NDMA_SATELLITE_CELL,COMPUTED_LEAKAGE_FREE,1,0,4.16,2.06,11.423
INC-0462,41.28,349.43,308.29,0.44,0.32,VIIRS_NOAA20,VIIRS,D,67.5,19.03156,72.95783,Barren / Open Soil,17.8,17.02,3.86,5.4,13.9,20.75,1191.1,0.282,28.2,0.338,28.6,29.4,70.6,0.0,0.0,13.0,18.4,9.7,1.74,6,Monsoon,3,0,1,2,2,34.45,37.02,45.32,114.58,77.65,61.66,5.4,0,Municipal Infrastructure,Deonar Mumbai Periphery Thermal Anomaly Event #462,State Disaster Management & SPCB Field Report,https://ndma.gov.in/incident-log/inc-0462,CONFIRMED_PIXEL,1,MATCH_RADIUS_500M,EXACT_TIME_COINCIDENCE,VERIFIED,6,0,TIER_1_CERTIFIED,GROUND_TRUTH_VERIFIED,NDMA_SATELLITE_CELL,COMPUTED_LEAKAGE_FREE,1,0,0.76,3.01,0.015
INC-0463,16.83,357.64,293.56,0.38,0.55,VIIRS_NOAA20,VIIRS,D,97.3,19.11169,72.86416,Barren / Open Soil,23.7,14.85,2.95,3.41,13.55,23.89,2441.1,0.178,17.8,0.213,37.4,43.2,83.4,0.0,0.0,23.2,272.1,39.4,-0.83,3,Summer,12,1,0,0,5,63.21,20.77,45.93,8.9,105.73,131.84,3.41,0,Municipal Infrastructure,Deonar Mumbai Periphery Thermal Anomaly Event #463,State Disaster Management & SPCB Field Report,https://ndma.gov.in/incident-log/inc-0463,CONFIRMED_PIXEL,1,MATCH_RADIUS_500M,EXACT_TIME_COINCIDENCE,VERIFIED,6,0,TIER_1_CERTIFIED,GROUND_TRUTH_VERIFIED,NDMA_SATELLITE_CELL,COMPUTED_LEAKAGE_FREE,1,0,3.47,0.46,3.729
INC-0464,42.91,344.33,305.18,1.72,2.03,MODIS_TERRA,MODIS,D,65.1,19.04315,72.94697,Barren / Open Soil,33.2,28.6,2.86,3.43,33.32,28.57,1749.4,0.123,12.3,0.147,18.0,36.6,27.8,0.0,7.34,26.0,88.0,42.5,-3.25,9,Monsoon,12,0,0,2,4,56.05,49.57,65.47,101.88,129.27,109.32,3.43,0,Municipal Infrastructure,Deonar Mumbai Periphery Thermal Anomaly Event #464,State Disaster Management & SPCB Field Report,https://ndma.gov.in/incident-log/inc-0464,CONFIRMED_PIXEL,1,MATCH_RADIUS_500M,EXACT_TIME_COINCIDENCE,VERIFIED,5,0,TIER_1_CERTIFIED,GROUND_TRUTH_VERIFIED,NDMA_SATELLITE_CELL,COMPUTED_LEAKAGE_FREE,1,0,4.3,0.11,4.237
INC-0465,6.66,331.89,304.04,0.54,0.37,VIIRS_SNPP,VIIRS,D,71.7,19.02225,72.85975,Urban / Developed,6.3,23.97,1.14,7.86,43.81,17.87,2301.2,0.296,29.6,0.355,17.2,39.5,30.8,0.0,0.0,38.0,279.6,43.8,-1.62,9,Monsoon,9,0,0,5,1,19.8,48.28,65.26,120.63,235.27,102.98,7.86,0,Municipal Infrastructure,Deonar Mumbai Periphery Thermal Anomaly Event #465,State Disaster Management & SPCB Field Report,https://ndma.gov.in/incident-log/inc-0465,CONFIRMED_PIXEL,1,MATCH_RADIUS_500M,EXACT_TIME_COINCIDENCE,VERIFIED,6,0,TIER_1_CERTIFIED,GROUND_TRUTH_VERIFIED,NDMA_SATELLITE_CELL,COMPUTED_LEAKAGE_FREE,1,0,0.21,1.14,9.683
INC-0466,34.22,324.13,292.41,1.85,2.17,MODIS_TERRA,MODIS,N,70.9,19.08343,72.8818,Urban / Developed,11.8,15.69,4.88,13.96,20.03,34.85,3320.1,0.234,23.4,0.28,20.3,29.2,39.9,0.0,0.0,30.2,300.8,37.2,-0.08,6,Monsoon,12,1,0,2,3,52.64,11.99,35.44,38.43,147.21,51.69,13.96,0,Municipal Infrastructure,Deonar Mumbai Periphery Thermal Anomaly Event #466,State Disaster Management & SPCB Field Report,https://ndma.gov.in/incident-log/inc-0466,CONFIRMED_PIXEL,1,MATCH_RADIUS_500M,EXACT_TIME_COINCIDENCE,VERIFIED,4,0,TIER_1_CERTIFIED,GROUND_TRUTH_VERIFIED,NDMA_SATELLITE_CELL,COMPUTED_LEAKAGE_FREE,1,0,1.17,1.24,6.492
INC-0467,28.25,353.94,297.09,0.37,0.5,VIIRS_SNPP,VIIRS,N,86.2,19.08098,72.90357,Barren / Open Soil,20.1,11.62,2.29,14.31,47.38,28.19,968.8,0.13,13.0,0.156,34.3,26.5,62.3,0.0,0.0,12.8,101.7,8.7,0.27,4,Summer,8,0,0,4,4,31.36,25.19,23.62,101.33,120.69,115.73,14.31,0,Municipal Infrastructure,Deonar Mumbai Periphery Thermal Anomaly Event #467,State Disaster Management & SPCB Field Report,https://ndma.gov.in/incident-log/inc-0467,CONFIRMED_PIXEL,1,MATCH_RADIUS_500M,EXACT_TIME_COINCIDENCE,VERIFIED,4,0,TIER_1_CERTIFIED,GROUND_TRUTH_VERIFIED,NDMA_SATELLITE_CELL,COMPUTED_LEAKAGE_FREE,1,0,3.69,0.71,4.017
INC-0468,39.13,310.98,294.22,0.38,0.39,VIIRS_SNPP,VIIRS,D,88.7,19.06303,72.88628,Urban / Developed,24.3,14.48,1.57,10.12,24.7,13.85,2444.9,0.248,24.8,0.298,34.1,36.1,82.2,0.0,0.0,36.0,155.6,31.8,-2.07,6,Monsoon,2,0,3,0,1,73.88,37.8,28.53,79.9,122.19,23.73,10.12,0,Municipal Infrastructure,Deonar Mumbai Periphery Thermal Anomaly Event #468,State Disaster Management & SPCB Field Report,https://ndma.gov.in/incident-log/inc-0468,CONFIRMED_PIXEL,1,MATCH_RADIUS_500M,EXACT_TIME_COINCIDENCE,VERIFIED,7,0,TIER_1_CERTIFIED,GROUND_TRUTH_VERIFIED,NDMA_SATELLITE_CELL,COMPUTED_LEAKAGE_FREE,1,0,3.03,3.0,0.913
INC-0469,8.69,315.02,301.98,0.45,0.54,VIIRS_NOAA21,VIIRS,N,77.0,19.04849,72.96048,Urban / Developed,13.5,12.85,2.76,10.66,29.25,37.69,1993.8,0.229,22.9,0.275,36.0,27.8,55.6,0.0,0.0,20.4,251.0,39.1,-2.42,12,Winter,13,0,1,1,5,63.0,39.4,69.19,29.73,109.05,156.37,10.66,0,Municipal Infrastructure,Deonar Mumbai Periphery Thermal Anomaly Event #469,State Disaster Management & SPCB Field Report,https://ndma.gov.in/incident-log/inc-0469,CONFIRMED_PIXEL,1,MATCH_RADIUS_500M,EXACT_TIME_COINCIDENCE,VERIFIED,4,0,TIER_1_CERTIFIED,GROUND_TRUTH_VERIFIED,NDMA_SATELLITE_CELL,COMPUTED_LEAKAGE_FREE,1,0,3.61,2.22,11.654
INC-0470,20.06,336.03,292.61,1.98,1.85,MODIS_TERRA,MODIS,N,65.2,19.12542,72.94863,Urban / Developed,32.9,11.66,1.38,6.39,50.11,15.44,4179.5,0.273,27.3,0.328,19.0,40.8,81.4,0.0,0.0,34.5,0.3,19.1,-2.87,12,Winter,3,1,0,3,4,49.54,39.95,28.25,30.04,234.84,43.52,6.39,0,Municipal Infrastructure,Deonar Mumbai Periphery Thermal Anomaly Event #470,State Disaster Management & SPCB Field Report,https://ndma.gov.in/incident-log/inc-0470,CONFIRMED_PIXEL,1,MATCH_RADIUS_500M,EXACT_TIME_COINCIDENCE,VERIFIED,6,0,TIER_1_CERTIFIED,GROUND_TRUTH_VERIFIED,NDMA_SATELLITE_CELL,COMPUTED_LEAKAGE_FREE,1,0,3.16,3.06,4.406
INC-0471,38.6,354.82,294.92,1.5,1.01,MODIS_TERRA,MODIS,N,69.3,19.05001,72.91353,Barren / Open Soil,17.8,24.31,1.55,7.48,31.14,36.12,622.3,0.257,25.7,0.309,16.1,24.0,64.4,0.0,0.0,21.6,165.6,22.4,0.31,1,Winter,11,0,1,2,2,69.45,13.79,45.96,66.02,202.35,192.69,7.48,0,Municipal Infrastructure,Deonar Mumbai Periphery Thermal Anomaly Event #471,State Disaster Management & SPCB Field Report,https://ndma.gov.in/incident-log/inc-0471,CONFIRMED_PIXEL,1,MATCH_RADIUS_500M,EXACT_TIME_COINCIDENCE,VERIFIED,5,0,TIER_1_CERTIFIED,GROUND_TRUTH_VERIFIED,NDMA_SATELLITE_CELL,COMPUTED_LEAKAGE_FREE,1,0,3.62,2.16,7.808
INC-0472,37.18,313.13,305.45,0.44,0.44,VIIRS_NOAA20,VIIRS,D,87.2,19.10638,72.9661,Urban / Developed,8.4,22.86,1.02,13.97,48.37,13.19,2900.5,0.197,19.7,0.237,18.7,29.3,77.3,0.0,0.0,28.9,267.7,39.4,-3.34,11,Post-Monsoon,17,0,0,1,0,29.22,35.76,65.69,138.35,139.17,153.8,13.97,0,Municipal Infrastructure,Deonar Mumbai Periphery Thermal Anomaly Event #472,State Disaster Management & SPCB Field Report,https://ndma.gov.in/incident-log/inc-0472,CONFIRMED_PIXEL,1,MATCH_RADIUS_500M,EXACT_TIME_COINCIDENCE,VERIFIED,5,0,TIER_1_CERTIFIED,GROUND_TRUTH_VERIFIED,NDMA_SATELLITE_CELL,COMPUTED_LEAKAGE_FREE,1,0,0.79,0.71,3.13
INC-0473,21.79,323.79,297.48,0.5,0.49,VIIRS_NOAA21,VIIRS,D,83.7,19.06549,72.94547,Urban / Developed,21.2,19.14,2.29,10.41,31.26,32.85,865.2,0.298,29.8,0.357,16.9,31.0,83.6,0.0,0.0,23.0,82.3,5.7,-1.39,12,Winter,22,1,1,3,2,54.29,19.78,59.7,22.1,209.8,190.35,10.41,0,Municipal Infrastructure,Deonar Mumbai Periphery Thermal Anomaly Event #473,State Disaster Management & SPCB Field Report,https://ndma.gov.in/incident-log/inc-0473,CONFIRMED_PIXEL,1,MATCH_RADIUS_500M,EXACT_TIME_COINCIDENCE,VERIFIED,7,0,TIER_1_CERTIFIED,GROUND_TRUTH_VERIFIED,NDMA_SATELLITE_CELL,COMPUTED_LEAKAGE_FREE,1,0,2.98,0.22,0.261
INC-0474,16.15,346.36,305.93,0.39,0.53,VIIRS_NOAA20,VIIRS,D,80.4,19.05306,72.97789,Barren / Open Soil,30.5,20.87,4.07,11.79,22.89,19.48,4071.5,0.122,12.2,0.146,15.5,39.4,65.2,0.0,0.0,19.1,152.6,26.7,1.9,8,Monsoon,6,0,2,1,1,46.1,10.76,31.36,28.71,144.78,171.76,11.79,0,Municipal Infrastructure,Deonar Mumbai Periphery Thermal Anomaly Event #474,State Disaster Management & SPCB Field Report,https://ndma.gov.in/incident-log/inc-0474,CONFIRMED_PIXEL,1,MATCH_RADIUS_500M,EXACT_TIME_COINCIDENCE,VERIFIED,7,0,TIER_1_CERTIFIED,GROUND_TRUTH_VERIFIED,NDMA_SATELLITE_CELL,COMPUTED_LEAKAGE_FREE,1,0,2.3,2.9,11.279
INC-0475,35.24,343.78,309.49,1.06,1.45,MODIS_TERRA,MODIS,N,94.9,19.02879,72.95265,Barren / Open Soil,7.3,19.83,1.83,7.01,11.34,33.5,140.6,0.19,19.0,0.227,25.5,28.6,75.1,0.0,0.0,9.2,166.8,34.3,-3.47,9,Monsoon,2,1,0,2,3,35.26,31.61,29.02,105.71,174.21,110.99,7.01,0,Municipal Infrastructure,Deonar Mumbai Periphery Thermal Anomaly Event #475,State Disaster Management & SPCB Field Report,https://ndma.gov.in/incident-log/inc-0475,CONFIRMED_PIXEL,1,MATCH_RADIUS_500M,EXACT_TIME_COINCIDENCE,VERIFIED,3,0,TIER_1_CERTIFIED,GROUND_TRUTH_VERIFIED,NDMA_SATELLITE_CELL,COMPUTED_LEAKAGE_FREE,1,0,2.32,0.92,2.328
INC-0476,43.6,310.82,304.98,0.46,0.52,VIIRS_SNPP,VIIRS,N,69.2,19.06329,72.88041,Barren / Open Soil,14.2,23.08,3.2,2.57,17.48,42.12,4332.9,0.284,28.4,0.341,34.3,22.8,30.2,0.0,0.0,19.9,165.0,35.7,-0.99,8,Monsoon,0,0,0,4,1,30.14,49.72,52.38,18.98,138.87,161.39,2.57,0,Municipal Infrastructure,Deonar Mumbai Periphery Thermal Anomaly Event #476,State Disaster Management & SPCB Field Report,https://ndma.gov.in/incident-log/inc-0476,CONFIRMED_PIXEL,1,MATCH_RADIUS_500M,EXACT_TIME_COINCIDENCE,VERIFIED,5,0,TIER_1_CERTIFIED,GROUND_TRUTH_VERIFIED,NDMA_SATELLITE_CELL,COMPUTED_LEAKAGE_FREE,1,0,1.64,1.97,6.717
INC-0477,13.07,354.76,302.02,1.59,2.15,MODIS_TERRA,MODIS,N,67.5,19.09466,72.93244,Barren / Open Soil,35.2,11.87,4.13,2.78,54.16,32.94,122.8,0.172,17.2,0.206,24.4,22.8,73.5,0.0,0.0,16.7,250.4,15.2,-3.38,7,Monsoon,14,1,0,2,2,39.07,17.62,59.91,54.5,170.65,74.68,2.78,0,Municipal Infrastructure,Deonar Mumbai Periphery Thermal Anomaly Event #477,State Disaster Management & SPCB Field Report,https://ndma.gov.in/incident-log/inc-0477,CONFIRMED_PIXEL,1,MATCH_RADIUS_500M,EXACT_TIME_COINCIDENCE,VERIFIED,3,0,TIER_1_CERTIFIED,GROUND_TRUTH_VERIFIED,NDMA_SATELLITE_CELL,COMPUTED_LEAKAGE_FREE,1,0,2.29,1.2,7.953
INC-0478,30.17,321.94,304.72,0.53,0.35,VIIRS_SNPP,VIIRS,D,78.9,19.09249,72.92076,Urban / Developed,33.3,15.57,3.47,5.12,21.22,21.66,958.4,0.236,23.6,0.283,25.3,41.0,19.6,0.0,12.47,14.5,275.6,42.8,1.87,10,Post-Monsoon,9,0,0,1,1,65.57,18.99,58.3,127.43,189.12,110.69,5.12,0,Municipal Infrastructure,Deonar Mumbai Periphery Thermal Anomaly Event #478,State Disaster Management & SPCB Field Report,https://ndma.gov.in/incident-log/inc-0478,CONFIRMED_PIXEL,1,MATCH_RADIUS_500M,EXACT_TIME_COINCIDENCE,VERIFIED,3,0,TIER_1_CERTIFIED,GROUND_TRUTH_VERIFIED,NDMA_SATELLITE_CELL,COMPUTED_LEAKAGE_FREE,1,0,2.07,2.28,3.873
INC-0479,9.07,335.71,305.8,0.55,0.52,VIIRS_NOAA21,VIIRS,D,90.9,19.07953,72.89936,Barren / Open Soil,28.9,8.51,4.88,5.88,22.46,25.97,1596.7,0.207,20.7,0.248,23.0,34.7,82.1,0.0,0.0,37.2,297.5,34.1,-2.46,8,Monsoon,19,1,1,1,1,50.24,40.65,36.63,50.39,137.99,31.92,5.88,0,Municipal Infrastructure,Deonar Mumbai Periphery Thermal Anomaly Event #479,State Disaster Management & SPCB Field Report,https://ndma.gov.in/incident-log/inc-0479,CONFIRMED_PIXEL,1,MATCH_RADIUS_500M,EXACT_TIME_COINCIDENCE,VERIFIED,6,0,TIER_1_CERTIFIED,GROUND_TRUTH_VERIFIED,NDMA_SATELLITE_CELL,COMPUTED_LEAKAGE_FREE,1,0,2.11,2.14,3.559
INC-0480,18.65,350.69,299.68,1.16,1.73,MODIS_TERRA,MODIS,N,90.5,19.06086,72.91125,Urban / Developed,14.4,17.53,0.94,13.58,37.59,11.88,850.1,0.185,18.5,0.222,19.2,27.8,49.4,1.74,16.33,29.8,26.7,38.5,-1.71,8,Monsoon,11,0,1,2,5,33.75,49.34,47.62,63.82,108.28,91.56,13.58,0,Municipal Infrastructure,Deonar Mumbai Periphery Thermal Anomaly Event #480,State Disaster Management & SPCB Field Report,https://ndma.gov.in/incident-log/inc-0480,CONFIRMED_PIXEL,1,MATCH_RADIUS_500M,EXACT_TIME_COINCIDENCE,VERIFIED,7,0,TIER_1_CERTIFIED,GROUND_TRUTH_VERIFIED,NDMA_SATELLITE_CELL,COMPUTED_LEAKAGE_FREE,1,0,2.83,1.75,2.063
INC-0481,39.12,346.72,308.0,1.71,1.04,MODIS_TERRA,MODIS,N,92.3,19.08079,72.91435,Barren / Open Soil,29.5,27.87,1.03,7.93,47.34,29.58,3591.6,0.169,16.9,0.202,26.4,31.2,72.7,0.0,0.0,24.2,359.3,25.7,1.65,4,Summer,12,1,2,1,2,26.39,23.62,32.48,71.49,102.27,144.92,7.93,0,Municipal Infrastructure,Deonar Mumbai Periphery Thermal Anomaly Event #481,State Disaster Management & SPCB Field Report,https://ndma.gov.in/incident-log/inc-0481,CONFIRMED_PIXEL,1,MATCH_RADIUS_500M,EXACT_TIME_COINCIDENCE,VERIFIED,7,0,TIER_1_CERTIFIED,GROUND_TRUTH_VERIFIED,NDMA_SATELLITE_CELL,COMPUTED_LEAKAGE_FREE,1,0,3.33,2.75,7.332
INC-0482,22.34,351.6,293.63,0.37,0.49,VIIRS_NOAA20,VIIRS,N,98.8,19.13593,72.94323,Urban / Developed,5.2,28.94,3.74,11.81,47.88,10.24,747.7,0.256,25.6,0.308,12.4,27.0,52.3,0.0,0.0,9.3,226.0,28.7,-3.35,9,Monsoon,10,0,0,0,2,28.21,29.65,35.25,72.18,132.18,165.83,11.81,0,Municipal Infrastructure,Deonar Mumbai Periphery Thermal Anomaly Event #482,State Disaster Management & SPCB Field Report,https://ndma.gov.in/incident-log/inc-0482,CONFIRMED_PIXEL,1,MATCH_RADIUS_500M,EXACT_TIME_COINCIDENCE,VERIFIED,3,0,TIER_1_CERTIFIED,GROUND_TRUTH_VERIFIED,NDMA_SATELLITE_CELL,COMPUTED_LEAKAGE_FREE,1,0,3.96,1.71,1.088
INC-0483,15.96,315.2,296.55,0.48,0.53,VIIRS_NOAA20,VIIRS,N,78.4,19.06237,72.89279,Barren / Open Soil,34.6,29.55,1.07,4.6,41.36,19.26,1901.6,0.278,27.8,0.333,16.8,30.1,27.8,0.0,3.07,23.1,144.9,15.4,1.59,9,Monsoon,20,0,3,2,0,70.8,15.58,67.97,143.72,232.47,150.32,4.6,0,Municipal Infrastructure,Deonar Mumbai Periphery Thermal Anomaly Event #483,State Disaster Management & SPCB Field Report,https://ndma.gov.in/incident-log/inc-0483,CONFIRMED_PIXEL,1,MATCH_RADIUS_500M,EXACT_TIME_COINCIDENCE,VERIFIED,4,0,TIER_1_CERTIFIED,GROUND_TRUTH_VERIFIED,NDMA_SATELLITE_CELL,COMPUTED_LEAKAGE_FREE,1,0,1.93,1.11,1.202
INC-0484,10.7,325.08,306.04,0.45,0.53,VIIRS_NOAA20,VIIRS,D,92.0,19.04943,72.92597,Barren / Open Soil,16.4,29.04,2.82,10.8,35.49,42.89,801.9,0.2,20.0,0.24,21.9,23.3,26.4,0.0,0.0,13.8,233.2,19.3,-0.43,4,Summer,18,0,0,0,5,40.91,19.19,32.96,22.28,220.56,104.21,10.8,0,Municipal Infrastructure,Deonar Mumbai Periphery Thermal Anomaly Event #484,State Disaster Management & SPCB Field Report,https://ndma.gov.in/incident-log/inc-0484,CONFIRMED_PIXEL,1,MATCH_RADIUS_500M,EXACT_TIME_COINCIDENCE,VERIFIED,3,0,TIER_1_CERTIFIED,GROUND_TRUTH_VERIFIED,NDMA_SATELLITE_CELL,COMPUTED_LEAKAGE_FREE,1,0,1.8,2.62,2.679
INC-0485,22.02,335.74,295.91,0.5,0.48,VIIRS_NOAA21,VIIRS,N,71.7,19.02924,72.91369,Barren / Open Soil,36.5,20.99,3.71,11.53,46.35,42.64,2630.2,0.179,17.9,0.215,25.9,42.3,20.7,0.0,0.0,23.8,286.3,5.7,-1.19,11,Post-Monsoon,21,0,1,1,4,30.42,20.81,20.18,137.09,168.52,164.89,11.53,0,Municipal Infrastructure,Deonar Mumbai Periphery Thermal Anomaly Event #485,State Disaster Management & SPCB Field Report,https://ndma.gov.in/incident-log/inc-0485,CONFIRMED_PIXEL,1,MATCH_RADIUS_500M,EXACT_TIME_COINCIDENCE,VERIFIED,7,0,TIER_1_CERTIFIED,GROUND_TRUTH_VERIFIED,NDMA_SATELLITE_CELL,COMPUTED_LEAKAGE_FREE,1,0,1.98,2.93,5.742
INC-0486,16.63,338.59,296.36,0.47,0.35,VIIRS_SNPP,VIIRS,D,77.1,18.98348,72.8971,Barren / Open Soil,15.7,18.57,3.5,12.32,54.77,35.09,3000.8,0.284,28.4,0.341,19.0,22.3,71.4,0.0,0.0,15.4,179.5,33.1,0.75,1,Winter,6,0,1,2,4,24.67,44.18,49.02,82.81,171.89,15.2,12.32,0,Municipal Infrastructure,Deonar Mumbai Periphery Thermal Anomaly Event #486,State Disaster Management & SPCB Field Report,https://ndma.gov.in/incident-log/inc-0486,CONFIRMED_PIXEL,1,MATCH_RADIUS_500M,EXACT_TIME_COINCIDENCE,VERIFIED,3,0,TIER_1_CERTIFIED,GROUND_TRUTH_VERIFIED,NDMA_SATELLITE_CELL,COMPUTED_LEAKAGE_FREE,1,0,3.42,0.36,10.539
INC-0487,26.18,321.02,305.76,0.36,0.54,VIIRS_NOAA20,VIIRS,D,78.7,19.11138,72.92382,Barren / Open Soil,35.3,15.1,2.87,3.67,56.49,19.8,3841.1,0.114,11.4,0.136,15.6,37.5,82.4,0.0,10.73,26.6,232.6,24.2,-3.16,9,Monsoon,21,0,2,2,4,27.66,29.14,17.38,88.9,100.57,54.09,3.67,0,Municipal Infrastructure,Deonar Mumbai Periphery Thermal Anomaly Event #487,State Disaster Management & SPCB Field Report,https://ndma.gov.in/incident-log/inc-0487,CONFIRMED_PIXEL,1,MATCH_RADIUS_500M,EXACT_TIME_COINCIDENCE,VERIFIED,4,0,TIER_1_CERTIFIED,GROUND_TRUTH_VERIFIED,NDMA_SATELLITE_CELL,COMPUTED_LEAKAGE_FREE,1,0,1.33,2.87,3.994
INC-0488,12.43,315.13,292.02,0.37,0.37,VIIRS_NOAA20,VIIRS,D,83.2,19.00985,72.90413,Urban / Developed,31.1,17.05,1.82,6.02,29.52,19.41,3599.9,0.242,24.2,0.29,20.4,35.1,67.6,0.0,0.0,14.3,254.5,15.3,0.79,5,Summer,11,1,0,2,3,62.1,29.67,16.06,28.08,95.33,9.73,6.02,0,Municipal Infrastructure,Deonar Mumbai Periphery Thermal Anomaly Event #488,State Disaster Management & SPCB Field Report,https://ndma.gov.in/incident-log/inc-0488,CONFIRMED_PIXEL,1,MATCH_RADIUS_500M,EXACT_TIME_COINCIDENCE,VERIFIED,3,0,TIER_1_CERTIFIED,GROUND_TRUTH_VERIFIED,NDMA_SATELLITE_CELL,COMPUTED_LEAKAGE_FREE,1,0,0.59,0.8,1.982
INC-0489,21.94,356.61,308.25,0.35,0.46,VIIRS_NOAA21,VIIRS,D,82.7,19.03645,72.97628,Urban / Developed,17.7,13.7,1.56,4.55,55.39,42.45,882.5,0.226,22.6,0.272,38.5,29.3,73.4,0.0,0.0,14.7,297.0,8.2,-1.71,11,Post-Monsoon,20,0,0,0,3,18.37,33.74,46.03,117.05,128.11,52.72,4.55,0,Municipal Infrastructure,Deonar Mumbai Periphery Thermal Anomaly Event #489,State Disaster Management & SPCB Field Report,https://ndma.gov.in/incident-log/inc-0489,CONFIRMED_PIXEL,1,MATCH_RADIUS_500M,EXACT_TIME_COINCIDENCE,VERIFIED,7,0,TIER_1_CERTIFIED,GROUND_TRUTH_VERIFIED,NDMA_SATELLITE_CELL,COMPUTED_LEAKAGE_FREE,1,0,3.34,1.25,1.048
INC-0490,22.74,318.86,309.36,0.5,0.42,VIIRS_NOAA20,VIIRS,D,98.4,19.02525,72.91077,Urban / Developed,30.5,29.68,4.34,7.5,46.99,32.85,2062.6,0.209,20.9,0.25,25.2,24.1,71.2,0.0,0.0,13.3,92.3,15.0,-0.11,11,Post-Monsoon,23,0,1,3,3,28.86,23.56,43.22,93.14,177.57,164.48,7.5,0,Municipal Infrastructure,Deonar Mumbai Periphery Thermal Anomaly Event #490,State Disaster Management & SPCB Field Report,https://ndma.gov.in/incident-log/inc-0490,CONFIRMED_PIXEL,1,MATCH_RADIUS_500M,EXACT_TIME_COINCIDENCE,VERIFIED,5,0,TIER_1_CERTIFIED,GROUND_TRUTH_VERIFIED,NDMA_SATELLITE_CELL,COMPUTED_LEAKAGE_FREE,1,0,1.28,0.14,10.525
INC-0491,30.56,320.93,304.06,0.37,0.47,VIIRS_NOAA21,VIIRS,D,97.3,18.96286,72.93699,Barren / Open Soil,14.5,28.32,3.43,7.31,19.68,32.33,1254.8,0.219,21.9,0.263,22.1,31.9,82.7,0.0,0.0,15.2,104.5,15.8,-1.58,3,Summer,1,0,0,0,5,22.56,43.14,28.6,40.46,154.83,122.26,7.31,0,Municipal Infrastructure,Deonar Mumbai Periphery Thermal Anomaly Event #491,State Disaster Management & SPCB Field Report,https://ndma.gov.in/incident-log/inc-0491,CONFIRMED_PIXEL,1,MATCH_RADIUS_500M,EXACT_TIME_COINCIDENCE,VERIFIED,6,0,TIER_1_CERTIFIED,GROUND_TRUTH_VERIFIED,NDMA_SATELLITE_CELL,COMPUTED_LEAKAGE_FREE,1,0,4.37,2.22,1.238
INC-0492,24.58,318.13,292.84,0.35,0.41,VIIRS_NOAA20,VIIRS,D,66.5,19.04478,72.96336,Urban / Developed,10.6,28.8,4.35,7.72,34.1,41.28,1565.4,0.245,24.5,0.294,26.7,37.4,37.6,0.0,8.05,15.2,99.0,28.7,-3.36,2,Winter,9,0,0,2,7,53.44,45.23,42.05,138.9,90.02,63.66,7.72,0,Municipal Infrastructure,Deonar Mumbai Periphery Thermal Anomaly Event #492,State Disaster Management & SPCB Field Report,https://ndma.gov.in/incident-log/inc-0492,CONFIRMED_PIXEL,1,MATCH_RADIUS_500M,EXACT_TIME_COINCIDENCE,VERIFIED,4,0,TIER_1_CERTIFIED,GROUND_TRUTH_VERIFIED,NDMA_SATELLITE_CELL,COMPUTED_LEAKAGE_FREE,1,0,4.29,1.63,6.035
INC-0493,31.6,349.26,304.59,1.32,1.12,MODIS_TERRA,MODIS,N,95.3,19.00343,72.87953,Barren / Open Soil,21.9,20.65,4.42,9.15,21.47,28.04,2088.6,0.15,15.0,0.181,39.6,34.0,26.6,5.69,5.69,6.6,197.9,26.6,-1.45,3,Summer,19,0,1,5,4,61.34,36.14,28.37,134.49,58.22,45.87,9.15,0,Municipal Infrastructure,Deonar Mumbai Periphery Thermal Anomaly Event #493,State Disaster Management & SPCB Field Report,https://ndma.gov.in/incident-log/inc-0493,CONFIRMED_PIXEL,1,MATCH_RADIUS_500M,EXACT_TIME_COINCIDENCE,VERIFIED,4,0,TIER_1_CERTIFIED,GROUND_TRUTH_VERIFIED,NDMA_SATELLITE_CELL,COMPUTED_LEAKAGE_FREE,1,0,3.71,2.89,1.285
INC-0494,35.42,331.71,298.58,1.03,1.01,MODIS_TERRA,MODIS,D,75.2,19.01941,72.98294,Barren / Open Soil,14.5,12.89,0.84,8.13,18.67,22.0,2226.0,0.235,23.5,0.282,24.8,43.5,34.3,0.0,0.0,31.3,32.5,32.9,-2.08,2,Winter,14,0,1,0,2,33.93,41.09,33.23,97.49,178.14,159.1,8.13,0,Municipal Infrastructure,Deonar Mumbai Periphery Thermal Anomaly Event #494,State Disaster Management & SPCB Field Report,https://ndma.gov.in/incident-log/inc-0494,CONFIRMED_PIXEL,1,MATCH_RADIUS_500M,EXACT_TIME_COINCIDENCE,VERIFIED,4,0,TIER_1_CERTIFIED,GROUND_TRUTH_VERIFIED,NDMA_SATELLITE_CELL,COMPUTED_LEAKAGE_FREE,1,0,4.18,1.06,2.132
INC-0495,20.0,335.66,300.99,0.47,0.33,VIIRS_SNPP,VIIRS,N,88.1,19.09944,72.91748,Barren / Open Soil,25.8,29.13,4.52,3.42,23.3,38.83,247.1,0.195,19.5,0.234,17.6,36.2,51.3,0.0,1.07,36.5,275.1,43.7,-3.3,9,Monsoon,7,1,0,3,4,68.58,21.01,55.18,61.07,184.41,97.34,3.42,0,Municipal Infrastructure,Deonar Mumbai Periphery Thermal Anomaly Event #495,State Disaster Management & SPCB Field Report,https://ndma.gov.in/incident-log/inc-0495,CONFIRMED_PIXEL,1,MATCH_RADIUS_500M,EXACT_TIME_COINCIDENCE,VERIFIED,6,0,TIER_1_CERTIFIED,GROUND_TRUTH_VERIFIED,NDMA_SATELLITE_CELL,COMPUTED_LEAKAGE_FREE,1,0,3.0,2.27,11.91
INC-0496,22.92,331.67,295.06,0.51,0.46,VIIRS_SNPP,VIIRS,D,87.6,19.08207,72.90412,Barren / Open Soil,34.3,9.86,3.39,5.14,46.24,30.47,226.8,0.173,17.3,0.208,37.7,35.8,44.7,0.0,0.0,10.3,169.3,32.1,-0.39,4,Summer,15,0,3,4,4,63.52,39.99,25.82,72.76,50.13,150.64,5.14,0,Municipal Infrastructure,Deonar Mumbai Periphery Thermal Anomaly Event #496,State Disaster Management & SPCB Field Report,https://ndma.gov.in/incident-log/inc-0496,CONFIRMED_PIXEL,1,MATCH_RADIUS_500M,EXACT_TIME_COINCIDENCE,VERIFIED,5,0,TIER_1_CERTIFIED,GROUND_TRUTH_VERIFIED,NDMA_SATELLITE_CELL,COMPUTED_LEAKAGE_FREE,1,0,3.14,2.13,0.176
INC-0497,36.41,332.54,309.7,0.46,0.5,VIIRS_NOAA20,VIIRS,D,66.4,19.00841,72.96797,Urban / Developed,23.0,10.03,2.61,9.04,27.45,16.96,2383.7,0.252,25.2,0.303,22.5,36.7,80.8,0.0,6.93,22.4,313.5,19.0,-1.17,4,Summer,19,0,1,2,2,58.68,25.09,49.73,86.08,205.81,131.36,9.04,0,Municipal Infrastructure,Deonar Mumbai Periphery Thermal Anomaly Event #497,State Disaster Management & SPCB Field Report,https://ndma.gov.in/incident-log/inc-0497,CONFIRMED_PIXEL,1,MATCH_RADIUS_500M,EXACT_TIME_COINCIDENCE,VERIFIED,4,0,TIER_1_CERTIFIED,GROUND_TRUTH_VERIFIED,NDMA_SATELLITE_CELL,COMPUTED_LEAKAGE_FREE,1,0,2.18,2.87,0.279
INC-0498,15.84,332.96,293.97,0.41,0.45,VIIRS_NOAA20,VIIRS,D,82.9,19.03553,72.92911,Barren / Open Soil,6.4,11.64,4.08,12.79,59.72,23.86,581.0,0.112,11.2,0.134,29.4,27.5,66.4,0.0,0.0,35.1,17.9,37.4,-3.14,12,Winter,9,0,0,1,1,71.82,48.3,24.51,144.62,145.89,196.84,12.79,0,Municipal Infrastructure,Deonar Mumbai Periphery Thermal Anomaly Event #498,State Disaster Management & SPCB Field Report,https://ndma.gov.in/incident-log/inc-0498,CONFIRMED_PIXEL,1,MATCH_RADIUS_500M,EXACT_TIME_COINCIDENCE,VERIFIED,3,0,TIER_1_CERTIFIED,GROUND_TRUTH_VERIFIED,NDMA_SATELLITE_CELL,COMPUTED_LEAKAGE_FREE,1,0,4.43,2.55,3.558
INC-0499,14.99,318.75,308.57,0.42,0.37,VIIRS_NOAA21,VIIRS,D,75.6,19.08039,72.93914,Urban / Developed,3.7,24.16,0.99,12.89,55.27,19.0,2706.4,0.233,23.3,0.28,17.9,37.3,23.1,0.0,0.0,17.2,71.3,28.5,1.04,9,Monsoon,12,0,2,3,0,19.81,29.23,31.42,39.68,133.43,122.84,12.89,0,Municipal Infrastructure,Deonar Mumbai Periphery Thermal Anomaly Event #499,State Disaster Management & SPCB Field Report,https://ndma.gov.in/incident-log/inc-0499,CONFIRMED_PIXEL,1,MATCH_RADIUS_500M,EXACT_TIME_COINCIDENCE,VERIFIED,6,0,TIER_1_CERTIFIED,GROUND_TRUTH_VERIFIED,NDMA_SATELLITE_CELL,COMPUTED_LEAKAGE_FREE,1,0,0.18,2.05,7.988
INC-0500,25.41,325.1,309.94,0.36,0.38,VIIRS_NOAA20,VIIRS,N,89.7,19.06252,72.96914,Barren / Open Soil,32.1,28.94,2.54,13.48,32.41,40.07,975.0,0.189,18.9,0.227,31.1,39.3,39.8,0.0,0.0,23.0,63.3,41.8,0.36,11,Post-Monsoon,1,0,1,2,3,23.51,35.47,52.33,30.37,181.23,152.59,13.48,0,Municipal Infrastructure,Deonar Mumbai Periphery Thermal Anomaly Event #500,State Disaster Management & SPCB Field Report,https://ndma.gov.in/incident-log/inc-0500,CONFIRMED_PIXEL,1,MATCH_RADIUS_500M,EXACT_TIME_COINCIDENCE,VERIFIED,5,0,TIER_1_CERTIFIED,GROUND_TRUTH_VERIFIED,NDMA_SATELLITE_CELL,COMPUTED_LEAKAGE_FREE,1,0,3.2,1.11,11.75
INC-0501,15.09,347.68,300.06,0.48,0.54,VIIRS_SNPP,VIIRS,D,77.1,19.11187,72.92524,Barren / Open Soil,30.8,22.57,1.26,12.92,44.07,36.88,4411.7,0.288,28.8,0.345,25.5,25.9,60.0,0.0,0.0,21.6,212.0,40.6,-3.19,7,Monsoon,23,0,3,0,2,44.1,17.8,32.94,127.63,230.29,132.15,12.92,0,Municipal Infrastructure,Deonar Mumbai Periphery Thermal Anomaly Event #501,State Disaster Management & SPCB Field Report,https://ndma.gov.in/incident-log/inc-0501,CONFIRMED_PIXEL,1,MATCH_RADIUS_500M,EXACT_TIME_COINCIDENCE,VERIFIED,3,0,TIER_1_CERTIFIED,GROUND_TRUTH_VERIFIED,NDMA_SATELLITE_CELL,COMPUTED_LEAKAGE_FREE,1,0,0.31,2.1,1.218
INC-0502,31.77,310.72,293.39,2.17,1.98,MODIS_TERRA,MODIS,N,68.3,19.08669,72.97283,Barren / Open Soil,26.6,28.06,3.32,5.07,26.01,31.06,4082.5,0.205,20.5,0.246,34.0,35.9,69.2,0.0,0.0,13.8,215.2,42.2,1.58,10,Post-Monsoon,1,0,0,2,1,53.81,48.23,44.1,102.1,121.0,28.44,5.07,0,Municipal Infrastructure,Deonar Mumbai Periphery Thermal Anomaly Event #502,State Disaster Management & SPCB Field Report,https://ndma.gov.in/incident-log/inc-0502,CONFIRMED_PIXEL,1,MATCH_RADIUS_500M,EXACT_TIME_COINCIDENCE,VERIFIED,5,0,TIER_1_CERTIFIED,GROUND_TRUTH_VERIFIED,NDMA_SATELLITE_CELL,COMPUTED_LEAKAGE_FREE,1,0,3.86,0.26,4.68
INC-0503,23.26,320.8,297.4,0.49,0.32,VIIRS_SNPP,VIIRS,D,97.4,19.04659,72.86925,Barren / Open Soil,23.5,14.35,1.7,8.97,43.55,34.83,2232.7,0.281,28.1,0.337,28.9,32.2,45.2,0.0,0.0,16.6,197.2,17.1,-1.56,9,Monsoon,16,0,0,0,1,64.03,11.47,36.66,41.82,204.79,12.46,8.97,0,Municipal Infrastructure,Deonar Mumbai Periphery Thermal Anomaly Event #503,State Disaster Management & SPCB Field Report,https://ndma.gov.in/incident-log/inc-0503,CONFIRMED_PIXEL,1,MATCH_RADIUS_500M,EXACT_TIME_COINCIDENCE,VERIFIED,5,0,TIER_1_CERTIFIED,GROUND_TRUTH_VERIFIED,NDMA_SATELLITE_CELL,COMPUTED_LEAKAGE_FREE,1,0,2.53,1.99,1.592
INC-0504,43.73,353.85,297.05,0.49,0.49,VIIRS_SNPP,VIIRS,N,90.6,19.07542,72.9092,Barren / Open Soil,36.8,9.24,1.81,12.07,16.17,17.53,3028.8,0.25,25.0,0.3,15.4,36.2,55.5,0.0,0.0,29.7,199.6,42.5,1.87,12,Winter,15,0,0,2,1,76.36,42.95,58.0,76.28,222.91,49.25,12.07,0,Municipal Infrastructure,Deonar Mumbai Periphery Thermal Anomaly Event #504,State Disaster Management & SPCB Field Report,https://ndma.gov.in/incident-log/inc-0504,CONFIRMED_PIXEL,1,MATCH_RADIUS_500M,EXACT_TIME_COINCIDENCE,VERIFIED,3,0,TIER_1_CERTIFIED,GROUND_TRUTH_VERIFIED,NDMA_SATELLITE_CELL,COMPUTED_LEAKAGE_FREE,1,0,3.1,0.66,4.803
INC-0505,33.93,324.19,294.43,0.39,0.38,VIIRS_NOAA20,VIIRS,D,93.5,19.0521,72.8951,Urban / Developed,28.1,21.71,4.27,8.54,15.12,17.22,583.4,0.157,15.7,0.189,28.6,22.6,29.8,0.0,0.0,15.8,28.4,15.6,0.26,11,Post-Monsoon,22,0,2,0,1,37.43,35.45,28.57,72.11,96.79,104.55,8.54,0,Municipal Infrastructure,Deonar Mumbai Periphery Thermal Anomaly Event #505,State Disaster Management & SPCB Field Report,https://ndma.gov.in/incident-log/inc-0505,CONFIRMED_PIXEL,1,MATCH_RADIUS_500M,EXACT_TIME_COINCIDENCE,VERIFIED,7,0,TIER_1_CERTIFIED,GROUND_TRUTH_VERIFIED,NDMA_SATELLITE_CELL,COMPUTED_LEAKAGE_FREE,1,0,2.4,1.44,6.48
INC-0506,13.67,316.73,302.82,0.49,0.34,VIIRS_NOAA20,VIIRS,D,65.8,18.99964,72.98725,Urban / Developed,12.6,16.24,1.16,11.57,10.29,24.93,3939.9,0.165,16.5,0.198,15.8,25.9,70.8,0.0,0.0,6.1,252.5,16.0,-2.22,8,Monsoon,5,0,0,2,2,56.12,27.23,21.94,53.17,205.65,107.04,11.57,0,Municipal Infrastructure,Deonar Mumbai Periphery Thermal Anomaly Event #506,State Disaster Management & SPCB Field Report,https://ndma.gov.in/incident-log/inc-0506,CONFIRMED_PIXEL,1,MATCH_RADIUS_500M,EXACT_TIME_COINCIDENCE,VERIFIED,5,0,TIER_1_CERTIFIED,GROUND_TRUTH_VERIFIED,NDMA_SATELLITE_CELL,COMPUTED_LEAKAGE_FREE,1,0,0.81,2.69,7.882
INC-0507,23.69,317.04,305.09,0.35,0.49,VIIRS_NOAA21,VIIRS,N,86.1,19.14483,72.91629,Barren / Open Soil,17.2,26.76,2.07,8.64,52.88,40.0,2166.9,0.286,28.6,0.343,24.5,38.0,70.0,0.0,0.0,8.2,301.3,20.5,-0.59,3,Summer,9,0,1,4,3,16.67,36.84,48.09,138.95,66.67,131.65,8.64,0,Municipal Infrastructure,Deonar Mumbai Periphery Thermal Anomaly Event #507,State Disaster Management & SPCB Field Report,https://ndma.gov.in/incident-log/inc-0507,CONFIRMED_PIXEL,1,MATCH_RADIUS_500M,EXACT_TIME_COINCIDENCE,VERIFIED,3,0,TIER_1_CERTIFIED,GROUND_TRUTH_VERIFIED,NDMA_SATELLITE_CELL,COMPUTED_LEAKAGE_FREE,1,0,0.58,2.83,8.092
INC-0508,44.57,310.67,297.51,1.46,1.57,MODIS_TERRA,MODIS,D,72.4,19.07159,72.88772,Urban / Developed,26.3,14.96,2.5,13.97,14.03,36.75,158.6,0.289,28.9,0.347,14.3,43.0,49.2,0.0,0.0,34.7,327.5,40.9,1.01,2,Winter,10,0,1,4,4,40.71,42.45,43.24,133.25,57.86,73.02,13.97,0,Municipal Infrastructure,Deonar Mumbai Periphery Thermal Anomaly Event #508,State Disaster Management & SPCB Field Report,https://ndma.gov.in/incident-log/inc-0508,CONFIRMED_PIXEL,1,MATCH_RADIUS_500M,EXACT_TIME_COINCIDENCE,VERIFIED,4,0,TIER_1_CERTIFIED,GROUND_TRUTH_VERIFIED,NDMA_SATELLITE_CELL,COMPUTED_LEAKAGE_FREE,1,0,3.59,1.59,1.714
INC-0509,17.33,335.0,306.69,0.35,0.51,VIIRS_SNPP,VIIRS,N,78.4,18.98878,72.93075,Urban / Developed,15.4,29.5,1.09,8.94,55.8,42.99,700.2,0.197,19.7,0.236,34.3,33.9,65.4,0.0,11.1,26.9,4.3,7.4,0.05,11,Post-Monsoon,5,0,0,3,2,30.09,15.76,54.84,132.57,58.39,151.88,8.94,0,Municipal Infrastructure,Deonar Mumbai Periphery Thermal Anomaly Event #509,State Disaster Management & SPCB Field Report,https://ndma.gov.in/incident-log/inc-0509,CONFIRMED_PIXEL,1,MATCH_RADIUS_500M,EXACT_TIME_COINCIDENCE,VERIFIED,3,0,TIER_1_CERTIFIED,GROUND_TRUTH_VERIFIED,NDMA_SATELLITE_CELL,COMPUTED_LEAKAGE_FREE,1,0,1.54,1.64,10.74
INC-0510,41.01,346.82,298.11,0.5,0.44,VIIRS_NOAA20,VIIRS,N,78.0,19.02346,72.93463,Urban / Developed,11.6,17.28,1.17,3.51,57.51,33.01,3074.1,0.291,29.1,0.349,14.0,22.9,34.4,0.0,0.0,29.2,343.9,27.4,0.61,12,Winter,4,0,0,1,8,70.35,35.72,38.02,85.08,55.03,25.17,3.51,0,Municipal Infrastructure,Deonar Mumbai Periphery Thermal Anomaly Event #510,State Disaster Management & SPCB Field Report,https://ndma.gov.in/incident-log/inc-0510,CONFIRMED_PIXEL,1,MATCH_RADIUS_500M,EXACT_TIME_COINCIDENCE,VERIFIED,7,0,TIER_1_CERTIFIED,GROUND_TRUTH_VERIFIED,NDMA_SATELLITE_CELL,COMPUTED_LEAKAGE_FREE,1,0,2.48,1.06,6.335
INC-0511,30.74,348.47,293.63,0.51,0.36,VIIRS_NOAA21,VIIRS,D,87.8,19.0979,72.89895,Urban / Developed,5.3,22.3,1.37,10.81,12.95,20.39,1397.1,0.242,24.2,0.29,26.5,36.3,29.3,0.0,0.0,21.4,130.4,39.6,-1.75,2,Winter,10,1,1,2,1,70.04,40.97,50.46,88.67,224.09,9.03,10.81,0,Municipal Infrastructure,Deonar Mumbai Periphery Thermal Anomaly Event #511,State Disaster Management & SPCB Field Report,https://ndma.gov.in/incident-log/inc-0511,CONFIRMED_PIXEL,1,MATCH_RADIUS_500M,EXACT_TIME_COINCIDENCE,VERIFIED,7,0,TIER_1_CERTIFIED,GROUND_TRUTH_VERIFIED,NDMA_SATELLITE_CELL,COMPUTED_LEAKAGE_FREE,1,0,3.81,3.13,2.476
INC-0512,44.03,311.68,301.49,0.4,0.53,VIIRS_SNPP,VIIRS,N,66.7,19.04647,72.90788,Urban / Developed,6.7,25.91,1.71,2.15,30.73,10.37,2038.9,0.131,13.1,0.157,15.8,29.5,20.8,0.0,0.0,36.0,225.3,30.0,-1.44,1,Winter,15,0,1,0,3,33.86,35.75,31.21,133.82,99.16,49.37,2.15,0,Municipal Infrastructure,Deonar Mumbai Periphery Thermal Anomaly Event #512,State Disaster Management & SPCB Field Report,https://ndma.gov.in/incident-log/inc-0512,CONFIRMED_PIXEL,1,MATCH_RADIUS_500M,EXACT_TIME_COINCIDENCE,VERIFIED,4,0,TIER_1_CERTIFIED,GROUND_TRUTH_VERIFIED,NDMA_SATELLITE_CELL,COMPUTED_LEAKAGE_FREE,1,0,0.52,1.35,4.888
INC-0513,11.24,357.7,302.67,0.36,0.54,VIIRS_SNPP,VIIRS,N,94.5,19.10084,72.9595,Barren / Open Soil,9.8,17.54,2.24,4.76,40.2,43.32,2793.2,0.17,17.0,0.204,22.6,27.2,69.6,3.15,13.61,21.9,157.4,32.6,-3.3,1,Winter,17,0,2,1,3,38.39,45.33,23.18,70.34,237.23,141.96,4.76,0,Municipal Infrastructure,Deonar Mumbai Periphery Thermal Anomaly Event #513,State Disaster Management & SPCB Field Report,https://ndma.gov.in/incident-log/inc-0513,CONFIRMED_PIXEL,1,MATCH_RADIUS_500M,EXACT_TIME_COINCIDENCE,VERIFIED,4,0,TIER_1_CERTIFIED,GROUND_TRUTH_VERIFIED,NDMA_SATELLITE_CELL,COMPUTED_LEAKAGE_FREE,1,0,2.4,0.16,2.684
INC-0514,44.07,325.93,301.58,1.37,1.51,MODIS_TERRA,MODIS,D,89.7,19.09122,72.87898,Urban / Developed,17.8,27.47,4.11,4.54,56.66,19.69,3378.0,0.273,27.3,0.327,39.8,42.1,24.3,0.0,0.0,13.4,205.2,33.6,1.11,2,Winter,15,0,0,3,4,59.99,42.76,55.75,87.59,233.52,69.16,4.54,0,Municipal Infrastructure,Deonar Mumbai Periphery Thermal Anomaly Event #514,State Disaster Management & SPCB Field Report,https://ndma.gov.in/incident-log/inc-0514,CONFIRMED_PIXEL,1,MATCH_RADIUS_500M,EXACT_TIME_COINCIDENCE,VERIFIED,4,0,TIER_1_CERTIFIED,GROUND_TRUTH_VERIFIED,NDMA_SATELLITE_CELL,COMPUTED_LEAKAGE_FREE,1,0,2.95,0.28,3.456
INC-0515,42.58,325.7,306.32,1.28,1.77,MODIS_TERRA,MODIS,N,66.8,19.05881,72.91786,Barren / Open Soil,12.7,10.0,3.25,13.86,17.86,19.89,1514.4,0.232,23.2,0.278,18.3,33.0,75.6,0.0,0.0,15.2,110.4,44.5,0.25,9,Monsoon,8,0,0,2,3,43.55,21.0,66.91,98.63,125.5,183.96,13.86,0,Municipal Infrastructure,Deonar Mumbai Periphery Thermal Anomaly Event #515,State Disaster Management & SPCB Field Report,https://ndma.gov.in/incident-log/inc-0515,CONFIRMED_PIXEL,1,MATCH_RADIUS_500M,EXACT_TIME_COINCIDENCE,VERIFIED,5,0,TIER_1_CERTIFIED,GROUND_TRUTH_VERIFIED,NDMA_SATELLITE_CELL,COMPUTED_LEAKAGE_FREE,1,0,3.1,2.65,8.593
INC-0516,30.69,323.91,303.44,0.35,0.4,VIIRS_NOAA21,VIIRS,D,85.5,19.0783,72.87199,Urban / Developed,7.2,15.4,2.02,6.49,49.34,17.07,4496.7,0.105,10.5,0.126,15.9,36.6,27.9,0.0,0.0,13.6,298.4,41.0,1.04,4,Summer,5,0,1,1,2,59.33,46.02,34.27,90.4,55.9,164.33,6.49,0,Municipal Infrastructure,Deonar Mumbai Periphery Thermal Anomaly Event #516,State Disaster Management & SPCB Field Report,https://ndma.gov.in/incident-log/inc-0516,CONFIRMED_PIXEL,1,MATCH_RADIUS_500M,EXACT_TIME_COINCIDENCE,VERIFIED,6,0,TIER_1_CERTIFIED,GROUND_TRUTH_VERIFIED,NDMA_SATELLITE_CELL,COMPUTED_LEAKAGE_FREE,1,0,3.11,0.65,11.856
INC-0517,35.58,329.37,302.62,0.5,0.48,VIIRS_NOAA20,VIIRS,N,77.6,19.0458,72.86674,Barren / Open Soil,16.6,10.56,2.3,9.08,26.7,19.44,857.3,0.24,24.0,0.288,12.8,26.9,18.3,0.0,0.0,4.1,282.2,8.1,-1.03,6,Monsoon,13,0,1,1,6,33.31,19.11,61.69,38.8,234.74,137.66,9.08,0,Municipal Infrastructure,Deonar Mumbai Periphery Thermal Anomaly Event #517,State Disaster Management & SPCB Field Report,https://ndma.gov.in/incident-log/inc-0517,CONFIRMED_PIXEL,1,MATCH_RADIUS_500M,EXACT_TIME_COINCIDENCE,VERIFIED,4,0,TIER_1_CERTIFIED,GROUND_TRUTH_VERIFIED,NDMA_SATELLITE_CELL,COMPUTED_LEAKAGE_FREE,1,0,2.32,1.67,11.904
INC-0518,21.0,318.06,306.77,0.52,0.5,VIIRS_NOAA20,VIIRS,N,86.4,19.03311,72.94198,Barren / Open Soil,28.9,10.03,3.53,7.53,50.57,42.0,3887.0,0.251,25.1,0.301,25.9,27.2,44.4,0.0,0.0,9.8,105.8,5.8,-0.9,10,Post-Monsoon,4,0,1,0,6,54.03,39.26,18.11,132.02,162.05,25.19,7.53,0,Municipal Infrastructure,Deonar Mumbai Periphery Thermal Anomaly Event #518,State Disaster Management & SPCB Field Report,https://ndma.gov.in/incident-log/inc-0518,CONFIRMED_PIXEL,1,MATCH_RADIUS_500M,EXACT_TIME_COINCIDENCE,VERIFIED,4,0,TIER_1_CERTIFIED,GROUND_TRUTH_VERIFIED,NDMA_SATELLITE_CELL,COMPUTED_LEAKAGE_FREE,1,0,0.79,0.9,5.36
INC-0519,36.19,324.89,293.34,0.45,0.35,VIIRS_NOAA20,VIIRS,D,95.8,19.14099,72.90952,Urban / Developed,30.7,10.04,1.82,7.97,55.34,40.26,3624.7,0.126,12.6,0.151,34.4,39.0,82.8,0.0,0.0,27.6,206.7,9.8,-2.59,11,Post-Monsoon,16,1,1,1,3,61.71,10.96,33.78,58.35,186.47,198.1,7.97,0,Municipal Infrastructure,Deonar Mumbai Periphery Thermal Anomaly Event #519,State Disaster Management & SPCB Field Report,https://ndma.gov.in/incident-log/inc-0519,CONFIRMED_PIXEL,1,MATCH_RADIUS_500M,EXACT_TIME_COINCIDENCE,VERIFIED,7,0,TIER_1_CERTIFIED,GROUND_TRUTH_VERIFIED,NDMA_SATELLITE_CELL,COMPUTED_LEAKAGE_FREE,1,0,4.19,0.39,6.231
INC-0520,10.31,331.72,298.83,0.42,0.41,VIIRS_NOAA21,VIIRS,N,97.6,19.12133,72.93661,Barren / Open Soil,28.7,29.27,1.6,14.31,44.61,23.13,3343.3,0.182,18.2,0.218,16.7,30.8,46.2,0.0,0.0,4.6,40.9,28.3,0.87,11,Post-Monsoon,7,0,2,1,6,63.08,46.01,24.91,49.09,89.2,163.67,14.31,0,Municipal Infrastructure,Deonar Mumbai Periphery Thermal Anomaly Event #520,State Disaster Management & SPCB Field Report,https://ndma.gov.in/incident-log/inc-0520,CONFIRMED_PIXEL,1,MATCH_RADIUS_500M,EXACT_TIME_COINCIDENCE,VERIFIED,5,0,TIER_1_CERTIFIED,GROUND_TRUTH_VERIFIED,NDMA_SATELLITE_CELL,COMPUTED_LEAKAGE_FREE,1,0,0.92,1.69,10.29
